
===========================================================================
report_checks -unconstrained
===========================================================================
======================= min_ss_125C_4v50 Corner ===================================

Startpoint: _14847_ (rising edge-triggered flip-flop clocked by clk)
Endpoint: _14601_ (recovery check against rising-edge clock clk)
Path Group: asynchronous
Path Type: max

Fanout         Cap        Slew       Delay        Time   Description
---------------------------------------------------------------------------------------------
                                  0.000000    0.000000   clock clk (rise edge)
                                  0.000000    0.000000   clock source latency
     2    0.089271    0.000000    0.000000    0.000000 ^ clk (in)
                                                         clk (net)
                      0.022142    0.009057    0.009057 ^ clkbuf_0_clk/I (gf180mcu_fd_sc_mcu7t5v0__clkbuf_16)
     8    0.201364    0.437204    0.568924    0.577981 ^ clkbuf_0_clk/Z (gf180mcu_fd_sc_mcu7t5v0__clkbuf_16)
                                                         clknet_0_clk (net)
                      0.437258    0.007301    0.585282 ^ clkbuf_3_0_0_clk/I (gf180mcu_fd_sc_mcu7t5v0__clkbuf_8)
     2    0.068390    0.333153    0.582899    1.168181 ^ clkbuf_3_0_0_clk/Z (gf180mcu_fd_sc_mcu7t5v0__clkbuf_8)
                                                         clknet_3_0_0_clk (net)
                      0.333154    0.001781    1.169962 ^ clkbuf_4_1__f_clk/I (gf180mcu_fd_sc_mcu7t5v0__clkbuf_16)
     5    0.093498    0.270405    0.525188    1.695150 ^ clkbuf_4_1__f_clk/Z (gf180mcu_fd_sc_mcu7t5v0__clkbuf_16)
                                                         clknet_4_1__leaf_clk (net)
                      0.270413    0.002682    1.697831 ^ clkbuf_leaf_2_clk/I (gf180mcu_fd_sc_mcu7t5v0__clkbuf_8)
    20    0.096179    0.417847    0.600643    2.298474 ^ clkbuf_leaf_2_clk/Z (gf180mcu_fd_sc_mcu7t5v0__clkbuf_8)
                                                         clknet_leaf_2_clk (net)
                      0.417855    0.002909    2.301383 ^ _14847_/CLK (gf180mcu_fd_sc_mcu7t5v0__dffrnq_1)
     2    0.013356    0.529199    1.887366    4.188749 ^ _14847_/Q (gf180mcu_fd_sc_mcu7t5v0__dffrnq_1)
                                                         rst_n_fir (net)
                      0.529199    0.000289    4.189038 ^ max_length894/I (gf180mcu_fd_sc_mcu7t5v0__clkbuf_1)
     1    0.024032    0.735645    0.742756    4.931794 ^ max_length894/Z (gf180mcu_fd_sc_mcu7t5v0__clkbuf_1)
                                                         net893 (net)
                      0.735646    0.001215    4.933009 ^ wire575/I (gf180mcu_fd_sc_mcu7t5v0__clkbuf_1)
     1    0.030501    0.910463    0.871688    5.804697 ^ wire575/Z (gf180mcu_fd_sc_mcu7t5v0__clkbuf_1)
                                                         net575 (net)
                      0.910474    0.001752    5.806449 ^ fanout573/I (gf180mcu_fd_sc_mcu7t5v0__dlyb_1)
     5    0.058484    1.686418    2.610154    8.416604 ^ fanout573/Z (gf180mcu_fd_sc_mcu7t5v0__dlyb_1)
                                                         net573 (net)
                      1.686435    0.003015    8.419619 ^ fanout560/I (gf180mcu_fd_sc_mcu7t5v0__dlyb_1)
     4    0.045479    1.338482    2.416551   10.836169 ^ fanout560/Z (gf180mcu_fd_sc_mcu7t5v0__dlyb_1)
                                                         net560 (net)
                      1.338482    0.000544   10.836714 ^ max_length561/I (gf180mcu_fd_sc_mcu7t5v0__buf_2)
     2    0.021440    0.375926    0.553992   11.390706 ^ max_length561/Z (gf180mcu_fd_sc_mcu7t5v0__buf_2)
                                                         net561 (net)
                      0.375927    0.000541   11.391248 ^ wire819/I (gf180mcu_fd_sc_mcu7t5v0__buf_1)
     3    0.034396    1.027222    0.880597   12.271844 ^ wire819/Z (gf180mcu_fd_sc_mcu7t5v0__buf_1)
                                                         net818 (net)
                      1.027222    0.000702   12.272546 ^ fanout545/I (gf180mcu_fd_sc_mcu7t5v0__dlyb_1)
    10    0.082155    2.326222    2.984478   15.257025 ^ fanout545/Z (gf180mcu_fd_sc_mcu7t5v0__dlyb_1)
                                                         net545 (net)
                      2.326222    0.001034   15.258059 ^ fanout544/I (gf180mcu_fd_sc_mcu7t5v0__dlyb_1)
     5    0.043689    1.291163    2.370381   17.628439 ^ fanout544/Z (gf180mcu_fd_sc_mcu7t5v0__dlyb_1)
                                                         net544 (net)
                      1.291163    0.000815   17.629255 ^ fanout543/I (gf180mcu_fd_sc_mcu7t5v0__dlyb_1)
     7    0.064165    1.839629    2.707269   20.336525 ^ fanout543/Z (gf180mcu_fd_sc_mcu7t5v0__dlyb_1)
                                                         net543 (net)
                      1.839629    0.000755   20.337278 ^ _14601_/RN (gf180mcu_fd_sc_mcu7t5v0__dffrnq_1)
                                             20.337278   data arrival time

                                 62.500000   62.500000   clock clk (rise edge)
                                  0.000000   62.500000   clock source latency
     2    0.089271    0.000000    0.000000   62.500000 ^ clk (in)
                                                         clk (net)
                      0.022142    0.009059   62.509060 ^ clkbuf_0_clk/I (gf180mcu_fd_sc_mcu7t5v0__clkbuf_16)
     8    0.201364    0.437204    0.568924   63.077984 ^ clkbuf_0_clk/Z (gf180mcu_fd_sc_mcu7t5v0__clkbuf_16)
                                                         clknet_0_clk (net)
                      0.437260    0.007439   63.085426 ^ clkbuf_3_7_0_clk/I (gf180mcu_fd_sc_mcu7t5v0__clkbuf_8)
     2    0.067742    0.331145    0.581593   63.667019 ^ clkbuf_3_7_0_clk/Z (gf180mcu_fd_sc_mcu7t5v0__clkbuf_8)
                                                         clknet_3_7_0_clk (net)
                      0.331147    0.001897   63.668915 ^ clkbuf_4_14__f_clk/I (gf180mcu_fd_sc_mcu7t5v0__clkbuf_16)
     5    0.084444    0.256977    0.514525   64.183441 ^ clkbuf_4_14__f_clk/Z (gf180mcu_fd_sc_mcu7t5v0__clkbuf_16)
                                                         clknet_4_14__leaf_clk (net)
                      0.256977    0.000959   64.184402 ^ clkbuf_leaf_30_clk/I (gf180mcu_fd_sc_mcu7t5v0__clkbuf_8)
    18    0.094488    0.413009    0.594810   64.779213 ^ clkbuf_leaf_30_clk/Z (gf180mcu_fd_sc_mcu7t5v0__clkbuf_8)
                                                         clknet_leaf_30_clk (net)
                      0.413013    0.002061   64.781273 ^ _14601_/CLK (gf180mcu_fd_sc_mcu7t5v0__dffrnq_1)
                                 -0.250000   64.531273   clock uncertainty
                                  0.000000   64.531273   clock reconvergence pessimism
                                  0.203125   64.734398   library recovery time
                                             64.734398   data required time
---------------------------------------------------------------------------------------------
                                             64.734398   data required time
                                            -20.337278   data arrival time
---------------------------------------------------------------------------------------------
                                             44.397118   slack (MET)


Startpoint: _14873_ (rising edge-triggered flip-flop clocked by clk)
Endpoint: _14893_ (rising edge-triggered flip-flop clocked by clk)
Path Group: clk
Path Type: max

Fanout         Cap        Slew       Delay        Time   Description
---------------------------------------------------------------------------------------------
                                  0.000000    0.000000   clock clk (rise edge)
                                  0.000000    0.000000   clock source latency
     2    0.089271    0.000000    0.000000    0.000000 ^ clk (in)
                                                         clk (net)
                      0.022142    0.009057    0.009057 ^ clkbuf_0_clk/I (gf180mcu_fd_sc_mcu7t5v0__clkbuf_16)
     8    0.201364    0.437204    0.568924    0.577981 ^ clkbuf_0_clk/Z (gf180mcu_fd_sc_mcu7t5v0__clkbuf_16)
                                                         clknet_0_clk (net)
                      0.437260    0.007443    0.585424 ^ clkbuf_3_7_0_clk/I (gf180mcu_fd_sc_mcu7t5v0__clkbuf_8)
     2    0.067742    0.331145    0.581589    1.167013 ^ clkbuf_3_7_0_clk/Z (gf180mcu_fd_sc_mcu7t5v0__clkbuf_8)
                                                         clknet_3_7_0_clk (net)
                      0.331147    0.001902    1.168916 ^ clkbuf_4_14__f_clk/I (gf180mcu_fd_sc_mcu7t5v0__clkbuf_16)
     5    0.084444    0.256977    0.514521    1.683437 ^ clkbuf_4_14__f_clk/Z (gf180mcu_fd_sc_mcu7t5v0__clkbuf_16)
                                                         clknet_4_14__leaf_clk (net)
                      0.256977    0.001031    1.684467 ^ clkbuf_leaf_56_clk/I (gf180mcu_fd_sc_mcu7t5v0__clkbuf_8)
     7    0.107450    0.454007    0.621311    2.305779 ^ clkbuf_leaf_56_clk/Z (gf180mcu_fd_sc_mcu7t5v0__clkbuf_8)
                                                         clknet_leaf_56_clk (net)
                      0.454007    0.000243    2.306022 ^ _14873_/CLK (gf180mcu_fd_sc_mcu7t5v0__dffrnq_1)
     3    0.015653    0.352295    1.477220    3.783242 v _14873_/Q (gf180mcu_fd_sc_mcu7t5v0__dffrnq_1)
                                                         fir_inst.control.cnt[0] (net)
                      0.352295    0.000111    3.783353 v max_length365/I (gf180mcu_fd_sc_mcu7t5v0__buf_2)
     1    0.006459    0.148215    0.408251    4.191604 v max_length365/Z (gf180mcu_fd_sc_mcu7t5v0__buf_2)
                                                         net365 (net)
                      0.148215    0.000137    4.191741 v wire864/I (gf180mcu_fd_sc_mcu7t5v0__clkbuf_1)
     1    0.034469    0.962224    0.829874    5.021615 v wire864/Z (gf180mcu_fd_sc_mcu7t5v0__clkbuf_1)
                                                         net863 (net)
                      0.962236    0.001928    5.023542 v fanout359/I (gf180mcu_fd_sc_mcu7t5v0__dlyb_1)
     5    0.067835    1.310053    2.968302    7.991844 v fanout359/Z (gf180mcu_fd_sc_mcu7t5v0__dlyb_1)
                                                         net359 (net)
                      1.310053    0.001183    7.993027 v fanout355/I (gf180mcu_fd_sc_mcu7t5v0__dlyb_1)
    10    0.094249    1.693513    3.367476   11.360503 v fanout355/Z (gf180mcu_fd_sc_mcu7t5v0__dlyb_1)
                                                         net355 (net)
                      1.693543    0.004092   11.364594 v fanout353/I (gf180mcu_fd_sc_mcu7t5v0__dlyb_1)
    10    0.100448    1.779960    3.561423   14.926018 v fanout353/Z (gf180mcu_fd_sc_mcu7t5v0__dlyb_1)
                                                         net353 (net)
                      1.779960    0.000933   14.926950 v _06842_/I (gf180mcu_fd_sc_mcu7t5v0__clkinv_1)
     3    0.016173    0.805000    0.763411   15.690361 ^ _06842_/ZN (gf180mcu_fd_sc_mcu7t5v0__clkinv_1)
                                                         _01305_ (net)
                      0.805000    0.000297   15.690659 ^ _06855_/A2 (gf180mcu_fd_sc_mcu7t5v0__nand2_1)
     5    0.051973    1.437557    0.986962   16.677620 v _06855_/ZN (gf180mcu_fd_sc_mcu7t5v0__nand2_1)
                                                         _01318_ (net)
                      1.437557    0.001320   16.678940 v _06856_/I (gf180mcu_fd_sc_mcu7t5v0__buf_1)
    10    0.093161    1.541428    1.722809   18.401749 v _06856_/Z (gf180mcu_fd_sc_mcu7t5v0__buf_1)
                                                         _01319_ (net)
                      1.541428    0.000567   18.402315 v _06857_/I (gf180mcu_fd_sc_mcu7t5v0__buf_1)
    10    0.085534    1.422454    1.677361   20.079676 v _06857_/Z (gf180mcu_fd_sc_mcu7t5v0__buf_1)
                                                         _01320_ (net)
                      1.422460    0.001609   20.081285 v _07047_/A2 (gf180mcu_fd_sc_mcu7t5v0__aoi21_1)
     4    0.032446    2.178293    1.595460   21.676744 ^ _07047_/ZN (gf180mcu_fd_sc_mcu7t5v0__aoi21_1)
                                                         _01509_ (net)
                      2.178293    0.000441   21.677185 ^ _07048_/I (gf180mcu_fd_sc_mcu7t5v0__buf_2)
     3    0.035392    0.564364    0.683256   22.360441 ^ _07048_/Z (gf180mcu_fd_sc_mcu7t5v0__buf_2)
                                                         _01510_ (net)
                      0.564364    0.001060   22.361502 ^ wire703/I (gf180mcu_fd_sc_mcu7t5v0__buf_2)
     8    0.077173    1.109446    0.930212   23.291714 ^ wire703/Z (gf180mcu_fd_sc_mcu7t5v0__buf_2)
                                                         net702 (net)
                      1.109470    0.002904   23.294619 ^ _07049_/I (gf180mcu_fd_sc_mcu7t5v0__buf_2)
     5    0.053407    0.793096    0.790982   24.085600 ^ _07049_/Z (gf180mcu_fd_sc_mcu7t5v0__buf_2)
                                                         _01511_ (net)
                      0.793096    0.000711   24.086311 ^ _07125_/I (gf180mcu_fd_sc_mcu7t5v0__buf_1)
     1    0.016875    0.560327    0.658947   24.745256 ^ _07125_/Z (gf180mcu_fd_sc_mcu7t5v0__buf_1)
                                                         _01586_ (net)
                      0.560327    0.000760   24.746017 ^ wire684/I (gf180mcu_fd_sc_mcu7t5v0__buf_2)
     7    0.065157    0.947167    0.837423   25.583441 ^ wire684/Z (gf180mcu_fd_sc_mcu7t5v0__buf_2)
                                                         net683 (net)
                      0.947226    0.004125   25.587564 ^ _07389_/I (gf180mcu_fd_sc_mcu7t5v0__buf_1)
     6    0.051071    1.479616    1.201808   26.789373 ^ _07389_/Z (gf180mcu_fd_sc_mcu7t5v0__buf_1)
                                                         _01846_ (net)
                      1.479616    0.000885   26.790258 ^ wire679/I (gf180mcu_fd_sc_mcu7t5v0__buf_2)
     5    0.057514    0.849205    0.836229   27.626486 ^ wire679/Z (gf180mcu_fd_sc_mcu7t5v0__buf_2)
                                                         net678 (net)
                      0.849255    0.003640   27.630127 ^ _07392_/B1 (gf180mcu_fd_sc_mcu7t5v0__aoi222_1)
     1    0.015494    1.141622    0.651543   28.281670 v _07392_/ZN (gf180mcu_fd_sc_mcu7t5v0__aoi222_1)
                                                         _01849_ (net)
                      1.141622    0.000647   28.282316 v _07395_/I0 (gf180mcu_fd_sc_mcu7t5v0__mux2_2)
     1    0.006467    0.273773    0.858631   29.140947 v _07395_/Z (gf180mcu_fd_sc_mcu7t5v0__mux2_2)
                                                         _01852_ (net)
                      0.273773    0.000131   29.141077 v _07403_/A2 (gf180mcu_fd_sc_mcu7t5v0__aoi211_1)
     1    0.012526    1.687132    0.924647   30.065725 ^ _07403_/ZN (gf180mcu_fd_sc_mcu7t5v0__aoi211_1)
                                                         _01860_ (net)
                      1.687132    0.000366   30.066092 ^ _07404_/B (gf180mcu_fd_sc_mcu7t5v0__aoi21_1)
     3    0.038468    1.385111    1.164853   31.230944 v _07404_/ZN (gf180mcu_fd_sc_mcu7t5v0__aoi21_1)
                                                         _01861_ (net)
                      1.385113    0.002061   31.233006 v _07444_/A1 (gf180mcu_fd_sc_mcu7t5v0__and2_1)
     1    0.005342    0.243526    0.776378   32.009384 v _07444_/Z (gf180mcu_fd_sc_mcu7t5v0__and2_1)
                                                         _01900_ (net)
                      0.243526    0.000057   32.009441 v _07446_/A3 (gf180mcu_fd_sc_mcu7t5v0__oai31_1)
     2    0.011942    1.704540    1.162380   33.171822 ^ _07446_/ZN (gf180mcu_fd_sc_mcu7t5v0__oai31_1)
                                                         _01902_ (net)
                      1.704540    0.000114   33.171932 ^ _07521_/A1 (gf180mcu_fd_sc_mcu7t5v0__aoi21_1)
     2    0.013670    0.746015    0.507171   33.679104 v _07521_/ZN (gf180mcu_fd_sc_mcu7t5v0__aoi21_1)
                                                         _01976_ (net)
                      0.746015    0.000249   33.679352 v _07584_/A1 (gf180mcu_fd_sc_mcu7t5v0__oai21_1)
     3    0.018701    1.278931    0.937369   34.616722 ^ _07584_/ZN (gf180mcu_fd_sc_mcu7t5v0__oai21_1)
                                                         _02038_ (net)
                      1.278931    0.000163   34.616886 ^ _07706_/A1 (gf180mcu_fd_sc_mcu7t5v0__oai221_1)
     1    0.004046    0.638909    0.478657   35.095543 v _07706_/ZN (gf180mcu_fd_sc_mcu7t5v0__oai221_1)
                                                         _02158_ (net)
                      0.638909    0.000075   35.095619 v _07708_/A1 (gf180mcu_fd_sc_mcu7t5v0__and2_1)
     3    0.018400    0.403395    0.746603   35.842220 v _07708_/Z (gf180mcu_fd_sc_mcu7t5v0__and2_1)
                                                         _02160_ (net)
                      0.403395    0.000128   35.842350 v _07829_/A1 (gf180mcu_fd_sc_mcu7t5v0__oai211_1)
     1    0.005337    0.745103    0.485905   36.328255 ^ _07829_/ZN (gf180mcu_fd_sc_mcu7t5v0__oai211_1)
                                                         _02279_ (net)
                      0.745103    0.000053   36.328308 ^ _07830_/B (gf180mcu_fd_sc_mcu7t5v0__oai21_1)
     2    0.013931    0.850473    0.500798   36.829105 v _07830_/ZN (gf180mcu_fd_sc_mcu7t5v0__oai21_1)
                                                         _02280_ (net)
                      0.850473    0.000345   36.829449 v _07887_/A1 (gf180mcu_fd_sc_mcu7t5v0__oai21_1)
     3    0.021909    1.451869    1.064048   37.893497 ^ _07887_/ZN (gf180mcu_fd_sc_mcu7t5v0__oai21_1)
                                                         _02336_ (net)
                      1.451869    0.000334   37.893833 ^ _07937_/A1 (gf180mcu_fd_sc_mcu7t5v0__xor2_1)
     1    0.005633    0.689241    0.824617   38.718449 ^ _07937_/Z (gf180mcu_fd_sc_mcu7t5v0__xor2_1)
                                                         _02386_ (net)
                      0.689241    0.000121   38.718571 ^ _07938_/I (gf180mcu_fd_sc_mcu7t5v0__buf_1)
     1    0.003465    0.218821    0.438352   39.156921 ^ _07938_/Z (gf180mcu_fd_sc_mcu7t5v0__buf_1)
                                                         fir_inst.delay_line.sample_o[15] (net)
                      0.218821    0.000064   39.156986 ^ _14893_/D (gf180mcu_fd_sc_mcu7t5v0__dffrnq_1)
                                             39.156986   data arrival time

                                 62.500000   62.500000   clock clk (rise edge)
                                  0.000000   62.500000   clock source latency
     2    0.089271    0.000000    0.000000   62.500000 ^ clk (in)
                                                         clk (net)
                      0.022142    0.009059   62.509060 ^ clkbuf_0_clk/I (gf180mcu_fd_sc_mcu7t5v0__clkbuf_16)
     8    0.201364    0.437204    0.568924   63.077984 ^ clkbuf_0_clk/Z (gf180mcu_fd_sc_mcu7t5v0__clkbuf_16)
                                                         clknet_0_clk (net)
                      0.437231    0.005173   63.083157 ^ clkbuf_3_6_0_clk/I (gf180mcu_fd_sc_mcu7t5v0__clkbuf_8)
     2    0.070760    0.340511    0.587697   63.670856 ^ clkbuf_3_6_0_clk/Z (gf180mcu_fd_sc_mcu7t5v0__clkbuf_8)
                                                         clknet_3_6_0_clk (net)
                      0.340512    0.001691   63.672546 ^ clkbuf_4_12__f_clk/I (gf180mcu_fd_sc_mcu7t5v0__clkbuf_16)
     5    0.088328    0.262846    0.521204   64.193748 ^ clkbuf_4_12__f_clk/Z (gf180mcu_fd_sc_mcu7t5v0__clkbuf_16)
                                                         clknet_4_12__leaf_clk (net)
                      0.262847    0.001243   64.194992 ^ clkbuf_leaf_28_clk/I (gf180mcu_fd_sc_mcu7t5v0__clkbuf_8)
    17    0.092292    0.406147    0.591633   64.786629 ^ clkbuf_leaf_28_clk/Z (gf180mcu_fd_sc_mcu7t5v0__clkbuf_8)
                                                         clknet_leaf_28_clk (net)
                      0.406152    0.002146   64.788773 ^ _14893_/CLK (gf180mcu_fd_sc_mcu7t5v0__dffrnq_1)
                                 -0.250000   64.538773   clock uncertainty
                                  0.000000   64.538773   clock reconvergence pessimism
                                 -0.549243   63.989532   library setup time
                                             63.989532   data required time
---------------------------------------------------------------------------------------------
                                             63.989532   data required time
                                            -39.156986   data arrival time
---------------------------------------------------------------------------------------------
                                             24.832550   slack (MET)




===========================================================================
report_checks --slack_max -0.01
============================================================================
======================= min_ss_125C_4v50 Corner ===================================

No paths found.


===========================================================================
 report_check_types -max_slew -max_cap -max_fanout -violators
============================================================================
======================= min_ss_125C_4v50 Corner ===================================

max slew

Pin                                        Limit        Slew       Slack
------------------------------------------------------------------------
_07244_/ZN                              2.500000    3.904344   -1.404344 (VIOLATED)
_07245_/A2                              2.500000    3.904344   -1.404344 (VIOLATED)
_07104_/ZN                              2.500000    3.651748   -1.151748 (VIOLATED)
_07105_/A2                              2.500000    3.651748   -1.151748 (VIOLATED)
_07174_/A2                              2.500000    3.651748   -1.151748 (VIOLATED)
_08064_/ZN                              2.500000    3.440610   -0.940610 (VIOLATED)
_08069_/I3                              2.500000    3.440610   -0.940610 (VIOLATED)
_06866_/I                               2.500000    3.432545   -0.932545 (VIOLATED)
_07203_/C                               2.500000    3.432544   -0.932545 (VIOLATED)
_07409_/A1                              2.500000    3.432544   -0.932544 (VIOLATED)
_06863_/C                               2.500000    3.432543   -0.932543 (VIOLATED)
_07223_/B2                              2.500000    3.432543   -0.932543 (VIOLATED)
_07355_/B2                              2.500000    3.432543   -0.932543 (VIOLATED)
_07413_/B2                              2.500000    3.432542   -0.932542 (VIOLATED)
_06862_/Z                               2.500000    3.432531   -0.932531 (VIOLATED)
_06874_/A1                              2.500000    3.432531   -0.932531 (VIOLATED)
_06958_/A1                              2.500000    3.432531   -0.932531 (VIOLATED)
_07344_/B                               2.500000    3.432531   -0.932531 (VIOLATED)
_07171_/ZN                              2.500000    3.366430   -0.866430 (VIOLATED)
_07172_/A2                              2.500000    3.366430   -0.866430 (VIOLATED)
_09725_/ZN                              2.500000    3.303241   -0.803241 (VIOLATED)
_09726_/A2                              2.500000    3.303241   -0.803241 (VIOLATED)
_13301_/A2                              2.500000    3.303241   -0.803241 (VIOLATED)
_10021_/A2                              2.500000    3.302428   -0.802428 (VIOLATED)
_10116_/A2                              2.500000    3.302428   -0.802428 (VIOLATED)
_10247_/A2                              2.500000    3.302427   -0.802427 (VIOLATED)
_10583_/A2                              2.500000    3.302426   -0.802426 (VIOLATED)
_10080_/A2                              2.500000    3.302425   -0.802425 (VIOLATED)
_10347_/A2                              2.500000    3.302420   -0.802420 (VIOLATED)
_10018_/Z                               2.500000    3.302408   -0.802408 (VIOLATED)
_10019_/A2                              2.500000    3.302408   -0.802408 (VIOLATED)
_10023_/A2                              2.500000    3.302408   -0.802408 (VIOLATED)
_10095_/A2                              2.500000    3.302408   -0.802408 (VIOLATED)
_10482_/A2                              2.500000    3.302408   -0.802408 (VIOLATED)
_08091_/ZN                              2.500000    3.279251   -0.779251 (VIOLATED)
_08092_/I3                              2.500000    3.279251   -0.779251 (VIOLATED)
_06870_/ZN                              2.500000    3.266437   -0.766437 (VIOLATED)
_06871_/C                               2.500000    3.266437   -0.766437 (VIOLATED)
_06881_/A2                              2.500000    3.266437   -0.766437 (VIOLATED)
_06947_/A2                              2.500000    3.266437   -0.766437 (VIOLATED)
_06957_/A1                              2.500000    3.266437   -0.766437 (VIOLATED)
_07046_/I                               2.500000    3.266437   -0.766437 (VIOLATED)
_07267_/A1                              2.500000    3.266437   -0.766437 (VIOLATED)
_07923_/B2                              2.500000    3.238907   -0.738907 (VIOLATED)
_07812_/B2                              2.500000    3.238906   -0.738906 (VIOLATED)
_07850_/B2                              2.500000    3.238906   -0.738906 (VIOLATED)
_07756_/B2                              2.500000    3.238903   -0.738903 (VIOLATED)
_07687_/B2                              2.500000    3.238899   -0.738899 (VIOLATED)
_07420_/B2                              2.500000    3.238892   -0.738892 (VIOLATED)
_07624_/B2                              2.500000    3.238889   -0.738889 (VIOLATED)
_07539_/B                               2.500000    3.238887   -0.738887 (VIOLATED)
_06866_/Z                               2.500000    3.238877   -0.738877 (VIOLATED)
_06876_/A1                              2.500000    3.238877   -0.738877 (VIOLATED)
_07491_/A2                              2.500000    3.238877   -0.738877 (VIOLATED)
_13066_/A1                              2.500000    3.215680   -0.715680 (VIOLATED)
_13068_/A1                              2.500000    3.215680   -0.715680 (VIOLATED)
_12932_/B1                              2.500000    3.215679   -0.715679 (VIOLATED)
_12934_/A2                              2.500000    3.215679   -0.715679 (VIOLATED)
_12933_/A2                              2.500000    3.215677   -0.715678 (VIOLATED)
_12998_/A3                              2.500000    3.215677   -0.715677 (VIOLATED)
_12807_/A2                              2.500000    3.215675   -0.715675 (VIOLATED)
_12702_/I                               2.500000    3.215665   -0.715665 (VIOLATED)
_12808_/A2                              2.500000    3.215665   -0.715665 (VIOLATED)
_12878_/A2                              2.500000    3.215665   -0.715665 (VIOLATED)
fanout281/Z                             2.500000    3.215665   -0.715665 (VIOLATED)
_14396_/RN                              2.500000    3.097266   -0.597266 (VIOLATED)
_14411_/RN                              2.500000    3.097265   -0.597265 (VIOLATED)
_14315_/RN                              2.500000    3.097261   -0.597261 (VIOLATED)
_14348_/RN                              2.500000    3.097261   -0.597261 (VIOLATED)
_14268_/RN                              2.500000    3.097260   -0.597260 (VIOLATED)
_14362_/RN                              2.500000    3.097259   -0.597259 (VIOLATED)
_14378_/RN                              2.500000    3.097254   -0.597254 (VIOLATED)
_14266_/RN                              2.500000    3.097243   -0.597243 (VIOLATED)
_14346_/RN                              2.500000    3.097243   -0.597243 (VIOLATED)
fanout488/I                             2.500000    3.097243   -0.597243 (VIOLATED)
fanout489/Z                             2.500000    3.097243   -0.597243 (VIOLATED)
_08140_/ZN                              2.500000    3.092277   -0.592277 (VIOLATED)
_08141_/I3                              2.500000    3.092277   -0.592277 (VIOLATED)
_08086_/ZN                              2.500000    3.086546   -0.586546 (VIOLATED)
_08092_/I2                              2.500000    3.086546   -0.586546 (VIOLATED)
_10255_/A2                              2.500000    3.072085   -0.572085 (VIOLATED)
_10253_/A2                              2.500000    3.072083   -0.572083 (VIOLATED)
_10082_/A2                              2.500000    3.072076   -0.572076 (VIOLATED)
_10213_/A2                              2.500000    3.072073   -0.572073 (VIOLATED)
_10012_/A2                              2.500000    3.072068   -0.572068 (VIOLATED)
_10046_/A2                              2.500000    3.072068   -0.572068 (VIOLATED)
_10011_/Z                               2.500000    3.072057   -0.572058 (VIOLATED)
_10061_/A2                              2.500000    3.072057   -0.572058 (VIOLATED)
_10249_/A2                              2.500000    3.072057   -0.572058 (VIOLATED)
_10313_/A2                              2.500000    3.072057   -0.572058 (VIOLATED)
_10449_/A2                              2.500000    3.072057   -0.572058 (VIOLATED)
_07092_/A2                              2.500000    3.043480   -0.543480 (VIOLATED)
_07152_/B2                              2.500000    3.043478   -0.543478 (VIOLATED)
_07348_/B2                              2.500000    3.043478   -0.543478 (VIOLATED)
_07226_/B2                              2.500000    3.043477   -0.543477 (VIOLATED)
_07074_/A1                              2.500000    3.043473   -0.543473 (VIOLATED)
_06823_/Z                               2.500000    3.043460   -0.543460 (VIOLATED)
_06827_/A1                              2.500000    3.043460   -0.543460 (VIOLATED)
_06957_/C                               2.500000    3.043460   -0.543460 (VIOLATED)
_06993_/B2                              2.500000    3.043460   -0.543460 (VIOLATED)
_07041_/I                               2.500000    3.043460   -0.543460 (VIOLATED)
_07503_/A1                              2.500000    3.043460   -0.543460 (VIOLATED)
_07542_/A1                              2.500000    2.986475   -0.486474 (VIOLATED)
_07544_/A1                              2.500000    2.986475   -0.486474 (VIOLATED)
_07548_/S                               2.500000    2.986475   -0.486474 (VIOLATED)
_07602_/A1                              2.500000    2.986475   -0.486474 (VIOLATED)
_07605_/C                               2.500000    2.986475   -0.486474 (VIOLATED)
_07610_/S                               2.500000    2.986475   -0.486474 (VIOLATED)
_07613_/A2                              2.500000    2.986475   -0.486474 (VIOLATED)
_07614_/A2                              2.500000    2.986475   -0.486474 (VIOLATED)
_07668_/S                               2.500000    2.986475   -0.486474 (VIOLATED)
_07737_/S                               2.500000    2.986475   -0.486474 (VIOLATED)
fanout356/Z                             2.500000    2.986475   -0.486474 (VIOLATED)
_07764_/A2                              2.500000    2.958759   -0.458759 (VIOLATED)
_07760_/A2                              2.500000    2.958758   -0.458758 (VIOLATED)
_07691_/A2                              2.500000    2.958755   -0.458755 (VIOLATED)
_07684_/A2                              2.500000    2.958753   -0.458753 (VIOLATED)
_07749_/I                               2.500000    2.958751   -0.458751 (VIOLATED)
_07184_/Z                               2.500000    2.958739   -0.458739 (VIOLATED)
_07191_/A2                              2.500000    2.958739   -0.458739 (VIOLATED)
_07195_/A2                              2.500000    2.958739   -0.458739 (VIOLATED)
_07453_/A2                              2.500000    2.958739   -0.458739 (VIOLATED)
_07457_/A2                              2.500000    2.958739   -0.458739 (VIOLATED)
_07695_/A2                              2.500000    2.958739   -0.458739 (VIOLATED)
_09208_/I                               2.500000    2.958506   -0.458506 (VIOLATED)
_09571_/A1                              2.500000    2.958503   -0.458503 (VIOLATED)
_09153_/Z                               2.500000    2.958491   -0.458491 (VIOLATED)
_09155_/A2                              2.500000    2.958491   -0.458491 (VIOLATED)
_09608_/A1                              2.500000    2.958491   -0.458491 (VIOLATED)
_09643_/A1                              2.500000    2.958491   -0.458491 (VIOLATED)
_09678_/A1                              2.500000    2.958491   -0.458491 (VIOLATED)
_09713_/A1                              2.500000    2.958491   -0.458491 (VIOLATED)
_13307_/A1                              2.500000    2.958491   -0.458491 (VIOLATED)
_13319_/A1                              2.500000    2.958491   -0.458491 (VIOLATED)
_14564_/RN                              2.500000    2.957380   -0.457380 (VIOLATED)
_14502_/RN                              2.500000    2.957379   -0.457379 (VIOLATED)
_14843_/RN                              2.500000    2.957379   -0.457379 (VIOLATED)
_14518_/RN                              2.500000    2.957377   -0.457377 (VIOLATED)
_14874_/RN                              2.500000    2.957374   -0.457374 (VIOLATED)
_14875_/RN                              2.500000    2.957368   -0.457368 (VIOLATED)
_14877_/RN                              2.500000    2.957350   -0.457350 (VIOLATED)
_14644_/RN                              2.500000    2.957342   -0.457342 (VIOLATED)
_14844_/RN                              2.500000    2.957328   -0.457328 (VIOLATED)
fanout500/I                             2.500000    2.957328   -0.457328 (VIOLATED)
fanout501/Z                             2.500000    2.957328   -0.457328 (VIOLATED)
_14162_/RN                              2.500000    2.954826   -0.454826 (VIOLATED)
_14197_/RN                              2.500000    2.954826   -0.454826 (VIOLATED)
_14213_/RN                              2.500000    2.954826   -0.454826 (VIOLATED)
_14229_/RN                              2.500000    2.954826   -0.454826 (VIOLATED)
_14245_/RN                              2.500000    2.954826   -0.454826 (VIOLATED)
_14261_/RN                              2.500000    2.954826   -0.454826 (VIOLATED)
_14865_/RN                              2.500000    2.954826   -0.454826 (VIOLATED)
_14878_/RN                              2.500000    2.954826   -0.454826 (VIOLATED)
_14879_/RN                              2.500000    2.954826   -0.454826 (VIOLATED)
_14883_/RN                              2.500000    2.954826   -0.454826 (VIOLATED)
fanout481/Z                             2.500000    2.954826   -0.454826 (VIOLATED)
_09217_/Z                               2.500000    2.938769   -0.438769 (VIOLATED)
_09219_/A1                              2.500000    2.938769   -0.438769 (VIOLATED)
_09257_/A1                              2.500000    2.938769   -0.438769 (VIOLATED)
_09293_/A1                              2.500000    2.938769   -0.438769 (VIOLATED)
_09330_/A1                              2.500000    2.938769   -0.438769 (VIOLATED)
_09365_/A1                              2.500000    2.938769   -0.438769 (VIOLATED)
_09400_/A1                              2.500000    2.938769   -0.438769 (VIOLATED)
_09435_/A1                              2.500000    2.938769   -0.438769 (VIOLATED)
_09472_/A1                              2.500000    2.938769   -0.438769 (VIOLATED)
_09507_/A1                              2.500000    2.938769   -0.438769 (VIOLATED)
_09542_/A1                              2.500000    2.938769   -0.438769 (VIOLATED)
_06917_/ZN                              2.500000    2.937131   -0.437131 (VIOLATED)
_06941_/A2                              2.500000    2.937131   -0.437131 (VIOLATED)
_07035_/A2                              2.500000    2.937131   -0.437131 (VIOLATED)
_07109_/A2                              2.500000    2.937131   -0.437131 (VIOLATED)
_07392_/A2                              2.500000    2.936376   -0.436376 (VIOLATED)
_07523_/I                               2.500000    2.936376   -0.436376 (VIOLATED)
_07530_/A2                              2.500000    2.936375   -0.436375 (VIOLATED)
_07398_/A2                              2.500000    2.936374   -0.436374 (VIOLATED)
_07394_/A2                              2.500000    2.936370   -0.436370 (VIOLATED)
_07527_/A2                              2.500000    2.936371   -0.436371 (VIOLATED)
_07121_/Z                               2.500000    2.936359   -0.436359 (VIOLATED)
_07124_/A2                              2.500000    2.936359   -0.436359 (VIOLATED)
_07127_/A2                              2.500000    2.936359   -0.436359 (VIOLATED)
_07198_/A2                              2.500000    2.936359   -0.436359 (VIOLATED)
_07462_/A2                              2.500000    2.936359   -0.436359 (VIOLATED)
_06900_/ZN                              2.500000    2.936212   -0.436212 (VIOLATED)
_06902_/A2                              2.500000    2.936212   -0.436212 (VIOLATED)
_07072_/A2                              2.500000    2.936212   -0.436212 (VIOLATED)
_07151_/A2                              2.500000    2.936212   -0.436212 (VIOLATED)
_07225_/A2                              2.500000    2.936212   -0.436212 (VIOLATED)
_07294_/A2                              2.500000    2.936212   -0.436212 (VIOLATED)
_07346_/I                               2.500000    2.936212   -0.436212 (VIOLATED)
_14276_/RN                              2.500000    2.926812   -0.426812 (VIOLATED)
_14278_/RN                              2.500000    2.926810   -0.426810 (VIOLATED)
_14324_/RN                              2.500000    2.926809   -0.426809 (VIOLATED)
_14308_/RN                              2.500000    2.926806   -0.426806 (VIOLATED)
_14325_/RN                              2.500000    2.926805   -0.426805 (VIOLATED)
_14293_/RN                              2.500000    2.926804   -0.426804 (VIOLATED)
_14309_/RN                              2.500000    2.926804   -0.426804 (VIOLATED)
_14292_/RN                              2.500000    2.926802   -0.426802 (VIOLATED)
_14326_/RN                              2.500000    2.926786   -0.426786 (VIOLATED)
fanout496/I                             2.500000    2.926786   -0.426786 (VIOLATED)
fanout497/Z                             2.500000    2.926786   -0.426786 (VIOLATED)
_07047_/B                               2.500000    2.923692   -0.423692 (VIOLATED)
_06833_/A2                              2.500000    2.923690   -0.423690 (VIOLATED)
_07022_/A3                              2.500000    2.923689   -0.423689 (VIOLATED)
_07295_/B2                              2.500000    2.923689   -0.423689 (VIOLATED)
_06822_/ZN                              2.500000    2.923678   -0.423678 (VIOLATED)
_06823_/I                               2.500000    2.923678   -0.423678 (VIOLATED)
_06870_/A1                              2.500000    2.923678   -0.423678 (VIOLATED)
_06904_/B2                              2.500000    2.923678   -0.423678 (VIOLATED)
_06925_/A1                              2.500000    2.923678   -0.423678 (VIOLATED)
_11963_/A1                              2.500000    2.911866   -0.411866 (VIOLATED)
_11965_/A1                              2.500000    2.911866   -0.411866 (VIOLATED)
_11836_/A1                              2.500000    2.911863   -0.411863 (VIOLATED)
_11838_/A1                              2.500000    2.911863   -0.411863 (VIOLATED)
_11514_/ZN                              2.500000    2.911852   -0.411852 (VIOLATED)
_11515_/A1                              2.500000    2.911852   -0.411852 (VIOLATED)
_11575_/B2                              2.500000    2.911852   -0.411852 (VIOLATED)
_11681_/A1                              2.500000    2.911852   -0.411852 (VIOLATED)
_11682_/A1                              2.500000    2.911852   -0.411852 (VIOLATED)
_12112_/A1                              2.500000    2.911852   -0.411852 (VIOLATED)
_12416_/A1                              2.500000    2.911852   -0.411852 (VIOLATED)
_14280_/RN                              2.500000    2.911733   -0.411733 (VIOLATED)
_14296_/RN                              2.500000    2.911733   -0.411733 (VIOLATED)
_14294_/RN                              2.500000    2.911732   -0.411732 (VIOLATED)
_14310_/RN                              2.500000    2.911729   -0.411729 (VIOLATED)
_14279_/RN                              2.500000    2.911720   -0.411720 (VIOLATED)
_14281_/RN                              2.500000    2.911720   -0.411720 (VIOLATED)
_14297_/RN                              2.500000    2.911720   -0.411720 (VIOLATED)
_14342_/RN                              2.500000    2.911720   -0.411720 (VIOLATED)
_14388_/RN                              2.500000    2.911720   -0.411720 (VIOLATED)
_14404_/RN                              2.500000    2.911720   -0.411720 (VIOLATED)
fanout496/Z                             2.500000    2.911720   -0.411720 (VIOLATED)
_07615_/A1                              2.500000    2.911147   -0.411147 (VIOLATED)
_07608_/C                               2.500000    2.911145   -0.411145 (VIOLATED)
_07544_/C                               2.500000    2.911143   -0.411143 (VIOLATED)
_07553_/A1                              2.500000    2.911140   -0.411140 (VIOLATED)
_07665_/I                               2.500000    2.911139   -0.411139 (VIOLATED)
_07671_/A2                              2.500000    2.911139   -0.411139 (VIOLATED)
_07543_/Z                               2.500000    2.911129   -0.411129 (VIOLATED)
_07674_/A2                              2.500000    2.911129   -0.411129 (VIOLATED)
_07740_/A2                              2.500000    2.911129   -0.411129 (VIOLATED)
_07743_/A2                              2.500000    2.911129   -0.411129 (VIOLATED)
_07800_/A2                              2.500000    2.911129   -0.411129 (VIOLATED)
_06827_/ZN                              2.500000    2.907445   -0.407445 (VIOLATED)
_06884_/C                               2.500000    2.907445   -0.407445 (VIOLATED)
_06885_/A2                              2.500000    2.907445   -0.407445 (VIOLATED)
_06972_/S                               2.500000    2.907445   -0.407445 (VIOLATED)
_07039_/A2                              2.500000    2.907445   -0.407445 (VIOLATED)
wire194/I                               2.500000    2.907445   -0.407445 (VIOLATED)
_07088_/B                               2.500000    2.903976   -0.403976 (VIOLATED)
_07084_/I                               2.500000    2.903974   -0.403974 (VIOLATED)
_07095_/B1                              2.500000    2.903973   -0.403973 (VIOLATED)
_07100_/B                               2.500000    2.903971   -0.403971 (VIOLATED)
_06928_/B                               2.500000    2.903964   -0.403964 (VIOLATED)
_06922_/A2                              2.500000    2.903959   -0.403959 (VIOLATED)
_06936_/B1                              2.500000    2.903952   -0.403952 (VIOLATED)
_06920_/ZN                              2.500000    2.903936   -0.403936 (VIOLATED)
_07010_/B1                              2.500000    2.903936   -0.403936 (VIOLATED)
_06886_/A1                              2.500000    2.877002   -0.377002 (VIOLATED)
_06837_/A1                              2.500000    2.877002   -0.377002 (VIOLATED)
_07099_/A1                              2.500000    2.877001   -0.377001 (VIOLATED)
_06859_/I                               2.500000    2.876983   -0.376983 (VIOLATED)
_06921_/A1                              2.500000    2.876983   -0.376983 (VIOLATED)
_08027_/A1                              2.500000    2.876983   -0.376983 (VIOLATED)
_08065_/B                               2.500000    2.876980   -0.376980 (VIOLATED)
_06920_/A1                              2.500000    2.876960   -0.376960 (VIOLATED)
_07005_/A1                              2.500000    2.876959   -0.376959 (VIOLATED)
_06877_/A1                              2.500000    2.876932   -0.376932 (VIOLATED)
fanout576/Z                             2.500000    2.876932   -0.376932 (VIOLATED)
_14432_/RN                              2.500000    2.872796   -0.372796 (VIOLATED)
_14435_/RN                              2.500000    2.872795   -0.372795 (VIOLATED)
_14431_/RN                              2.500000    2.872784   -0.372784 (VIOLATED)
_14447_/RN                              2.500000    2.872784   -0.372784 (VIOLATED)
_14463_/RN                              2.500000    2.872784   -0.372784 (VIOLATED)
_14496_/RN                              2.500000    2.872784   -0.372784 (VIOLATED)
_14499_/RN                              2.500000    2.872784   -0.372784 (VIOLATED)
_14515_/RN                              2.500000    2.872784   -0.372784 (VIOLATED)
_14531_/RN                              2.500000    2.872784   -0.372784 (VIOLATED)
_14595_/RN                              2.500000    2.872784   -0.372784 (VIOLATED)
fanout549/Z                             2.500000    2.872784   -0.372784 (VIOLATED)
_14351_/RN                              2.500000    2.870513   -0.370513 (VIOLATED)
fanout507/I                             2.500000    2.870513   -0.370513 (VIOLATED)
_14367_/RN                              2.500000    2.870512   -0.370512 (VIOLATED)
_14383_/RN                              2.500000    2.870510   -0.370510 (VIOLATED)
_14399_/RN                              2.500000    2.870505   -0.370505 (VIOLATED)
_14274_/RN                              2.500000    2.870500   -0.370500 (VIOLATED)
_14207_/RN                              2.500000    2.870499   -0.370499 (VIOLATED)
_14223_/RN                              2.500000    2.870485   -0.370485 (VIOLATED)
_14239_/RN                              2.500000    2.870485   -0.370485 (VIOLATED)
fanout506/I                             2.500000    2.870485   -0.370485 (VIOLATED)
fanout508/Z                             2.500000    2.870485   -0.370485 (VIOLATED)
_07422_/Z                               2.500000    2.865818   -0.365818 (VIOLATED)
_07426_/C                               2.500000    2.865818   -0.365818 (VIOLATED)
_07427_/A1                              2.500000    2.865818   -0.365818 (VIOLATED)
_07541_/A2                              2.500000    2.865818   -0.365818 (VIOLATED)
_07545_/S1                              2.500000    2.865818   -0.365818 (VIOLATED)
_07600_/S1                              2.500000    2.865818   -0.365818 (VIOLATED)
_07677_/A1                              2.500000    2.865818   -0.365818 (VIOLATED)
_07746_/A1                              2.500000    2.865818   -0.365818 (VIOLATED)
_07803_/A1                              2.500000    2.865818   -0.365818 (VIOLATED)
_07869_/A1                              2.500000    2.865818   -0.365818 (VIOLATED)
_07914_/A1                              2.500000    2.865818   -0.365818 (VIOLATED)
_11806_/A2                              2.500000    2.862325   -0.362325 (VIOLATED)
_11807_/A2                              2.500000    2.862325   -0.362325 (VIOLATED)
_11809_/A2                              2.500000    2.862325   -0.362325 (VIOLATED)
_11746_/A3                              2.500000    2.862321   -0.362321 (VIOLATED)
_11640_/A2                              2.500000    2.862318   -0.362318 (VIOLATED)
_11880_/A2                              2.500000    2.862310   -0.362310 (VIOLATED)
_11877_/A2                              2.500000    2.862310   -0.362310 (VIOLATED)
_11995_/A3                              2.500000    2.862310   -0.362310 (VIOLATED)
_12062_/I                               2.500000    2.862299   -0.362299 (VIOLATED)
_12065_/A2                              2.500000    2.862299   -0.362299 (VIOLATED)
fanout293/Z                             2.500000    2.862299   -0.362299 (VIOLATED)
_07883_/A2                              2.500000    2.858888   -0.358888 (VIOLATED)
_07885_/A1                              2.500000    2.858888   -0.358888 (VIOLATED)
_07886_/A1                              2.500000    2.858888   -0.358888 (VIOLATED)
_07843_/ZN                              2.500000    2.858886   -0.358886 (VIOLATED)
_14732_/RN                              2.500000    2.855423   -0.355423 (VIOLATED)
_14686_/RN                              2.500000    2.855414   -0.355414 (VIOLATED)
_14687_/RN                              2.500000    2.855414   -0.355414 (VIOLATED)
_14688_/RN                              2.500000    2.855414   -0.355414 (VIOLATED)
_14689_/RN                              2.500000    2.855414   -0.355414 (VIOLATED)
_14730_/RN                              2.500000    2.855414   -0.355414 (VIOLATED)
_14731_/RN                              2.500000    2.855414   -0.355414 (VIOLATED)
_14742_/RN                              2.500000    2.855414   -0.355414 (VIOLATED)
_14743_/RN                              2.500000    2.855414   -0.355414 (VIOLATED)
_14745_/RN                              2.500000    2.855414   -0.355414 (VIOLATED)
fanout564/Z                             2.500000    2.855414   -0.355414 (VIOLATED)
_09261_/A1                              2.500000    2.849118   -0.349118 (VIOLATED)
_09297_/A1                              2.500000    2.849116   -0.349116 (VIOLATED)
_09225_/A1                              2.500000    2.849112   -0.349112 (VIOLATED)
_09404_/A1                              2.500000    2.849108   -0.349107 (VIOLATED)
_09439_/A1                              2.500000    2.849107   -0.349107 (VIOLATED)
_09334_/A1                              2.500000    2.849106   -0.349106 (VIOLATED)
_09369_/A1                              2.500000    2.849105   -0.349105 (VIOLATED)
_09223_/Z                               2.500000    2.849096   -0.349095 (VIOLATED)
_09476_/A1                              2.500000    2.849096   -0.349095 (VIOLATED)
_09511_/A1                              2.500000    2.849096   -0.349095 (VIOLATED)
_09546_/A1                              2.500000    2.849096   -0.349095 (VIOLATED)
_08117_/ZN                              2.500000    2.842972   -0.342972 (VIOLATED)
_08118_/I3                              2.500000    2.842972   -0.342972 (VIOLATED)
_14568_/RN                              2.500000    2.838134   -0.338134 (VIOLATED)
_14423_/RN                              2.500000    2.838125   -0.338125 (VIOLATED)
_14425_/RN                              2.500000    2.838125   -0.338125 (VIOLATED)
_14426_/RN                              2.500000    2.838125   -0.338125 (VIOLATED)
_14439_/RN                              2.500000    2.838125   -0.338125 (VIOLATED)
_14565_/RN                              2.500000    2.838125   -0.338125 (VIOLATED)
_14585_/RN                              2.500000    2.838125   -0.338125 (VIOLATED)
_14631_/RN                              2.500000    2.838125   -0.338125 (VIOLATED)
_14633_/RN                              2.500000    2.838125   -0.338125 (VIOLATED)
_14649_/RN                              2.500000    2.838125   -0.338125 (VIOLATED)
fanout539/Z                             2.500000    2.838125   -0.338125 (VIOLATED)
_13528_/ZN                              2.500000    2.836856   -0.336856 (VIOLATED)
_13529_/A2                              2.500000    2.836856   -0.336856 (VIOLATED)
_13619_/A2                              2.500000    2.836856   -0.336856 (VIOLATED)
_13624_/A2                              2.500000    2.836856   -0.336856 (VIOLATED)
max_cap196/I                            2.500000    2.836856   -0.336856 (VIOLATED)
_07243_/B                               2.500000    2.835759   -0.335759 (VIOLATED)
_07244_/A1                              2.500000    2.835759   -0.335759 (VIOLATED)
_07170_/B                               2.500000    2.835747   -0.335747 (VIOLATED)
_07171_/A1                              2.500000    2.835746   -0.335746 (VIOLATED)
fanout628/I                             2.500000    2.835744   -0.335744 (VIOLATED)
_07438_/A1                              2.500000    2.835743   -0.335743 (VIOLATED)
_07103_/B                               2.500000    2.835736   -0.335736 (VIOLATED)
_07104_/A1                              2.500000    2.835733   -0.335733 (VIOLATED)
_09727_/A1                              2.500000    2.835720   -0.335720 (VIOLATED)
fanout629/Z                             2.500000    2.835720   -0.335720 (VIOLATED)
_09180_/A2                              2.500000    2.834949   -0.334949 (VIOLATED)
_13329_/A1                              2.500000    2.834943   -0.334943 (VIOLATED)
_13301_/A1                              2.500000    2.834939   -0.334939 (VIOLATED)
_09223_/I                               2.500000    2.834932   -0.334932 (VIOLATED)
_09581_/A1                              2.500000    2.834932   -0.334932 (VIOLATED)
_09618_/A1                              2.500000    2.834931   -0.334931 (VIOLATED)
_09653_/A1                              2.500000    2.834929   -0.334929 (VIOLATED)
_09724_/I                               2.500000    2.834927   -0.334927 (VIOLATED)
_09178_/Z                               2.500000    2.834918   -0.334917 (VIOLATED)
_09688_/A1                              2.500000    2.834918   -0.334917 (VIOLATED)
_09723_/A1                              2.500000    2.834918   -0.334917 (VIOLATED)
_09119_/ZN                              2.500000    2.831811   -0.331811 (VIOLATED)
_09120_/A3                              2.500000    2.831811   -0.331811 (VIOLATED)
_09298_/A2                              2.500000    2.831811   -0.331811 (VIOLATED)
_09440_/A2                              2.500000    2.831811   -0.331811 (VIOLATED)
_09582_/I                               2.500000    2.831811   -0.331811 (VIOLATED)
_14679_/RN                              2.500000    2.826827   -0.326827 (VIOLATED)
_14680_/RN                              2.500000    2.826827   -0.326827 (VIOLATED)
_14681_/RN                              2.500000    2.826827   -0.326827 (VIOLATED)
_14682_/RN                              2.500000    2.826827   -0.326827 (VIOLATED)
_14683_/RN                              2.500000    2.826827   -0.326827 (VIOLATED)
_14685_/RN                              2.500000    2.826827   -0.326827 (VIOLATED)
_14693_/RN                              2.500000    2.826827   -0.326827 (VIOLATED)
_14694_/RN                              2.500000    2.826827   -0.326827 (VIOLATED)
_14696_/RN                              2.500000    2.826827   -0.326827 (VIOLATED)
_14716_/RN                              2.500000    2.826827   -0.326827 (VIOLATED)
fanout531/Z                             2.500000    2.826827   -0.326827 (VIOLATED)
_14452_/RN                              2.500000    2.825402   -0.325402 (VIOLATED)
_14516_/RN                              2.500000    2.825402   -0.325402 (VIOLATED)
_14436_/RN                              2.500000    2.825400   -0.325400 (VIOLATED)
_14420_/RN                              2.500000    2.825400   -0.325400 (VIOLATED)
_14165_/RN                              2.500000    2.825389   -0.325389 (VIOLATED)
_14181_/RN                              2.500000    2.825389   -0.325389 (VIOLATED)
_14277_/RN                              2.500000    2.825389   -0.325389 (VIOLATED)
_14405_/RN                              2.500000    2.825389   -0.325389 (VIOLATED)
_14517_/RN                              2.500000    2.825389   -0.325389 (VIOLATED)
_14628_/RN                              2.500000    2.825389   -0.325389 (VIOLATED)
fanout500/Z                             2.500000    2.825389   -0.325389 (VIOLATED)
_06927_/A2                              2.500000    2.820486   -0.320486 (VIOLATED)
_06981_/A2                              2.500000    2.820487   -0.320487 (VIOLATED)
_06982_/A2                              2.500000    2.820486   -0.320486 (VIOLATED)
_06836_/A1                              2.500000    2.820486   -0.320485 (VIOLATED)
_06919_/S                               2.500000    2.820486   -0.320486 (VIOLATED)
_06984_/S                               2.500000    2.820485   -0.320485 (VIOLATED)
_06935_/S                               2.500000    2.820485   -0.320485 (VIOLATED)
_06842_/I                               2.500000    2.820476   -0.320476 (VIOLATED)
_06889_/A2                              2.500000    2.820476   -0.320476 (VIOLATED)
_06895_/A2                              2.500000    2.820476   -0.320476 (VIOLATED)
fanout353/Z                             2.500000    2.820476   -0.320476 (VIOLATED)
_14283_/RN                              2.500000    2.820122   -0.320122 (VIOLATED)
_14414_/RN                              2.500000    2.820121   -0.320121 (VIOLATED)
_14190_/RN                              2.500000    2.820120   -0.320120 (VIOLATED)
_14174_/RN                              2.500000    2.820118   -0.320118 (VIOLATED)
_14468_/RN                              2.500000    2.820109   -0.320109 (VIOLATED)
_14469_/RN                              2.500000    2.820109   -0.320109 (VIOLATED)
_14484_/RN                              2.500000    2.820109   -0.320109 (VIOLATED)
_14485_/RN                              2.500000    2.820109   -0.320109 (VIOLATED)
_14500_/RN                              2.500000    2.820109   -0.320109 (VIOLATED)
_14501_/RN                              2.500000    2.820109   -0.320109 (VIOLATED)
fanout502/Z                             2.500000    2.820109   -0.320109 (VIOLATED)
_07215_/A2                              2.500000    2.807483   -0.307483 (VIOLATED)
_07216_/A2                              2.500000    2.807483   -0.307483 (VIOLATED)
_07231_/A2                              2.500000    2.807482   -0.307482 (VIOLATED)
_07230_/A2                              2.500000    2.807482   -0.307481 (VIOLATED)
_06824_/A2                              2.500000    2.807472   -0.307472 (VIOLATED)
_07212_/S                               2.500000    2.807472   -0.307472 (VIOLATED)
_07221_/S                               2.500000    2.807472   -0.307472 (VIOLATED)
_07234_/S                               2.500000    2.807472   -0.307472 (VIOLATED)
_07238_/S                               2.500000    2.807472   -0.307472 (VIOLATED)
_07328_/S                               2.500000    2.807472   -0.307472 (VIOLATED)
fanout351/Z                             2.500000    2.807472   -0.307472 (VIOLATED)
_10796_/Z                               2.500000    2.800784   -0.300784 (VIOLATED)
_10801_/A1                              2.500000    2.800784   -0.300784 (VIOLATED)
_10809_/B                               2.500000    2.800784   -0.300784 (VIOLATED)
_10815_/B                               2.500000    2.800784   -0.300784 (VIOLATED)
_10837_/A1                              2.500000    2.800784   -0.300784 (VIOLATED)
_10921_/A1                              2.500000    2.800784   -0.300784 (VIOLATED)
_10932_/A1                              2.500000    2.800784   -0.300784 (VIOLATED)
_10943_/A1                              2.500000    2.800784   -0.300784 (VIOLATED)
_11122_/A1                              2.500000    2.800784   -0.300784 (VIOLATED)
_11133_/A1                              2.500000    2.800784   -0.300784 (VIOLATED)
_11157_/A1                              2.500000    2.800784   -0.300784 (VIOLATED)
_14442_/RN                              2.500000    2.799887   -0.299887 (VIOLATED)
_14441_/RN                              2.500000    2.799886   -0.299886 (VIOLATED)
_14458_/RN                              2.500000    2.799886   -0.299886 (VIOLATED)
_14474_/RN                              2.500000    2.799886   -0.299886 (VIOLATED)
_14457_/RN                              2.500000    2.799885   -0.299885 (VIOLATED)
_14455_/RN                              2.500000    2.799873   -0.299873 (VIOLATED)
_14471_/RN                              2.500000    2.799873   -0.299873 (VIOLATED)
_14473_/RN                              2.500000    2.799873   -0.299873 (VIOLATED)
_14487_/RN                              2.500000    2.799873   -0.299873 (VIOLATED)
_14503_/RN                              2.500000    2.799873   -0.299873 (VIOLATED)
fanout538/Z                             2.500000    2.799873   -0.299873 (VIOLATED)
_09431_/A1                              2.500000    2.797615   -0.297615 (VIOLATED)
_09396_/A1                              2.500000    2.797614   -0.297614 (VIOLATED)
_09326_/A1                              2.500000    2.797613   -0.297613 (VIOLATED)
_09361_/A1                              2.500000    2.797611   -0.297611 (VIOLATED)
_09503_/A1                              2.500000    2.797608   -0.297608 (VIOLATED)
_09468_/A1                              2.500000    2.797603   -0.297603 (VIOLATED)
_09538_/A1                              2.500000    2.797601   -0.297601 (VIOLATED)
_09211_/Z                               2.500000    2.797585   -0.297585 (VIOLATED)
_09213_/A1                              2.500000    2.797585   -0.297585 (VIOLATED)
_09253_/A1                              2.500000    2.797585   -0.297585 (VIOLATED)
_09289_/A1                              2.500000    2.797585   -0.297585 (VIOLATED)
_14384_/RN                              2.500000    2.796628   -0.296627 (VIOLATED)
_14240_/RN                              2.500000    2.796627   -0.296627 (VIOLATED)
_14272_/RN                              2.500000    2.796627   -0.296627 (VIOLATED)
_14352_/RN                              2.500000    2.796627   -0.296627 (VIOLATED)
_14267_/RN                              2.500000    2.796622   -0.296622 (VIOLATED)
_14255_/RN                              2.500000    2.796620   -0.296620 (VIOLATED)
_14299_/RN                              2.500000    2.796621   -0.296621 (VIOLATED)
_14347_/RN                              2.500000    2.796620   -0.296620 (VIOLATED)
_14331_/RN                              2.500000    2.796611   -0.296611 (VIOLATED)
fanout491/I                             2.500000    2.796611   -0.296611 (VIOLATED)
fanout492/Z                             2.500000    2.796611   -0.296611 (VIOLATED)
_09386_/S                               2.500000    2.780685   -0.280685 (VIOLATED)
_09384_/S                               2.500000    2.780684   -0.280684 (VIOLATED)
_09382_/S                               2.500000    2.780682   -0.280682 (VIOLATED)
_09371_/I                               2.500000    2.780680   -0.280680 (VIOLATED)
_09388_/I                               2.500000    2.780681   -0.280681 (VIOLATED)
_09380_/S                               2.500000    2.780680   -0.280680 (VIOLATED)
_09370_/ZN                              2.500000    2.780670   -0.280670 (VIOLATED)
_14660_/RN                              2.500000    2.779357   -0.279357 (VIOLATED)
_14692_/RN                              2.500000    2.779357   -0.279357 (VIOLATED)
_14695_/RN                              2.500000    2.779357   -0.279357 (VIOLATED)
_14697_/RN                              2.500000    2.779357   -0.279357 (VIOLATED)
_14710_/RN                              2.500000    2.779357   -0.279357 (VIOLATED)
_14711_/RN                              2.500000    2.779357   -0.279357 (VIOLATED)
_14712_/RN                              2.500000    2.779357   -0.279357 (VIOLATED)
_14713_/RN                              2.500000    2.779357   -0.279357 (VIOLATED)
_14714_/RN                              2.500000    2.779357   -0.279357 (VIOLATED)
_14715_/RN                              2.500000    2.779357   -0.279357 (VIOLATED)
fanout529/Z                             2.500000    2.779357   -0.279357 (VIOLATED)
_11336_/A1                              2.500000    2.771626   -0.271626 (VIOLATED)
_11273_/A1                              2.500000    2.771625   -0.271625 (VIOLATED)
_11363_/A1                              2.500000    2.771624   -0.271624 (VIOLATED)
_11429_/A1                              2.500000    2.771624   -0.271624 (VIOLATED)
_11269_/Z                               2.500000    2.771614   -0.271614 (VIOLATED)
_11456_/A1                              2.500000    2.771614   -0.271614 (VIOLATED)
_11536_/C2                              2.500000    2.771614   -0.271614 (VIOLATED)
_11575_/A1                              2.500000    2.771614   -0.271614 (VIOLATED)
_11733_/A1                              2.500000    2.771614   -0.271614 (VIOLATED)
_12114_/A1                              2.500000    2.771614   -0.271614 (VIOLATED)
_12330_/A1                              2.500000    2.771614   -0.271614 (VIOLATED)
_14212_/RN                              2.500000    2.766146   -0.266146 (VIOLATED)
_14214_/RN                              2.500000    2.766146   -0.266146 (VIOLATED)
_14228_/RN                              2.500000    2.766146   -0.266146 (VIOLATED)
_14340_/RN                              2.500000    2.766146   -0.266146 (VIOLATED)
_14341_/RN                              2.500000    2.766146   -0.266146 (VIOLATED)
_14356_/RN                              2.500000    2.766146   -0.266146 (VIOLATED)
_14357_/RN                              2.500000    2.766146   -0.266146 (VIOLATED)
_14372_/RN                              2.500000    2.766146   -0.266146 (VIOLATED)
_14373_/RN                              2.500000    2.766146   -0.266146 (VIOLATED)
fanout479/I                             2.500000    2.766146   -0.266146 (VIOLATED)
fanout480/Z                             2.500000    2.766146   -0.266146 (VIOLATED)
_14198_/RN                              2.500000    2.751265   -0.251265 (VIOLATED)
_14196_/RN                              2.500000    2.751264   -0.251264 (VIOLATED)
_14164_/RN                              2.500000    2.751260   -0.251260 (VIOLATED)
_14161_/RN                              2.500000    2.751251   -0.251251 (VIOLATED)
_14180_/RN                              2.500000    2.751251   -0.251251 (VIOLATED)
_14244_/RN                              2.500000    2.751251   -0.251251 (VIOLATED)
_14260_/RN                              2.500000    2.751251   -0.251251 (VIOLATED)
_14262_/RN                              2.500000    2.751251   -0.251251 (VIOLATED)
_14358_/RN                              2.500000    2.751251   -0.251251 (VIOLATED)
_14374_/RN                              2.500000    2.751251   -0.251251 (VIOLATED)
fanout479/Z                             2.500000    2.751251   -0.251251 (VIOLATED)
_07798_/B1                              2.500000    2.751228   -0.251228 (VIOLATED)
_07791_/B1                              2.500000    2.751227   -0.251227 (VIOLATED)
_07870_/B1                              2.500000    2.751225   -0.251225 (VIOLATED)
_07864_/B1                              2.500000    2.751222   -0.251222 (VIOLATED)
_07902_/B1                              2.500000    2.751221   -0.251221 (VIOLATED)
_07868_/B1                              2.500000    2.751220   -0.251220 (VIOLATED)
_07909_/B1                              2.500000    2.751220   -0.251220 (VIOLATED)
_07913_/B1                              2.500000    2.751219   -0.251218 (VIOLATED)
wire732/I                               2.500000    2.751218   -0.251217 (VIOLATED)
_07731_/Z                               2.500000    2.751208   -0.251208 (VIOLATED)
_07732_/B1                              2.500000    2.751208   -0.251208 (VIOLATED)
_14489_/RN                              2.500000    2.750927   -0.250927 (VIOLATED)
_14505_/RN                              2.500000    2.750926   -0.250926 (VIOLATED)
_14519_/RN                              2.500000    2.750918   -0.250918 (VIOLATED)
_14520_/RN                              2.500000    2.750918   -0.250918 (VIOLATED)
_14521_/RN                              2.500000    2.750918   -0.250918 (VIOLATED)
_14581_/RN                              2.500000    2.750918   -0.250918 (VIOLATED)
_14597_/RN                              2.500000    2.750918   -0.250918 (VIOLATED)
_14613_/RN                              2.500000    2.750918   -0.250918 (VIOLATED)
_14629_/RN                              2.500000    2.750918   -0.250918 (VIOLATED)
_14876_/RN                              2.500000    2.750918   -0.250918 (VIOLATED)
fanout504/Z                             2.500000    2.750918   -0.250918 (VIOLATED)
_07898_/C                               2.500000    2.750029   -0.250029 (VIOLATED)
_07725_/C                               2.500000    2.750027   -0.250027 (VIOLATED)
_07726_/A1                              2.500000    2.750026   -0.250026 (VIOLATED)
_07840_/C                               2.500000    2.750024   -0.250024 (VIOLATED)
_07458_/Z                               2.500000    2.750016   -0.250016 (VIOLATED)
_07459_/S                               2.500000    2.750016   -0.250016 (VIOLATED)
_07533_/C                               2.500000    2.750016   -0.250016 (VIOLATED)
_07596_/C                               2.500000    2.750016   -0.250016 (VIOLATED)
_07657_/C                               2.500000    2.750016   -0.250016 (VIOLATED)
_07785_/C                               2.500000    2.750016   -0.250016 (VIOLATED)
_07786_/A1                              2.500000    2.750016   -0.250016 (VIOLATED)
_12053_/A2                              2.500000    2.746582   -0.246582 (VIOLATED)
_12148_/A2                              2.500000    2.746581   -0.246581 (VIOLATED)
_12149_/A2                              2.500000    2.746580   -0.246580 (VIOLATED)
_12147_/B1                              2.500000    2.746579   -0.246579 (VIOLATED)
_14666_/RN                              2.500000    2.746578   -0.246577 (VIOLATED)
_14667_/RN                              2.500000    2.746577   -0.246577 (VIOLATED)
_14669_/RN                              2.500000    2.746575   -0.246575 (VIOLATED)
_12144_/A3                              2.500000    2.746575   -0.246575 (VIOLATED)
_14670_/RN                              2.500000    2.746574   -0.246574 (VIOLATED)
_14668_/RN                              2.500000    2.746573   -0.246573 (VIOLATED)
_14663_/RN                              2.500000    2.746572   -0.246572 (VIOLATED)
_12257_/A3                              2.500000    2.746567   -0.246567 (VIOLATED)
_14662_/RN                              2.500000    2.746564   -0.246564 (VIOLATED)
_14708_/RN                              2.500000    2.746564   -0.246564 (VIOLATED)
_14709_/RN                              2.500000    2.746564   -0.246564 (VIOLATED)
fanout527/I                             2.500000    2.746564   -0.246564 (VIOLATED)
fanout528/Z                             2.500000    2.746564   -0.246564 (VIOLATED)
_11816_/A2                              2.500000    2.746561   -0.246561 (VIOLATED)
_11985_/A2                              2.500000    2.746560   -0.246560 (VIOLATED)
_11864_/A3                              2.500000    2.746544   -0.246544 (VIOLATED)
_12259_/A2                              2.500000    2.746528   -0.246528 (VIOLATED)
fanout283/Z                             2.500000    2.746528   -0.246528 (VIOLATED)
_06852_/A2                              2.500000    2.741773   -0.241773 (VIOLATED)
_07138_/S                               2.500000    2.741773   -0.241773 (VIOLATED)
_07141_/A2                              2.500000    2.741773   -0.241773 (VIOLATED)
_07142_/A2                              2.500000    2.741773   -0.241773 (VIOLATED)
_07147_/S                               2.500000    2.741773   -0.241773 (VIOLATED)
_07157_/A2                              2.500000    2.741773   -0.241773 (VIOLATED)
_07158_/A2                              2.500000    2.741773   -0.241773 (VIOLATED)
_07160_/S                               2.500000    2.741773   -0.241773 (VIOLATED)
_07272_/S                               2.500000    2.741773   -0.241773 (VIOLATED)
_07274_/S                               2.500000    2.741773   -0.241773 (VIOLATED)
fanout349/Z                             2.500000    2.741773   -0.241773 (VIOLATED)
_11260_/A1                              2.500000    2.735621   -0.235621 (VIOLATED)
_11263_/A1                              2.500000    2.735621   -0.235621 (VIOLATED)
_11275_/I                               2.500000    2.735619   -0.235618 (VIOLATED)
_11918_/A1                              2.500000    2.735618   -0.235618 (VIOLATED)
_11842_/A1                              2.500000    2.735617   -0.235617 (VIOLATED)
_11673_/A1                              2.500000    2.735607   -0.235607 (VIOLATED)
_11911_/A1                              2.500000    2.735607   -0.235607 (VIOLATED)
_11915_/A1                              2.500000    2.735607   -0.235607 (VIOLATED)
_11974_/A1                              2.500000    2.735607   -0.235607 (VIOLATED)
_12107_/A1                              2.500000    2.735607   -0.235607 (VIOLATED)
fanout334/Z                             2.500000    2.735607   -0.235607 (VIOLATED)
_07166_/S                               2.500000    2.730022   -0.230022 (VIOLATED)
_07240_/S                               2.500000    2.730022   -0.230022 (VIOLATED)
_07326_/S                               2.500000    2.730022   -0.230022 (VIOLATED)
_07330_/S                               2.500000    2.730022   -0.230022 (VIOLATED)
_07335_/S                               2.500000    2.730022   -0.230022 (VIOLATED)
_07480_/S                               2.500000    2.730022   -0.230022 (VIOLATED)
fanout351/I                             2.500000    2.730022   -0.230022 (VIOLATED)
fanout352/Z                             2.500000    2.730022   -0.230022 (VIOLATED)
_09394_/A1                              2.500000    2.725862   -0.225862 (VIOLATED)
_09429_/A1                              2.500000    2.725862   -0.225862 (VIOLATED)
_09359_/A1                              2.500000    2.725860   -0.225860 (VIOLATED)
_09324_/A1                              2.500000    2.725858   -0.225858 (VIOLATED)
_09251_/A1                              2.500000    2.725843   -0.225843 (VIOLATED)
_09208_/Z                               2.500000    2.725830   -0.225830 (VIOLATED)
_09210_/A1                              2.500000    2.725830   -0.225830 (VIOLATED)
_09287_/A1                              2.500000    2.725830   -0.225830 (VIOLATED)
_09466_/A1                              2.500000    2.725830   -0.225830 (VIOLATED)
_09501_/A1                              2.500000    2.725830   -0.225830 (VIOLATED)
_09536_/A1                              2.500000    2.725830   -0.225830 (VIOLATED)
_14305_/RN                              2.500000    2.719874   -0.219874 (VIOLATED)
_14320_/RN                              2.500000    2.719874   -0.219874 (VIOLATED)
_14321_/RN                              2.500000    2.719873   -0.219873 (VIOLATED)
_14339_/RN                              2.500000    2.719873   -0.219873 (VIOLATED)
_14306_/RN                              2.500000    2.719872   -0.219872 (VIOLATED)
_14322_/RN                              2.500000    2.719872   -0.219871 (VIOLATED)
_14259_/RN                              2.500000    2.719859   -0.219859 (VIOLATED)
_14275_/RN                              2.500000    2.719859   -0.219859 (VIOLATED)
_14337_/RN                              2.500000    2.719859   -0.219859 (VIOLATED)
_14338_/RN                              2.500000    2.719859   -0.219859 (VIOLATED)
fanout511/Z                             2.500000    2.719859   -0.219859 (VIOLATED)
_14334_/RN                              2.500000    2.715320   -0.215320 (VIOLATED)
_14350_/RN                              2.500000    2.715320   -0.215320 (VIOLATED)
_14302_/RN                              2.500000    2.715319   -0.215319 (VIOLATED)
_14335_/RN                              2.500000    2.715319   -0.215319 (VIOLATED)
_14336_/RN                              2.500000    2.715318   -0.215318 (VIOLATED)
_14318_/RN                              2.500000    2.715306   -0.215306 (VIOLATED)
_14333_/RN                              2.500000    2.715306   -0.215306 (VIOLATED)
_14366_/RN                              2.500000    2.715306   -0.215306 (VIOLATED)
_14382_/RN                              2.500000    2.715306   -0.215306 (VIOLATED)
_14398_/RN                              2.500000    2.715306   -0.215306 (VIOLATED)
fanout507/Z                             2.500000    2.715306   -0.215306 (VIOLATED)
_11748_/A2                              2.500000    2.714535   -0.214535 (VIOLATED)
_11754_/A2                              2.500000    2.714534   -0.214534 (VIOLATED)
_11751_/A2                              2.500000    2.714533   -0.214533 (VIOLATED)
_11578_/A2                              2.500000    2.714530   -0.214530 (VIOLATED)
_11641_/A3                              2.500000    2.714528   -0.214528 (VIOLATED)
_11866_/A3                              2.500000    2.714512   -0.214512 (VIOLATED)
_11870_/B1                              2.500000    2.714512   -0.214512 (VIOLATED)
_11871_/A2                              2.500000    2.714512   -0.214512 (VIOLATED)
_11872_/A2                              2.500000    2.714512   -0.214512 (VIOLATED)
_11996_/I                               2.500000    2.714512   -0.214512 (VIOLATED)
fanout297/Z                             2.500000    2.714512   -0.214512 (VIOLATED)
_14809_/RN                              2.500000    2.714166   -0.214166 (VIOLATED)
_14810_/RN                              2.500000    2.714166   -0.214166 (VIOLATED)
_14812_/RN                              2.500000    2.714165   -0.214165 (VIOLATED)
_14811_/RN                              2.500000    2.714162   -0.214162 (VIOLATED)
fanout567/I                             2.500000    2.714159   -0.214159 (VIOLATED)
_14814_/RN                              2.500000    2.714157   -0.214157 (VIOLATED)
_08516_/A2                              2.500000    2.714156   -0.214156 (VIOLATED)
_14855_/RN                              2.500000    2.714146   -0.214146 (VIOLATED)
_14805_/RN                              2.500000    2.714134   -0.214134 (VIOLATED)
fanout569/I                             2.500000    2.714134   -0.214134 (VIOLATED)
fanout570/Z                             2.500000    2.714134   -0.214134 (VIOLATED)
_08069_/S1                              2.500000    2.713867   -0.213867 (VIOLATED)
_08190_/S1                              2.500000    2.713866   -0.213866 (VIOLATED)
_08092_/S1                              2.500000    2.713866   -0.213866 (VIOLATED)
_08118_/S1                              2.500000    2.713866   -0.213866 (VIOLATED)
_08213_/S1                              2.500000    2.713865   -0.213865 (VIOLATED)
_08168_/S1                              2.500000    2.713865   -0.213865 (VIOLATED)
_08235_/S1                              2.500000    2.713864   -0.213864 (VIOLATED)
_08141_/S1                              2.500000    2.713863   -0.213863 (VIOLATED)
_08068_/Z                               2.500000    2.713846   -0.213846 (VIOLATED)
_08257_/S1                              2.500000    2.713846   -0.213846 (VIOLATED)
_08279_/S1                              2.500000    2.713846   -0.213846 (VIOLATED)
_09421_/S                               2.500000    2.713000   -0.213000 (VIOLATED)
_09419_/S                               2.500000    2.712999   -0.212999 (VIOLATED)
_09415_/S                               2.500000    2.712998   -0.212998 (VIOLATED)
_09417_/S                               2.500000    2.712994   -0.212994 (VIOLATED)
_09406_/I                               2.500000    2.712993   -0.212993 (VIOLATED)
_09423_/I                               2.500000    2.712992   -0.212992 (VIOLATED)
_09405_/ZN                              2.500000    2.712983   -0.212983 (VIOLATED)
_14510_/RN                              2.500000    2.711525   -0.211525 (VIOLATED)
_14509_/RN                              2.500000    2.711525   -0.211525 (VIOLATED)
_14507_/RN                              2.500000    2.711524   -0.211524 (VIOLATED)
_14523_/RN                              2.500000    2.711524   -0.211524 (VIOLATED)
_14525_/RN                              2.500000    2.711524   -0.211523 (VIOLATED)
_14508_/RN                              2.500000    2.711513   -0.211513 (VIOLATED)
_14588_/RN                              2.500000    2.711513   -0.211513 (VIOLATED)
_14604_/RN                              2.500000    2.711513   -0.211513 (VIOLATED)
_14632_/RN                              2.500000    2.711513   -0.211513 (VIOLATED)
_14648_/RN                              2.500000    2.711513   -0.211513 (VIOLATED)
fanout515/Z                             2.500000    2.711513   -0.211513 (VIOLATED)
_12376_/A3                              2.500000    2.697999   -0.197999 (VIOLATED)
_12375_/ZN                              2.500000    2.697998   -0.197998 (VIOLATED)
_12518_/A2                              2.500000    2.697998   -0.197998 (VIOLATED)
_12519_/A2                              2.500000    2.697998   -0.197998 (VIOLATED)
_12394_/A1                              2.500000    2.696254   -0.196254 (VIOLATED)
_12497_/B2                              2.500000    2.696253   -0.196253 (VIOLATED)
_12493_/A1                              2.500000    2.696252   -0.196252 (VIOLATED)
_12563_/A2                              2.500000    2.696250   -0.196250 (VIOLATED)
_12642_/A2                              2.500000    2.696248   -0.196248 (VIOLATED)
_12641_/A1                              2.500000    2.696247   -0.196247 (VIOLATED)
_12802_/A2                              2.500000    2.696247   -0.196247 (VIOLATED)
_12801_/A1                              2.500000    2.696244   -0.196244 (VIOLATED)
_12562_/A1                              2.500000    2.696235   -0.196235 (VIOLATED)
_12701_/A1                              2.500000    2.696235   -0.196235 (VIOLATED)
fanout394/Z                             2.500000    2.696235   -0.196235 (VIOLATED)
_14285_/RN                              2.500000    2.689726   -0.189726 (VIOLATED)
_14286_/RN                              2.500000    2.689726   -0.189726 (VIOLATED)
_14287_/RN                              2.500000    2.689726   -0.189726 (VIOLATED)
_14301_/RN                              2.500000    2.689726   -0.189726 (VIOLATED)
_14303_/RN                              2.500000    2.689726   -0.189726 (VIOLATED)
_14317_/RN                              2.500000    2.689726   -0.189726 (VIOLATED)
_14424_/RN                              2.500000    2.689726   -0.189726 (VIOLATED)
_14440_/RN                              2.500000    2.689726   -0.189726 (VIOLATED)
_14456_/RN                              2.500000    2.689726   -0.189726 (VIOLATED)
_14472_/RN                              2.500000    2.689726   -0.189726 (VIOLATED)
fanout513/Z                             2.500000    2.689726   -0.189726 (VIOLATED)
_11672_/A2                              2.500000    2.685852   -0.185852 (VIOLATED)
_11734_/A2                              2.500000    2.685852   -0.185852 (VIOLATED)
_11735_/A2                              2.500000    2.685852   -0.185852 (VIOLATED)
_11737_/A2                              2.500000    2.685852   -0.185852 (VIOLATED)
_11738_/A2                              2.500000    2.685852   -0.185852 (VIOLATED)
_11903_/A2                              2.500000    2.685852   -0.185852 (VIOLATED)
_11962_/A2                              2.500000    2.685852   -0.185852 (VIOLATED)
_12193_/A3                              2.500000    2.685852   -0.185852 (VIOLATED)
_12946_/A1                              2.500000    2.685852   -0.185852 (VIOLATED)
_12947_/A1                              2.500000    2.685852   -0.185852 (VIOLATED)
fanout390/Z                             2.500000    2.685852   -0.185852 (VIOLATED)
_09314_/S                               2.500000    2.683832   -0.183832 (VIOLATED)
_09316_/S                               2.500000    2.683832   -0.183832 (VIOLATED)
_09310_/S                               2.500000    2.683831   -0.183831 (VIOLATED)
_09318_/I                               2.500000    2.683830   -0.183829 (VIOLATED)
_09301_/I                               2.500000    2.683829   -0.183829 (VIOLATED)
_09312_/S                               2.500000    2.683828   -0.183828 (VIOLATED)
_09300_/ZN                              2.500000    2.683818   -0.183818 (VIOLATED)
_11533_/B                               2.500000    2.679286   -0.179286 (VIOLATED)
_11268_/I                               2.500000    2.679277   -0.179277 (VIOLATED)
_11677_/A1                              2.500000    2.679277   -0.179277 (VIOLATED)
_11825_/I0                              2.500000    2.679277   -0.179277 (VIOLATED)
_11827_/B2                              2.500000    2.679277   -0.179277 (VIOLATED)
_11968_/B                               2.500000    2.679277   -0.179277 (VIOLATED)
_11970_/A1                              2.500000    2.679277   -0.179277 (VIOLATED)
_12113_/A1                              2.500000    2.679277   -0.179277 (VIOLATED)
_12207_/A1                              2.500000    2.679277   -0.179277 (VIOLATED)
_12282_/A1                              2.500000    2.679277   -0.179277 (VIOLATED)
fanout328/Z                             2.500000    2.679277   -0.179277 (VIOLATED)
_07280_/S                               2.500000    2.675674   -0.175674 (VIOLATED)
_07085_/S                               2.500000    2.675674   -0.175674 (VIOLATED)
_07097_/S                               2.500000    2.675673   -0.175673 (VIOLATED)
_07094_/S                               2.500000    2.675668   -0.175668 (VIOLATED)
_07164_/S                               2.500000    2.675667   -0.175667 (VIOLATED)
fanout349/I                             2.500000    2.675666   -0.175666 (VIOLATED)
_07285_/S                               2.500000    2.675656   -0.175656 (VIOLATED)
fanout350/Z                             2.500000    2.675656   -0.175656 (VIOLATED)
_14824_/RN                              2.500000    2.669703   -0.169702 (VIOLATED)
_14825_/RN                              2.500000    2.669703   -0.169702 (VIOLATED)
_14690_/RN                              2.500000    2.669693   -0.169693 (VIOLATED)
_14691_/RN                              2.500000    2.669693   -0.169693 (VIOLATED)
_14723_/RN                              2.500000    2.669693   -0.169693 (VIOLATED)
_14724_/RN                              2.500000    2.669693   -0.169693 (VIOLATED)
_14725_/RN                              2.500000    2.669693   -0.169693 (VIOLATED)
_14726_/RN                              2.500000    2.669693   -0.169693 (VIOLATED)
_14727_/RN                              2.500000    2.669693   -0.169693 (VIOLATED)
_14728_/RN                              2.500000    2.669693   -0.169693 (VIOLATED)
fanout562/Z                             2.500000    2.669693   -0.169693 (VIOLATED)
_14427_/RN                              2.500000    2.667161   -0.167161 (VIOLATED)
_14429_/RN                              2.500000    2.667161   -0.167161 (VIOLATED)
_14445_/RN                              2.500000    2.667161   -0.167161 (VIOLATED)
_14587_/RN                              2.500000    2.667161   -0.167161 (VIOLATED)
_14589_/RN                              2.500000    2.667161   -0.167161 (VIOLATED)
_14619_/RN                              2.500000    2.667161   -0.167161 (VIOLATED)
_14635_/RN                              2.500000    2.667161   -0.167161 (VIOLATED)
_14637_/RN                              2.500000    2.667161   -0.167161 (VIOLATED)
_14651_/RN                              2.500000    2.667161   -0.167161 (VIOLATED)
_14653_/RN                              2.500000    2.667161   -0.167161 (VIOLATED)
fanout547/Z                             2.500000    2.667161   -0.167161 (VIOLATED)
_13554_/S1                              2.500000    2.662668   -0.162668 (VIOLATED)
_13545_/S1                              2.500000    2.662666   -0.162666 (VIOLATED)
_13607_/S1                              2.500000    2.662665   -0.162665 (VIOLATED)
_13627_/S1                              2.500000    2.662665   -0.162665 (VIOLATED)
_07995_/A2                              2.500000    2.662657   -0.162657 (VIOLATED)
_13504_/A1                              2.500000    2.662657   -0.162657 (VIOLATED)
_13508_/A2                              2.500000    2.662657   -0.162657 (VIOLATED)
_13611_/S1                              2.500000    2.662657   -0.162657 (VIOLATED)
_13612_/S1                              2.500000    2.662657   -0.162657 (VIOLATED)
_13622_/S1                              2.500000    2.662657   -0.162657 (VIOLATED)
fanout581/Z                             2.500000    2.662657   -0.162657 (VIOLATED)
_14747_/RN                              2.500000    2.661027   -0.161027 (VIOLATED)
_14752_/RN                              2.500000    2.661027   -0.161027 (VIOLATED)
_14753_/RN                              2.500000    2.661027   -0.161027 (VIOLATED)
_14754_/RN                              2.500000    2.661027   -0.161027 (VIOLATED)
_14755_/RN                              2.500000    2.661027   -0.161027 (VIOLATED)
_14756_/RN                              2.500000    2.661027   -0.161027 (VIOLATED)
_14757_/RN                              2.500000    2.661027   -0.161027 (VIOLATED)
_14768_/RN                              2.500000    2.661027   -0.161027 (VIOLATED)
_14769_/RN                              2.500000    2.661027   -0.161027 (VIOLATED)
_14771_/RN                              2.500000    2.661027   -0.161027 (VIOLATED)
fanout465/Z                             2.500000    2.661027   -0.161027 (VIOLATED)
_09351_/S                               2.500000    2.657279   -0.157279 (VIOLATED)
_09349_/S                               2.500000    2.657278   -0.157278 (VIOLATED)
_09345_/S                               2.500000    2.657277   -0.157277 (VIOLATED)
_09347_/S                               2.500000    2.657270   -0.157270 (VIOLATED)
_09335_/ZN                              2.500000    2.657261   -0.157261 (VIOLATED)
_09336_/I                               2.500000    2.657261   -0.157261 (VIOLATED)
_09353_/I                               2.500000    2.657261   -0.157261 (VIOLATED)
_14168_/RN                              2.500000    2.655015   -0.155015 (VIOLATED)
_14184_/RN                              2.500000    2.655014   -0.155014 (VIOLATED)
_14248_/RN                              2.500000    2.655013   -0.155013 (VIOLATED)
_14200_/RN                              2.500000    2.655012   -0.155012 (VIOLATED)
_14232_/RN                              2.500000    2.655012   -0.155012 (VIOLATED)
_14167_/RN                              2.500000    2.655003   -0.155003 (VIOLATED)
_14183_/RN                              2.500000    2.655003   -0.155003 (VIOLATED)
_14359_/RN                              2.500000    2.655003   -0.155003 (VIOLATED)
_14375_/RN                              2.500000    2.655003   -0.155003 (VIOLATED)
_14391_/RN                              2.500000    2.655003   -0.155003 (VIOLATED)
fanout484/Z                             2.500000    2.655003   -0.155003 (VIOLATED)
_14206_/RN                              2.500000    2.653093   -0.153093 (VIOLATED)
_14269_/RN                              2.500000    2.653093   -0.153093 (VIOLATED)
_14253_/RN                              2.500000    2.653092   -0.153092 (VIOLATED)
_14173_/RN                              2.500000    2.653090   -0.153090 (VIOLATED)
_14189_/RN                              2.500000    2.653090   -0.153090 (VIOLATED)
_14282_/RN                              2.500000    2.653090   -0.153090 (VIOLATED)
_14298_/RN                              2.500000    2.653081   -0.153081 (VIOLATED)
_14314_/RN                              2.500000    2.653081   -0.153081 (VIOLATED)
_14330_/RN                              2.500000    2.653081   -0.153081 (VIOLATED)
_14332_/RN                              2.500000    2.653081   -0.153081 (VIOLATED)
fanout498/Z                             2.500000    2.653081   -0.153081 (VIOLATED)
_06996_/A2                              2.500000    2.652969   -0.152969 (VIOLATED)
_06892_/A2                              2.500000    2.652963   -0.152963 (VIOLATED)
_06909_/A2                              2.500000    2.652961   -0.152961 (VIOLATED)
_06910_/A2                              2.500000    2.652958   -0.152958 (VIOLATED)
_07069_/A2                              2.500000    2.652956   -0.152955 (VIOLATED)
_06853_/Z                               2.500000    2.652947   -0.152947 (VIOLATED)
_06854_/I                               2.500000    2.652947   -0.152947 (VIOLATED)
_07079_/A2                              2.500000    2.652947   -0.152947 (VIOLATED)
_07080_/A2                              2.500000    2.652947   -0.152947 (VIOLATED)
_07290_/A2                              2.500000    2.652947   -0.152947 (VIOLATED)
_07299_/A2                              2.500000    2.652947   -0.152947 (VIOLATED)
fanout354/I                             2.500000    2.649905   -0.149905 (VIOLATED)
fanout353/I                             2.500000    2.649903   -0.149903 (VIOLATED)
_07090_/S                               2.500000    2.649900   -0.149900 (VIOLATED)
_07012_/A2                              2.500000    2.649899   -0.149899 (VIOLATED)
_06932_/S                               2.500000    2.649899   -0.149899 (VIOLATED)
_07013_/A2                              2.500000    2.649895   -0.149895 (VIOLATED)
_07477_/A2                              2.500000    2.649892   -0.149892 (VIOLATED)
_06901_/A2                              2.500000    2.649883   -0.149883 (VIOLATED)
_06950_/A2                              2.500000    2.649883   -0.149883 (VIOLATED)
_06954_/A2                              2.500000    2.649883   -0.149883 (VIOLATED)
fanout355/Z                             2.500000    2.649883   -0.149883 (VIOLATED)
_10351_/S                               2.500000    2.648443   -0.148443 (VIOLATED)
_10353_/S                               2.500000    2.648442   -0.148442 (VIOLATED)
_10357_/S                               2.500000    2.648438   -0.148438 (VIOLATED)
_10359_/S                               2.500000    2.648428   -0.148428 (VIOLATED)
max_length106/I                         2.500000    2.648396   -0.148396 (VIOLATED)
_10338_/Z                               2.500000    2.648384   -0.148384 (VIOLATED)
_10349_/S                               2.500000    2.648384   -0.148384 (VIOLATED)
max_cap147/I                            2.500000    2.643800   -0.143800 (VIOLATED)
_08627_/S                               2.500000    2.643790   -0.143790 (VIOLATED)
_08629_/S                               2.500000    2.643789   -0.143789 (VIOLATED)
_08625_/S                               2.500000    2.643782   -0.143782 (VIOLATED)
_08631_/S                               2.500000    2.643775   -0.143775 (VIOLATED)
_08622_/Z                               2.500000    2.643762   -0.143762 (VIOLATED)
_08637_/S                               2.500000    2.643762   -0.143762 (VIOLATED)
_12861_/ZN                              2.500000    2.641718   -0.141718 (VIOLATED)
_12864_/A1                              2.500000    2.641718   -0.141718 (VIOLATED)
_12963_/A1                              2.500000    2.641718   -0.141718 (VIOLATED)
_14867_/RN                              2.500000    2.639049   -0.139049 (VIOLATED)
_14868_/RN                              2.500000    2.639049   -0.139049 (VIOLATED)
_14869_/RN                              2.500000    2.639049   -0.139049 (VIOLATED)
_14870_/RN                              2.500000    2.639049   -0.139049 (VIOLATED)
_14871_/RN                              2.500000    2.639049   -0.139049 (VIOLATED)
_14872_/RN                              2.500000    2.639049   -0.139049 (VIOLATED)
_14880_/RN                              2.500000    2.639049   -0.139049 (VIOLATED)
_14881_/RN                              2.500000    2.639049   -0.139049 (VIOLATED)
_14882_/RN                              2.500000    2.639049   -0.139049 (VIOLATED)
_14885_/RN                              2.500000    2.639049   -0.139049 (VIOLATED)
fanout525/Z                             2.500000    2.639049   -0.139049 (VIOLATED)
_12383_/A3                              2.500000    2.638815   -0.138815 (VIOLATED)
_12385_/B1                              2.500000    2.638815   -0.138815 (VIOLATED)
_12386_/A2                              2.500000    2.638815   -0.138815 (VIOLATED)
_12387_/A2                              2.500000    2.638815   -0.138815 (VIOLATED)
_12483_/A3                              2.500000    2.638815   -0.138815 (VIOLATED)
_12484_/A2                              2.500000    2.638815   -0.138815 (VIOLATED)
_12559_/A2                              2.500000    2.638815   -0.138815 (VIOLATED)
_12560_/A2                              2.500000    2.638815   -0.138815 (VIOLATED)
_12562_/A2                              2.500000    2.638815   -0.138815 (VIOLATED)
_12642_/A3                              2.500000    2.638815   -0.138815 (VIOLATED)
fanout284/Z                             2.500000    2.638815   -0.138815 (VIOLATED)
_14433_/RN                              2.500000    2.637722   -0.137722 (VIOLATED)
_14449_/RN                              2.500000    2.637722   -0.137722 (VIOLATED)
_14465_/RN                              2.500000    2.637722   -0.137722 (VIOLATED)
_14497_/RN                              2.500000    2.637722   -0.137722 (VIOLATED)
_14512_/RN                              2.500000    2.637722   -0.137722 (VIOLATED)
_14513_/RN                              2.500000    2.637722   -0.137722 (VIOLATED)
_14528_/RN                              2.500000    2.637722   -0.137722 (VIOLATED)
_14529_/RN                              2.500000    2.637722   -0.137722 (VIOLATED)
_14636_/RN                              2.500000    2.637722   -0.137722 (VIOLATED)
_14652_/RN                              2.500000    2.637722   -0.137722 (VIOLATED)
fanout519/Z                             2.500000    2.637722   -0.137722 (VIOLATED)
_14179_/RN                              2.500000    2.636051   -0.136051 (VIOLATED)
_14195_/RN                              2.500000    2.636049   -0.136049 (VIOLATED)
_14211_/RN                              2.500000    2.636048   -0.136048 (VIOLATED)
_14243_/RN                              2.500000    2.636047   -0.136047 (VIOLATED)
_14227_/RN                              2.500000    2.636044   -0.136044 (VIOLATED)
_14415_/RN                              2.500000    2.636044   -0.136044 (VIOLATED)
_14210_/RN                              2.500000    2.636034   -0.136035 (VIOLATED)
_14226_/RN                              2.500000    2.636034   -0.136035 (VIOLATED)
_14242_/RN                              2.500000    2.636034   -0.136035 (VIOLATED)
_14258_/RN                              2.500000    2.636034   -0.136035 (VIOLATED)
fanout509/Z                             2.500000    2.636034   -0.136035 (VIOLATED)
_07067_/I                               2.500000    2.624170   -0.124170 (VIOLATED)
_07226_/C                               2.500000    2.624168   -0.124168 (VIOLATED)
_07152_/C                               2.500000    2.624167   -0.124167 (VIOLATED)
_07302_/C                               2.500000    2.624163   -0.124163 (VIOLATED)
_07296_/A1                              2.500000    2.624162   -0.124162 (VIOLATED)
_06891_/ZN                              2.500000    2.624152   -0.124152 (VIOLATED)
_06905_/A1                              2.500000    2.624152   -0.124152 (VIOLATED)
_06913_/C                               2.500000    2.624152   -0.124152 (VIOLATED)
_06986_/S                               2.500000    2.624152   -0.124152 (VIOLATED)
_09320_/A1                              2.500000    2.623147   -0.123147 (VIOLATED)
_09390_/A1                              2.500000    2.623147   -0.123147 (VIOLATED)
_09425_/A1                              2.500000    2.623145   -0.123145 (VIOLATED)
_09355_/A1                              2.500000    2.623144   -0.123144 (VIOLATED)
_09497_/A1                              2.500000    2.623143   -0.123143 (VIOLATED)
_09201_/Z                               2.500000    2.623133   -0.123133 (VIOLATED)
_09204_/A1                              2.500000    2.623133   -0.123133 (VIOLATED)
_09247_/A1                              2.500000    2.623133   -0.123133 (VIOLATED)
_09283_/A1                              2.500000    2.623133   -0.123133 (VIOLATED)
_09462_/A1                              2.500000    2.623133   -0.123133 (VIOLATED)
_09532_/A1                              2.500000    2.623133   -0.123133 (VIOLATED)
_14430_/RN                              2.500000    2.622144   -0.122145 (VIOLATED)
_14443_/RN                              2.500000    2.622144   -0.122145 (VIOLATED)
_14446_/RN                              2.500000    2.622144   -0.122145 (VIOLATED)
_14459_/RN                              2.500000    2.622144   -0.122145 (VIOLATED)
_14461_/RN                              2.500000    2.622144   -0.122145 (VIOLATED)
_14462_/RN                              2.500000    2.622144   -0.122145 (VIOLATED)
_14475_/RN                              2.500000    2.622144   -0.122145 (VIOLATED)
_14477_/RN                              2.500000    2.622144   -0.122145 (VIOLATED)
_14491_/RN                              2.500000    2.622144   -0.122145 (VIOLATED)
_14493_/RN                              2.500000    2.622144   -0.122145 (VIOLATED)
fanout546/Z                             2.500000    2.622144   -0.122145 (VIOLATED)
_14470_/RN                              2.500000    2.621064   -0.121064 (VIOLATED)
_14454_/RN                              2.500000    2.621064   -0.121064 (VIOLATED)
_14438_/RN                              2.500000    2.621062   -0.121062 (VIOLATED)
_14422_/RN                              2.500000    2.621061   -0.121060 (VIOLATED)
_14580_/RN                              2.500000    2.621048   -0.121048 (VIOLATED)
_14596_/RN                              2.500000    2.621048   -0.121048 (VIOLATED)
_14889_/RN                              2.500000    2.621048   -0.121048 (VIOLATED)
_14890_/RN                              2.500000    2.621048   -0.121048 (VIOLATED)
_14891_/RN                              2.500000    2.621048   -0.121048 (VIOLATED)
_14894_/RN                              2.500000    2.621048   -0.121048 (VIOLATED)
fanout535/Z                             2.500000    2.621048   -0.121048 (VIOLATED)
_14592_/RN                              2.500000    2.619976   -0.119976 (VIOLATED)
_14593_/RN                              2.500000    2.619976   -0.119976 (VIOLATED)
_14608_/RN                              2.500000    2.619976   -0.119976 (VIOLATED)
_14609_/RN                              2.500000    2.619976   -0.119976 (VIOLATED)
_14611_/RN                              2.500000    2.619976   -0.119976 (VIOLATED)
_14623_/RN                              2.500000    2.619976   -0.119976 (VIOLATED)
_14624_/RN                              2.500000    2.619976   -0.119976 (VIOLATED)
_14625_/RN                              2.500000    2.619976   -0.119976 (VIOLATED)
_14639_/RN                              2.500000    2.619976   -0.119976 (VIOLATED)
_14655_/RN                              2.500000    2.619976   -0.119976 (VIOLATED)
fanout551/Z                             2.500000    2.619976   -0.119976 (VIOLATED)
_06996_/B1                              2.500000    2.618024   -0.118024 (VIOLATED)
_06983_/A2                              2.500000    2.618023   -0.118023 (VIOLATED)
_06892_/B1                              2.500000    2.618021   -0.118021 (VIOLATED)
_06856_/Z                               2.500000    2.618010   -0.118010 (VIOLATED)
_06857_/I                               2.500000    2.618010   -0.118010 (VIOLATED)
_06909_/B1                              2.500000    2.618010   -0.118010 (VIOLATED)
_06910_/B1                              2.500000    2.618010   -0.118010 (VIOLATED)
_07069_/B1                              2.500000    2.618010   -0.118010 (VIOLATED)
_07079_/B1                              2.500000    2.618010   -0.118010 (VIOLATED)
_07080_/B1                              2.500000    2.618010   -0.118010 (VIOLATED)
_07290_/B1                              2.500000    2.618010   -0.118010 (VIOLATED)
_14822_/RN                              2.500000    2.617927   -0.117927 (VIOLATED)
_14818_/RN                              2.500000    2.617926   -0.117926 (VIOLATED)
_14819_/RN                              2.500000    2.617925   -0.117925 (VIOLATED)
_14821_/RN                              2.500000    2.617923   -0.117923 (VIOLATED)
_14816_/RN                              2.500000    2.617913   -0.117913 (VIOLATED)
_14817_/RN                              2.500000    2.617913   -0.117913 (VIOLATED)
_14835_/RN                              2.500000    2.617913   -0.117913 (VIOLATED)
_14836_/RN                              2.500000    2.617913   -0.117913 (VIOLATED)
_14837_/RN                              2.500000    2.617913   -0.117913 (VIOLATED)
_14856_/RN                              2.500000    2.617913   -0.117913 (VIOLATED)
fanout568/Z                             2.500000    2.617913   -0.117913 (VIOLATED)
_07670_/A2                              2.500000    2.617392   -0.117392 (VIOLATED)
_07733_/I                               2.500000    2.617392   -0.117392 (VIOLATED)
_07666_/A2                              2.500000    2.617391   -0.117391 (VIOLATED)
_07739_/A2                              2.500000    2.617389   -0.117389 (VIOLATED)
_07742_/A2                              2.500000    2.617389   -0.117389 (VIOLATED)
_07601_/A1                              2.500000    2.617388   -0.117388 (VIOLATED)
_07430_/Z                               2.500000    2.617379   -0.117379 (VIOLATED)
_07432_/A1                              2.500000    2.617379   -0.117379 (VIOLATED)
_07488_/A1                              2.500000    2.617379   -0.117379 (VIOLATED)
_07546_/A1                              2.500000    2.617379   -0.117379 (VIOLATED)
_07673_/A2                              2.500000    2.617379   -0.117379 (VIOLATED)
_11984_/ZN                              2.500000    2.614764   -0.114764 (VIOLATED)
_12006_/A2                              2.500000    2.614764   -0.114764 (VIOLATED)
_12043_/B                               2.500000    2.614764   -0.114764 (VIOLATED)
_12044_/A1                              2.500000    2.614764   -0.114764 (VIOLATED)
_12215_/A2                              2.500000    2.614764   -0.114764 (VIOLATED)
_12216_/A2                              2.500000    2.614764   -0.114764 (VIOLATED)
_12218_/A1                              2.500000    2.614764   -0.114764 (VIOLATED)
_12222_/A1                              2.500000    2.614764   -0.114764 (VIOLATED)
_10700_/S                               2.500000    2.612646   -0.112646 (VIOLATED)
_10693_/Z                               2.500000    2.612632   -0.112632 (VIOLATED)
_10694_/S                               2.500000    2.612632   -0.112632 (VIOLATED)
_10696_/S                               2.500000    2.612632   -0.112632 (VIOLATED)
_10698_/S                               2.500000    2.612632   -0.112632 (VIOLATED)
_10702_/S                               2.500000    2.612632   -0.112632 (VIOLATED)
max_cap86/I                             2.500000    2.612632   -0.112632 (VIOLATED)
_14312_/RN                              2.500000    2.608212   -0.108211 (VIOLATED)
_14295_/RN                              2.500000    2.608210   -0.108210 (VIOLATED)
_14311_/RN                              2.500000    2.608210   -0.108210 (VIOLATED)
_14328_/RN                              2.500000    2.608208   -0.108208 (VIOLATED)
_14329_/RN                              2.500000    2.608205   -0.108205 (VIOLATED)
_14313_/RN                              2.500000    2.608204   -0.108204 (VIOLATED)
_14327_/RN                              2.500000    2.608201   -0.108201 (VIOLATED)
_14264_/RN                              2.500000    2.608200   -0.108200 (VIOLATED)
fanout484/I                             2.500000    2.608186   -0.108185 (VIOLATED)
fanout485/I                             2.500000    2.608186   -0.108185 (VIOLATED)
fanout486/Z                             2.500000    2.608186   -0.108185 (VIOLATED)
_14191_/RN                              2.500000    2.605117   -0.105117 (VIOLATED)
_14365_/RN                              2.500000    2.605117   -0.105117 (VIOLATED)
_14381_/RN                              2.500000    2.605117   -0.105117 (VIOLATED)
_14175_/RN                              2.500000    2.605109   -0.105109 (VIOLATED)
_14205_/RN                              2.500000    2.605109   -0.105109 (VIOLATED)
_14221_/RN                              2.500000    2.605109   -0.105109 (VIOLATED)
_14271_/RN                              2.500000    2.605109   -0.105109 (VIOLATED)
_14349_/RN                              2.500000    2.605109   -0.105109 (VIOLATED)
_14397_/RN                              2.500000    2.605109   -0.105109 (VIOLATED)
_14413_/RN                              2.500000    2.605109   -0.105109 (VIOLATED)
fanout506/Z                             2.500000    2.605109   -0.105109 (VIOLATED)
_14533_/RN                              2.500000    2.604533   -0.104533 (VIOLATED)
_14535_/RN                              2.500000    2.604533   -0.104533 (VIOLATED)
_14536_/RN                              2.500000    2.604533   -0.104533 (VIOLATED)
_14549_/RN                              2.500000    2.604533   -0.104533 (VIOLATED)
_14550_/RN                              2.500000    2.604533   -0.104533 (VIOLATED)
_14551_/RN                              2.500000    2.604533   -0.104533 (VIOLATED)
_14569_/RN                              2.500000    2.604533   -0.104533 (VIOLATED)
_14842_/SETN                            2.500000    2.604533   -0.104533 (VIOLATED)
_14898_/RN                              2.500000    2.604533   -0.104533 (VIOLATED)
_14900_/RN                              2.500000    2.604533   -0.104533 (VIOLATED)
fanout542/Z                             2.500000    2.604533   -0.104533 (VIOLATED)
_14794_/RN                              2.500000    2.601942   -0.101942 (VIOLATED)
_14840_/RN                              2.500000    2.601942   -0.101942 (VIOLATED)
_14841_/RN                              2.500000    2.601941   -0.101941 (VIOLATED)
_14789_/SETN                            2.500000    2.601933   -0.101933 (VIOLATED)
_14790_/RN                              2.500000    2.601933   -0.101933 (VIOLATED)
_14791_/RN                              2.500000    2.601933   -0.101933 (VIOLATED)
_14792_/RN                              2.500000    2.601933   -0.101933 (VIOLATED)
_14793_/RN                              2.500000    2.601933   -0.101933 (VIOLATED)
_14795_/RN                              2.500000    2.601933   -0.101933 (VIOLATED)
_14839_/SETN                            2.500000    2.601933   -0.101933 (VIOLATED)
fanout472/Z                             2.500000    2.601933   -0.101933 (VIOLATED)
_09145_/A2                              2.500000    2.601188   -0.101188 (VIOLATED)
_09201_/I                               2.500000    2.601188   -0.101188 (VIOLATED)
_13303_/A1                              2.500000    2.601186   -0.101186 (VIOLATED)
_09567_/A1                              2.500000    2.601186   -0.101186 (VIOLATED)
_09143_/Z                               2.500000    2.601176   -0.101176 (VIOLATED)
_09604_/A1                              2.500000    2.601176   -0.101176 (VIOLATED)
_09639_/A1                              2.500000    2.601176   -0.101176 (VIOLATED)
_09674_/A1                              2.500000    2.601176   -0.101176 (VIOLATED)
_09709_/A1                              2.500000    2.601176   -0.101176 (VIOLATED)
_13315_/A1                              2.500000    2.601176   -0.101176 (VIOLATED)
_14577_/RN                              2.500000    2.594318   -0.094318 (VIOLATED)
_14562_/RN                              2.500000    2.594317   -0.094317 (VIOLATED)
_14561_/RN                              2.500000    2.594316   -0.094316 (VIOLATED)
_14563_/RN                              2.500000    2.594316   -0.094316 (VIOLATED)
fanout557/I                             2.500000    2.594316   -0.094316 (VIOLATED)
_14547_/RN                              2.500000    2.594313   -0.094313 (VIOLATED)
_14545_/RN                              2.500000    2.594313   -0.094313 (VIOLATED)
_14546_/RN                              2.500000    2.594312   -0.094312 (VIOLATED)
_14908_/RN                              2.500000    2.594301   -0.094301 (VIOLATED)
_14909_/RN                              2.500000    2.594301   -0.094301 (VIOLATED)
fanout558/Z                             2.500000    2.594301   -0.094301 (VIOLATED)
_07576_/A2                              2.500000    2.587112   -0.087112 (VIOLATED)
_07638_/A2                              2.500000    2.587112   -0.087112 (VIOLATED)
_07575_/ZN                              2.500000    2.587111   -0.087111 (VIOLATED)
_14665_/RN                              2.500000    2.584873   -0.084873 (VIOLATED)
_14702_/RN                              2.500000    2.584873   -0.084873 (VIOLATED)
_14705_/RN                              2.500000    2.584873   -0.084873 (VIOLATED)
_14704_/RN                              2.500000    2.584867   -0.084867 (VIOLATED)
_14701_/RN                              2.500000    2.584864   -0.084864 (VIOLATED)
_14664_/RN                              2.500000    2.584858   -0.084858 (VIOLATED)
_14707_/RN                              2.500000    2.584853   -0.084853 (VIOLATED)
_14700_/RN                              2.500000    2.584852   -0.084851 (VIOLATED)
_14699_/RN                              2.500000    2.584850   -0.084850 (VIOLATED)
_14698_/RN                              2.500000    2.584841   -0.084841 (VIOLATED)
fanout527/Z                             2.500000    2.584841   -0.084841 (VIOLATED)
_14192_/RN                              2.500000    2.584194   -0.084194 (VIOLATED)
_14203_/RN                              2.500000    2.584194   -0.084194 (VIOLATED)
_14208_/RN                              2.500000    2.584194   -0.084194 (VIOLATED)
_14219_/RN                              2.500000    2.584194   -0.084194 (VIOLATED)
_14224_/RN                              2.500000    2.584194   -0.084194 (VIOLATED)
_14235_/RN                              2.500000    2.584194   -0.084194 (VIOLATED)
_14251_/RN                              2.500000    2.584194   -0.084194 (VIOLATED)
_14256_/RN                              2.500000    2.584194   -0.084194 (VIOLATED)
_14379_/RN                              2.500000    2.584194   -0.084194 (VIOLATED)
_14395_/RN                              2.500000    2.584194   -0.084194 (VIOLATED)
fanout491/Z                             2.500000    2.584194   -0.084194 (VIOLATED)
_09654_/ZN                              2.500000    2.582344   -0.082344 (VIOLATED)
_09655_/I                               2.500000    2.582344   -0.082344 (VIOLATED)
_09664_/S                               2.500000    2.582344   -0.082344 (VIOLATED)
_09666_/S                               2.500000    2.582344   -0.082344 (VIOLATED)
_09668_/S                               2.500000    2.582344   -0.082344 (VIOLATED)
_09670_/S                               2.500000    2.582344   -0.082344 (VIOLATED)
_09672_/I                               2.500000    2.582344   -0.082344 (VIOLATED)
_14177_/RN                              2.500000    2.581501   -0.081501 (VIOLATED)
_14178_/RN                              2.500000    2.581501   -0.081501 (VIOLATED)
_14194_/RN                              2.500000    2.581499   -0.081499 (VIOLATED)
_14385_/RN                              2.500000    2.581497   -0.081497 (VIOLATED)
_14193_/RN                              2.500000    2.581488   -0.081488 (VIOLATED)
_14241_/RN                              2.500000    2.581488   -0.081488 (VIOLATED)
_14257_/RN                              2.500000    2.581488   -0.081488 (VIOLATED)
_14273_/RN                              2.500000    2.581488   -0.081488 (VIOLATED)
_14353_/RN                              2.500000    2.581488   -0.081488 (VIOLATED)
_14369_/RN                              2.500000    2.581488   -0.081488 (VIOLATED)
fanout493/Z                             2.500000    2.581488   -0.081488 (VIOLATED)
_07753_/B1                              2.500000    2.576152   -0.076152 (VIOLATED)
_07816_/B1                              2.500000    2.576152   -0.076152 (VIOLATED)
_07745_/A2                              2.500000    2.576150   -0.076150 (VIOLATED)
_07764_/B1                              2.500000    2.576150   -0.076150 (VIOLATED)
_07760_/B1                              2.500000    2.576150   -0.076150 (VIOLATED)
_07741_/A2                              2.500000    2.576148   -0.076148 (VIOLATED)
_07662_/I                               2.500000    2.576147   -0.076147 (VIOLATED)
_07447_/Z                               2.500000    2.576136   -0.076136 (VIOLATED)
_07453_/B1                              2.500000    2.576136   -0.076136 (VIOLATED)
_07457_/B1                              2.500000    2.576136   -0.076136 (VIOLATED)
_07672_/A2                              2.500000    2.576136   -0.076136 (VIOLATED)
_07517_/A2                              2.500000    2.572916   -0.072915 (VIOLATED)
_07519_/A1                              2.500000    2.572916   -0.072915 (VIOLATED)
_07520_/A1                              2.500000    2.572916   -0.072915 (VIOLATED)
_07475_/ZN                              2.500000    2.572914   -0.072914 (VIOLATED)
_06846_/ZN                              2.500000    2.572879   -0.072879 (VIOLATED)
_06865_/A2                              2.500000    2.572879   -0.072879 (VIOLATED)
_10867_/Z                               2.500000    2.572558   -0.072558 (VIOLATED)
_10868_/I                               2.500000    2.572558   -0.072558 (VIOLATED)
_11003_/A1                              2.500000    2.572558   -0.072558 (VIOLATED)
_11015_/A1                              2.500000    2.572558   -0.072558 (VIOLATED)
_11041_/A1                              2.500000    2.572558   -0.072558 (VIOLATED)
_11080_/A1                              2.500000    2.572558   -0.072558 (VIOLATED)
_11088_/A1                              2.500000    2.572558   -0.072558 (VIOLATED)
_11096_/A1                              2.500000    2.572558   -0.072558 (VIOLATED)
_11155_/A1                              2.500000    2.572558   -0.072558 (VIOLATED)
_11192_/A1                              2.500000    2.572558   -0.072558 (VIOLATED)
_11221_/C                               2.500000    2.572558   -0.072558 (VIOLATED)
_06886_/ZN                              2.500000    2.572269   -0.072269 (VIOLATED)
_06887_/A3                              2.500000    2.572269   -0.072269 (VIOLATED)
_06894_/A2                              2.500000    2.572269   -0.072269 (VIOLATED)
_06906_/A2                              2.500000    2.572269   -0.072269 (VIOLATED)
_06908_/A2                              2.500000    2.572269   -0.072269 (VIOLATED)
_07076_/I                               2.500000    2.572269   -0.072269 (VIOLATED)
_07291_/A2                              2.500000    2.572269   -0.072269 (VIOLATED)
_07297_/A2                              2.500000    2.572269   -0.072269 (VIOLATED)
_07298_/A2                              2.500000    2.572269   -0.072269 (VIOLATED)
_07497_/A2                              2.500000    2.567292   -0.067292 (VIOLATED)
_07493_/A2                              2.500000    2.567292   -0.067292 (VIOLATED)
_07506_/A2                              2.500000    2.567290   -0.067290 (VIOLATED)
_07337_/A2                              2.500000    2.567288   -0.067288 (VIOLATED)
_07332_/A2                              2.500000    2.567283   -0.067283 (VIOLATED)
_06838_/I                               2.500000    2.567277   -0.067277 (VIOLATED)
_06849_/A2                              2.500000    2.567267   -0.067267 (VIOLATED)
_06837_/ZN                              2.500000    2.567249   -0.067249 (VIOLATED)
_07276_/A2                              2.500000    2.567249   -0.067249 (VIOLATED)
_07282_/A2                              2.500000    2.567249   -0.067249 (VIOLATED)
_13161_/B                               2.500000    2.566316   -0.066316 (VIOLATED)
_13067_/A1                              2.500000    2.566312   -0.066312 (VIOLATED)
_12960_/A1                              2.500000    2.566301   -0.066301 (VIOLATED)
_12893_/B                               2.500000    2.566300   -0.066300 (VIOLATED)
_12826_/B                               2.500000    2.566298   -0.066297 (VIOLATED)
_13006_/B                               2.500000    2.566294   -0.066294 (VIOLATED)
_13008_/A1                              2.500000    2.566293   -0.066293 (VIOLATED)
_12205_/A2                              2.500000    2.566288   -0.066289 (VIOLATED)
fanout367/I                             2.500000    2.566282   -0.066282 (VIOLATED)
fanout366/I                             2.500000    2.566271   -0.066271 (VIOLATED)
fanout368/Z                             2.500000    2.566271   -0.066271 (VIOLATED)
_12876_/B                               2.500000    2.566057   -0.066057 (VIOLATED)
_12880_/A2                              2.500000    2.566056   -0.066056 (VIOLATED)
_12930_/I                               2.500000    2.566053   -0.066053 (VIOLATED)
_12816_/C                               2.500000    2.566052   -0.066052 (VIOLATED)
_12725_/A1                              2.500000    2.566051   -0.066050 (VIOLATED)
_12855_/A1                              2.500000    2.566049   -0.066049 (VIOLATED)
_12812_/A1                              2.500000    2.566046   -0.066045 (VIOLATED)
_12409_/A1                              2.500000    2.566042   -0.066042 (VIOLATED)
_12504_/A1                              2.500000    2.566038   -0.066038 (VIOLATED)
_12192_/Z                               2.500000    2.566029   -0.066029 (VIOLATED)
_12197_/A1                              2.500000    2.566029   -0.066029 (VIOLATED)
_09322_/A1                              2.500000    2.565126   -0.065126 (VIOLATED)
_09392_/A1                              2.500000    2.565126   -0.065126 (VIOLATED)
_09534_/A1                              2.500000    2.565126   -0.065126 (VIOLATED)
_09464_/A1                              2.500000    2.565125   -0.065125 (VIOLATED)
_09499_/A1                              2.500000    2.565125   -0.065125 (VIOLATED)
_09427_/A1                              2.500000    2.565124   -0.065124 (VIOLATED)
_09357_/A1                              2.500000    2.565124   -0.065123 (VIOLATED)
_09249_/A1                              2.500000    2.565111   -0.065111 (VIOLATED)
_09285_/A1                              2.500000    2.565109   -0.065109 (VIOLATED)
_09205_/Z                               2.500000    2.565096   -0.065096 (VIOLATED)
_09207_/A1                              2.500000    2.565096   -0.065096 (VIOLATED)
_14171_/RN                              2.500000    2.563049   -0.063049 (VIOLATED)
_14172_/RN                              2.500000    2.563049   -0.063049 (VIOLATED)
_14187_/RN                              2.500000    2.563049   -0.063049 (VIOLATED)
_14188_/RN                              2.500000    2.563049   -0.063049 (VIOLATED)
_14204_/RN                              2.500000    2.563049   -0.063049 (VIOLATED)
_14220_/RN                              2.500000    2.563049   -0.063049 (VIOLATED)
_14236_/RN                              2.500000    2.563049   -0.063049 (VIOLATED)
_14252_/RN                              2.500000    2.563049   -0.063049 (VIOLATED)
_14364_/RN                              2.500000    2.563049   -0.063049 (VIOLATED)
_14380_/RN                              2.500000    2.563049   -0.063049 (VIOLATED)
fanout487/Z                             2.500000    2.563049   -0.063049 (VIOLATED)
_13228_/ZN                              2.500000    2.562614   -0.062614 (VIOLATED)
_13229_/I                               2.500000    2.562614   -0.062614 (VIOLATED)
_13278_/A1                              2.500000    2.562614   -0.062614 (VIOLATED)
_13283_/A1                              2.500000    2.562614   -0.062614 (VIOLATED)
_13287_/A1                              2.500000    2.562614   -0.062614 (VIOLATED)
_13291_/A1                              2.500000    2.562614   -0.062614 (VIOLATED)
_13295_/A1                              2.500000    2.562614   -0.062614 (VIOLATED)
_07022_/ZN                              2.500000    2.560521   -0.060520 (VIOLATED)
_07023_/A4                              2.500000    2.560521   -0.060520 (VIOLATED)
wire208/I                               2.500000    2.560521   -0.060520 (VIOLATED)
_06825_/A2                              2.500000    2.560268   -0.060268 (VIOLATED)
_07483_/C                               2.500000    2.560268   -0.060268 (VIOLATED)
_07015_/A2                              2.500000    2.560265   -0.060265 (VIOLATED)
_06833_/A1                              2.500000    2.560265   -0.060265 (VIOLATED)
_07947_/A2                              2.500000    2.560262   -0.060262 (VIOLATED)
_06831_/A1                              2.500000    2.560252   -0.060252 (VIOLATED)
_06847_/A1                              2.500000    2.560252   -0.060252 (VIOLATED)
_06868_/I                               2.500000    2.560252   -0.060252 (VIOLATED)
_06873_/A1                              2.500000    2.560252   -0.060252 (VIOLATED)
_06914_/A2                              2.500000    2.560252   -0.060252 (VIOLATED)
fanout343/Z                             2.500000    2.560252   -0.060252 (VIOLATED)
_14284_/RN                              2.500000    2.558815   -0.058815 (VIOLATED)
_14300_/RN                              2.500000    2.558814   -0.058814 (VIOLATED)
_14316_/RN                              2.500000    2.558814   -0.058814 (VIOLATED)
_14270_/RN                              2.500000    2.558807   -0.058807 (VIOLATED)
_14254_/RN                              2.500000    2.558804   -0.058804 (VIOLATED)
_14238_/RN                              2.500000    2.558800   -0.058799 (VIOLATED)
_14222_/RN                              2.500000    2.558787   -0.058787 (VIOLATED)
_14237_/RN                              2.500000    2.558787   -0.058787 (VIOLATED)
fanout498/I                             2.500000    2.558787   -0.058787 (VIOLATED)
fanout499/Z                             2.500000    2.558787   -0.058787 (VIOLATED)
_07481_/ZN                              2.500000    2.556595   -0.056595 (VIOLATED)
_07482_/A2                              2.500000    2.556595   -0.056595 (VIOLATED)
_11340_/ZN                              2.500000    2.556554   -0.056553 (VIOLATED)
_11341_/A2                              2.500000    2.556554   -0.056553 (VIOLATED)
_11360_/A2                              2.500000    2.556554   -0.056553 (VIOLATED)
_11407_/A2                              2.500000    2.556554   -0.056553 (VIOLATED)
_14250_/RN                              2.500000    2.554027   -0.054027 (VIOLATED)
_14412_/RN                              2.500000    2.554027   -0.054027 (VIOLATED)
_14394_/RN                              2.500000    2.554026   -0.054026 (VIOLATED)
_14410_/RN                              2.500000    2.554025   -0.054025 (VIOLATED)
fanout487/I                             2.500000    2.554024   -0.054023 (VIOLATED)
_14170_/RN                              2.500000    2.554014   -0.054014 (VIOLATED)
_14186_/RN                              2.500000    2.554014   -0.054014 (VIOLATED)
_14202_/RN                              2.500000    2.554014   -0.054014 (VIOLATED)
_14218_/RN                              2.500000    2.554014   -0.054014 (VIOLATED)
_14234_/RN                              2.500000    2.554014   -0.054014 (VIOLATED)
fanout488/Z                             2.500000    2.554014   -0.054014 (VIOLATED)
_14288_/RN                              2.500000    2.553749   -0.053749 (VIOLATED)
_14289_/RN                              2.500000    2.553749   -0.053749 (VIOLATED)
_14290_/RN                              2.500000    2.553749   -0.053749 (VIOLATED)
_14291_/RN                              2.500000    2.553749   -0.053749 (VIOLATED)
_14304_/RN                              2.500000    2.553749   -0.053749 (VIOLATED)
_14307_/RN                              2.500000    2.553749   -0.053749 (VIOLATED)
_14428_/RN                              2.500000    2.553749   -0.053749 (VIOLATED)
_14498_/RN                              2.500000    2.553749   -0.053749 (VIOLATED)
_14514_/RN                              2.500000    2.553749   -0.053749 (VIOLATED)
_14530_/RN                              2.500000    2.553749   -0.053749 (VIOLATED)
fanout517/Z                             2.500000    2.553749   -0.053749 (VIOLATED)
_07416_/A2                              2.500000    2.545580   -0.045580 (VIOLATED)
_07183_/I                               2.500000    2.545580   -0.045580 (VIOLATED)
_07499_/A2                              2.500000    2.545579   -0.045579 (VIOLATED)
_07495_/A2                              2.500000    2.545577   -0.045577 (VIOLATED)
_07504_/A2                              2.500000    2.545573   -0.045573 (VIOLATED)
_07351_/A2                              2.500000    2.545569   -0.045569 (VIOLATED)
_07350_/A2                              2.500000    2.545561   -0.045560 (VIOLATED)
_07343_/A2                              2.500000    2.545557   -0.045556 (VIOLATED)
_07076_/Z                               2.500000    2.545537   -0.045537 (VIOLATED)
_07077_/A2                              2.500000    2.545537   -0.045537 (VIOLATED)
_07078_/A2                              2.500000    2.545537   -0.045537 (VIOLATED)
_11922_/ZN                              2.500000    2.544818   -0.044818 (VIOLATED)
_11929_/A1                              2.500000    2.544818   -0.044818 (VIOLATED)
_12027_/A1                              2.500000    2.544818   -0.044818 (VIOLATED)
_12028_/A1                              2.500000    2.544818   -0.044818 (VIOLATED)
_12030_/A1                              2.500000    2.544818   -0.044818 (VIOLATED)
_11593_/I                               2.500000    2.542566   -0.042566 (VIOLATED)
_12201_/B2                              2.500000    2.542563   -0.042563 (VIOLATED)
_11718_/A1                              2.500000    2.542551   -0.042551 (VIOLATED)
_11722_/A1                              2.500000    2.542551   -0.042551 (VIOLATED)
_11835_/B                               2.500000    2.542551   -0.042551 (VIOLATED)
_11837_/A1                              2.500000    2.542551   -0.042551 (VIOLATED)
_11962_/B                               2.500000    2.542551   -0.042551 (VIOLATED)
_11964_/A1                              2.500000    2.542551   -0.042551 (VIOLATED)
_12098_/I1                              2.500000    2.542551   -0.042551 (VIOLATED)
_12100_/A1                              2.500000    2.542551   -0.042551 (VIOLATED)
fanout323/Z                             2.500000    2.542551   -0.042551 (VIOLATED)
_07359_/ZN                              2.500000    2.540916   -0.040916 (VIOLATED)
_07360_/A2                              2.500000    2.540916   -0.040916 (VIOLATED)
_07368_/B2                              2.500000    2.540916   -0.040916 (VIOLATED)
_07373_/A2                              2.500000    2.540916   -0.040916 (VIOLATED)
_07374_/I0                              2.500000    2.540916   -0.040916 (VIOLATED)
_07380_/A1                              2.500000    2.540916   -0.040916 (VIOLATED)
_07386_/B2                              2.500000    2.540916   -0.040916 (VIOLATED)
_14166_/RN                              2.500000    2.539642   -0.039642 (VIOLATED)
_14230_/RN                              2.500000    2.539642   -0.039642 (VIOLATED)
_14246_/RN                              2.500000    2.539642   -0.039642 (VIOLATED)
_14249_/RN                              2.500000    2.539642   -0.039642 (VIOLATED)
_14265_/RN                              2.500000    2.539642   -0.039642 (VIOLATED)
_14345_/RN                              2.500000    2.539642   -0.039642 (VIOLATED)
_14361_/RN                              2.500000    2.539642   -0.039642 (VIOLATED)
_14377_/RN                              2.500000    2.539642   -0.039642 (VIOLATED)
_14390_/RN                              2.500000    2.539642   -0.039642 (VIOLATED)
_14393_/RN                              2.500000    2.539642   -0.039642 (VIOLATED)
fanout475/Z                             2.500000    2.539642   -0.039642 (VIOLATED)
_06850_/Z                               2.500000    2.538653   -0.038653 (VIOLATED)
_06864_/B1                              2.500000    2.538653   -0.038653 (VIOLATED)
_07053_/A2                              2.500000    2.538653   -0.038653 (VIOLATED)
_07057_/A2                              2.500000    2.538653   -0.038653 (VIOLATED)
_07060_/A2                              2.500000    2.538653   -0.038653 (VIOLATED)
_07121_/I                               2.500000    2.538653   -0.038653 (VIOLATED)
_07129_/A2                              2.500000    2.538653   -0.038653 (VIOLATED)
_07131_/A2                              2.500000    2.538653   -0.038653 (VIOLATED)
_07312_/A2                              2.500000    2.538653   -0.038653 (VIOLATED)
_07318_/A2                              2.500000    2.538653   -0.038653 (VIOLATED)
_07321_/A2                              2.500000    2.538653   -0.038653 (VIOLATED)
_07430_/I                               2.500000    2.537956   -0.037957 (VIOLATED)
_07424_/B1                              2.500000    2.537956   -0.037956 (VIOLATED)
_07334_/A1                              2.500000    2.537955   -0.037955 (VIOLATED)
_07339_/A1                              2.500000    2.537954   -0.037954 (VIOLATED)
_07329_/B1                              2.500000    2.537954   -0.037954 (VIOLATED)
_07481_/B1                              2.500000    2.537953   -0.037953 (VIOLATED)
_07236_/B1                              2.500000    2.537944   -0.037944 (VIOLATED)
_07233_/Z                               2.500000    2.537936   -0.037936 (VIOLATED)
_07273_/B1                              2.500000    2.537936   -0.037936 (VIOLATED)
_07278_/A1                              2.500000    2.537936   -0.037936 (VIOLATED)
_07284_/A1                              2.500000    2.537936   -0.037936 (VIOLATED)
_14544_/RN                              2.500000    2.533406   -0.033406 (VIOLATED)
_14854_/RN                              2.500000    2.533406   -0.033406 (VIOLATED)
_14559_/RN                              2.500000    2.533406   -0.033406 (VIOLATED)
_14543_/RN                              2.500000    2.533406   -0.033406 (VIOLATED)
_14560_/RN                              2.500000    2.533397   -0.033397 (VIOLATED)
_14575_/RN                              2.500000    2.533397   -0.033397 (VIOLATED)
_14576_/RN                              2.500000    2.533397   -0.033397 (VIOLATED)
_14579_/RN                              2.500000    2.533397   -0.033397 (VIOLATED)
_14591_/RN                              2.500000    2.533397   -0.033397 (VIOLATED)
_14607_/RN                              2.500000    2.533397   -0.033397 (VIOLATED)
fanout557/Z                             2.500000    2.533397   -0.033397 (VIOLATED)
_08329_/ZN                              2.500000    2.532947   -0.032947 (VIOLATED)
_08345_/I0                              2.500000    2.532947   -0.032947 (VIOLATED)
_13113_/B2                              2.500000    2.530191   -0.030191 (VIOLATED)
_13114_/B2                              2.500000    2.530191   -0.030191 (VIOLATED)
_13096_/A1                              2.500000    2.530190   -0.030190 (VIOLATED)
_13098_/A1                              2.500000    2.530190   -0.030189 (VIOLATED)
_12482_/A3                              2.500000    2.530179   -0.030179 (VIOLATED)
_12638_/A2                              2.500000    2.530179   -0.030179 (VIOLATED)
_12639_/A2                              2.500000    2.530179   -0.030179 (VIOLATED)
_12641_/A2                              2.500000    2.530179   -0.030179 (VIOLATED)
fanout281/I                             2.500000    2.530179   -0.030179 (VIOLATED)
fanout282/Z                             2.500000    2.530179   -0.030179 (VIOLATED)
_08121_/I                               2.500000    2.529758   -0.029758 (VIOLATED)
_08021_/I                               2.500000    2.529757   -0.029758 (VIOLATED)
_07994_/I                               2.500000    2.529747   -0.029747 (VIOLATED)
_08380_/A1                              2.500000    2.529743   -0.029743 (VIOLATED)
_07993_/Z                               2.500000    2.529732   -0.029732 (VIOLATED)
_08046_/I                               2.500000    2.529732   -0.029732 (VIOLATED)
_08057_/I                               2.500000    2.529732   -0.029732 (VIOLATED)
_08314_/A1                              2.500000    2.529732   -0.029732 (VIOLATED)
_08336_/A1                              2.500000    2.529732   -0.029732 (VIOLATED)
_08358_/A1                              2.500000    2.529732   -0.029732 (VIOLATED)
_08402_/A1                              2.500000    2.529732   -0.029732 (VIOLATED)
_08908_/S                               2.500000    2.529337   -0.029337 (VIOLATED)
_08906_/S                               2.500000    2.529336   -0.029336 (VIOLATED)
_08914_/S                               2.500000    2.529335   -0.029335 (VIOLATED)
_08912_/S                               2.500000    2.529324   -0.029324 (VIOLATED)
_08922_/S                               2.500000    2.529315   -0.029315 (VIOLATED)
_08905_/Z                               2.500000    2.529295   -0.029295 (VIOLATED)
max_cap65/I                             2.500000    2.529295   -0.029295 (VIOLATED)
_10309_/S                               2.500000    2.522658   -0.022658 (VIOLATED)
max_cap109/I                            2.500000    2.522657   -0.022657 (VIOLATED)
_10297_/S                               2.500000    2.522651   -0.022651 (VIOLATED)
_10295_/S                               2.500000    2.522647   -0.022647 (VIOLATED)
_10294_/Z                               2.500000    2.522639   -0.022639 (VIOLATED)
_10315_/S                               2.500000    2.522639   -0.022639 (VIOLATED)
_14541_/RN                              2.500000    2.521856   -0.021856 (VIOLATED)
_14906_/RN                              2.500000    2.521856   -0.021856 (VIOLATED)
_14542_/RN                              2.500000    2.521856   -0.021856 (VIOLATED)
_14605_/RN                              2.500000    2.521855   -0.021855 (VIOLATED)
_14557_/RN                              2.500000    2.521854   -0.021854 (VIOLATED)
_14573_/RN                              2.500000    2.521852   -0.021852 (VIOLATED)
_14558_/RN                              2.500000    2.521844   -0.021844 (VIOLATED)
_14574_/RN                              2.500000    2.521844   -0.021844 (VIOLATED)
_14590_/RN                              2.500000    2.521844   -0.021844 (VIOLATED)
_14606_/RN                              2.500000    2.521844   -0.021844 (VIOLATED)
fanout554/Z                             2.500000    2.521844   -0.021844 (VIOLATED)
_07239_/B1                              2.500000    2.518675   -0.018675 (VIOLATED)
_07084_/Z                               2.500000    2.518667   -0.018666 (VIOLATED)
_07089_/A1                              2.500000    2.518667   -0.018666 (VIOLATED)
_07101_/A1                              2.500000    2.518667   -0.018666 (VIOLATED)
_07162_/B1                              2.500000    2.518667   -0.018666 (VIOLATED)
_07165_/B1                              2.500000    2.518667   -0.018666 (VIOLATED)
_07233_/I                               2.500000    2.518667   -0.018666 (VIOLATED)
_07277_/A1                              2.500000    2.518667   -0.018666 (VIOLATED)
_07283_/A1                              2.500000    2.518667   -0.018666 (VIOLATED)
_07333_/A1                              2.500000    2.518667   -0.018666 (VIOLATED)
_07338_/A1                              2.500000    2.518667   -0.018666 (VIOLATED)
_10877_/A2                              2.500000    2.516865   -0.016865 (VIOLATED)
_10951_/A2                              2.500000    2.516863   -0.016863 (VIOLATED)
_10845_/A2                              2.500000    2.516862   -0.016862 (VIOLATED)
_10895_/A2                              2.500000    2.516862   -0.016862 (VIOLATED)
_10930_/A2                              2.500000    2.516861   -0.016861 (VIOLATED)
_10822_/A2                              2.500000    2.516861   -0.016861 (VIOLATED)
_10941_/A2                              2.500000    2.516860   -0.016861 (VIOLATED)
_10798_/Z                               2.500000    2.516851   -0.016851 (VIOLATED)
_10799_/I                               2.500000    2.516851   -0.016851 (VIOLATED)
_10807_/I                               2.500000    2.516851   -0.016851 (VIOLATED)
_11225_/C                               2.500000    2.516851   -0.016851 (VIOLATED)
_13007_/A2                              2.500000    2.516574   -0.016574 (VIOLATED)
_12892_/A2                              2.500000    2.516572   -0.016572 (VIOLATED)
_12959_/A2                              2.500000    2.516572   -0.016572 (VIOLATED)
_12827_/A2                              2.500000    2.516565   -0.016565 (VIOLATED)
_12530_/A2                              2.500000    2.516563   -0.016563 (VIOLATED)
_12453_/A2                              2.500000    2.516557   -0.016557 (VIOLATED)
_12349_/A2                              2.500000    2.516551   -0.016551 (VIOLATED)
_12284_/A2                              2.500000    2.516550   -0.016550 (VIOLATED)
_12283_/Z                               2.500000    2.516537   -0.016537 (VIOLATED)
_12673_/A2                              2.500000    2.516537   -0.016537 (VIOLATED)
_12735_/A2                              2.500000    2.516537   -0.016537 (VIOLATED)
_08373_/ZN                              2.500000    2.514063   -0.014063 (VIOLATED)
_08389_/I0                              2.500000    2.514063   -0.014063 (VIOLATED)
_11289_/A1                              2.500000    2.507042   -0.007042 (VIOLATED)
_11398_/S                               2.500000    2.507038   -0.007038 (VIOLATED)
_10844_/B                               2.500000    2.507037   -0.007037 (VIOLATED)
_11550_/A1                              2.500000    2.507037   -0.007037 (VIOLATED)
_11551_/A2                              2.500000    2.507036   -0.007036 (VIOLATED)
_11620_/A1                              2.500000    2.507032   -0.007032 (VIOLATED)
_10833_/A1                              2.500000    2.507029   -0.007029 (VIOLATED)
_10787_/A2                              2.500000    2.507020   -0.007020 (VIOLATED)
_10788_/A1                              2.500000    2.507020   -0.007020 (VIOLATED)
_11290_/A2                              2.500000    2.507020   -0.007020 (VIOLATED)
fanout251/Z                             2.500000    2.507020   -0.007020 (VIOLATED)
_08493_/S1                              2.500000    2.501314   -0.001314 (VIOLATED)
_08488_/S1                              2.500000    2.501314   -0.001314 (VIOLATED)
_08469_/S1                              2.500000    2.501313   -0.001313 (VIOLATED)
_08483_/S1                              2.500000    2.501311   -0.001311 (VIOLATED)
_13486_/A2                              2.500000    2.501311   -0.001311 (VIOLATED)
_08489_/S1                              2.500000    2.501310   -0.001310 (VIOLATED)
_07984_/A1                              2.500000    2.501302   -0.001302 (VIOLATED)
_08479_/S1                              2.500000    2.501302   -0.001302 (VIOLATED)
_08484_/S1                              2.500000    2.501302   -0.001302 (VIOLATED)
_08494_/S1                              2.500000    2.501302   -0.001302 (VIOLATED)
fanout593/Z                             2.500000    2.501302   -0.001302 (VIOLATED)

max fanout

Pin                                   Limit Fanout  Slack
---------------------------------------------------------
clkbuf_leaf_63_clk/Z                     10     21    -11 (VIOLATED)
clkbuf_leaf_0_clk/Z                      10     20    -10 (VIOLATED)
clkbuf_leaf_13_clk/Z                     10     20    -10 (VIOLATED)
clkbuf_leaf_2_clk/Z                      10     20    -10 (VIOLATED)
clkbuf_leaf_39_clk/Z                     10     20    -10 (VIOLATED)
clkbuf_leaf_40_clk/Z                     10     20    -10 (VIOLATED)
clkbuf_leaf_41_clk/Z                     10     20    -10 (VIOLATED)
clkbuf_leaf_51_clk/Z                     10     20    -10 (VIOLATED)
clkbuf_leaf_54_clk/Z                     10     20    -10 (VIOLATED)
clkbuf_leaf_65_clk/Z                     10     20    -10 (VIOLATED)
clkbuf_leaf_68_clk/Z                     10     20    -10 (VIOLATED)
clkbuf_leaf_18_clk/Z                     10     19     -9 (VIOLATED)
clkbuf_leaf_19_clk/Z                     10     19     -9 (VIOLATED)
clkbuf_leaf_21_clk/Z                     10     19     -9 (VIOLATED)
clkbuf_leaf_23_clk/Z                     10     19     -9 (VIOLATED)
clkbuf_leaf_31_clk/Z                     10     19     -9 (VIOLATED)
clkbuf_leaf_32_clk/Z                     10     19     -9 (VIOLATED)
clkbuf_leaf_36_clk/Z                     10     19     -9 (VIOLATED)
clkbuf_leaf_37_clk/Z                     10     19     -9 (VIOLATED)
clkbuf_leaf_38_clk/Z                     10     19     -9 (VIOLATED)
clkbuf_leaf_44_clk/Z                     10     19     -9 (VIOLATED)
clkbuf_leaf_46_clk/Z                     10     19     -9 (VIOLATED)
clkbuf_leaf_47_clk/Z                     10     19     -9 (VIOLATED)
clkbuf_leaf_48_clk/Z                     10     19     -9 (VIOLATED)
clkbuf_leaf_49_clk/Z                     10     19     -9 (VIOLATED)
clkbuf_leaf_4_clk/Z                      10     19     -9 (VIOLATED)
clkbuf_leaf_50_clk/Z                     10     19     -9 (VIOLATED)
clkbuf_leaf_53_clk/Z                     10     19     -9 (VIOLATED)
clkbuf_leaf_5_clk/Z                      10     19     -9 (VIOLATED)
clkbuf_leaf_64_clk/Z                     10     19     -9 (VIOLATED)
clkbuf_leaf_72_clk/Z                     10     19     -9 (VIOLATED)
clkbuf_leaf_73_clk/Z                     10     19     -9 (VIOLATED)
clkbuf_leaf_7_clk/Z                      10     19     -9 (VIOLATED)
clkbuf_leaf_10_clk/Z                     10     18     -8 (VIOLATED)
clkbuf_leaf_11_clk/Z                     10     18     -8 (VIOLATED)
clkbuf_leaf_16_clk/Z                     10     18     -8 (VIOLATED)
clkbuf_leaf_22_clk/Z                     10     18     -8 (VIOLATED)
clkbuf_leaf_30_clk/Z                     10     18     -8 (VIOLATED)
clkbuf_leaf_33_clk/Z                     10     18     -8 (VIOLATED)
clkbuf_leaf_34_clk/Z                     10     18     -8 (VIOLATED)
clkbuf_leaf_45_clk/Z                     10     18     -8 (VIOLATED)
clkbuf_leaf_52_clk/Z                     10     18     -8 (VIOLATED)
clkbuf_leaf_59_clk/Z                     10     18     -8 (VIOLATED)
clkbuf_leaf_61_clk/Z                     10     18     -8 (VIOLATED)
clkbuf_leaf_66_clk/Z                     10     18     -8 (VIOLATED)
clkbuf_leaf_67_clk/Z                     10     18     -8 (VIOLATED)
clkbuf_leaf_69_clk/Z                     10     18     -8 (VIOLATED)
clkbuf_leaf_6_clk/Z                      10     18     -8 (VIOLATED)
clkbuf_leaf_70_clk/Z                     10     18     -8 (VIOLATED)
clkbuf_leaf_71_clk/Z                     10     18     -8 (VIOLATED)
clkbuf_leaf_74_clk/Z                     10     18     -8 (VIOLATED)
clkbuf_leaf_75_clk/Z                     10     18     -8 (VIOLATED)
clkbuf_leaf_12_clk/Z                     10     17     -7 (VIOLATED)
clkbuf_leaf_14_clk/Z                     10     17     -7 (VIOLATED)
clkbuf_leaf_15_clk/Z                     10     17     -7 (VIOLATED)
clkbuf_leaf_1_clk/Z                      10     17     -7 (VIOLATED)
clkbuf_leaf_20_clk/Z                     10     17     -7 (VIOLATED)
clkbuf_leaf_25_clk/Z                     10     17     -7 (VIOLATED)
clkbuf_leaf_26_clk/Z                     10     17     -7 (VIOLATED)
clkbuf_leaf_27_clk/Z                     10     17     -7 (VIOLATED)
clkbuf_leaf_28_clk/Z                     10     17     -7 (VIOLATED)
clkbuf_leaf_29_clk/Z                     10     17     -7 (VIOLATED)
clkbuf_leaf_35_clk/Z                     10     17     -7 (VIOLATED)
clkbuf_leaf_42_clk/Z                     10     17     -7 (VIOLATED)
clkbuf_leaf_55_clk/Z                     10     17     -7 (VIOLATED)
clkbuf_leaf_57_clk/Z                     10     17     -7 (VIOLATED)
clkbuf_leaf_62_clk/Z                     10     17     -7 (VIOLATED)
clkbuf_leaf_17_clk/Z                     10     16     -6 (VIOLATED)
clkbuf_leaf_60_clk/Z                     10     16     -6 (VIOLATED)
clkbuf_leaf_8_clk/Z                      10     16     -6 (VIOLATED)
clkbuf_leaf_9_clk/Z                      10     16     -6 (VIOLATED)
clkbuf_leaf_24_clk/Z                     10     14     -4 (VIOLATED)
clkbuf_leaf_3_clk/Z                      10     13     -3 (VIOLATED)
clkbuf_leaf_43_clk/Z                     10     13     -3 (VIOLATED)
clkbuf_leaf_76_clk/Z                     10     13     -3 (VIOLATED)
clkbuf_leaf_58_clk/Z                     10     12     -2 (VIOLATED)



===========================================================================
report_parasitic_annotation -report_unannotated
============================================================================
Found 64 unannotated drivers.
 _14978_/Z
 _14979_/Z
 clkload0/Z
 clkload1/Z
 clkload10/Z
 clkload11/Z
 clkload12/Z
 clkload13/Z
 clkload14/ZN
 clkload15/ZN
 clkload16/ZN
 clkload17/ZN
 clkload18/ZN
 clkload19/Z
 clkload2/Z
 clkload20/ZN
 clkload21/Z
 clkload22/ZN
 clkload23/ZN
 clkload24/ZN
 clkload25/ZN
 clkload26/Z
 clkload27/ZN
 clkload28/Z
 clkload29/ZN
 clkload3/Z
 clkload30/ZN
 clkload31/Z
 clkload32/Z
 clkload33/ZN
 clkload34/Z
 clkload35/Z
 clkload36/ZN
 clkload37/ZN
 clkload38/ZN
 clkload39/ZN
 clkload4/ZN
 clkload40/Z
 clkload41/ZN
 clkload42/Z
 clkload43/ZN
 clkload44/ZN
 clkload45/ZN
 clkload46/ZN
 clkload47/ZN
 clkload48/Z
 clkload49/Z
 clkload5/ZN
 clkload50/Z
 clkload51/ZN
 clkload52/ZN
 clkload53/ZN
 clkload54/ZN
 clkload55/ZN
 clkload56/Z
 clkload57/ZN
 clkload58/ZN
 clkload59/ZN
 clkload6/ZN
 clkload60/ZN
 clkload61/Z
 clkload7/Z
 clkload8/Z
 clkload9/ZN
Found 0 partially unannotated drivers.

===========================================================================
max slew violation count 1461
max fanout violation count 76
max cap violation count 0
============================================================================

===========================================================================
check_setup -verbose -unconstrained_endpoints -multiple_clock -no_clock -no_input_delay -loops -generated_clocks
===========================================================================
