
===========================================================================
report_checks -unconstrained
===========================================================================
======================= max_ss_125C_4v50 Corner ===================================

Startpoint: _14847_ (rising edge-triggered flip-flop clocked by clk)
Endpoint: _14823_ (recovery check against rising-edge clock clk)
Path Group: asynchronous
Path Type: max

Fanout         Cap        Slew       Delay        Time   Description
---------------------------------------------------------------------------------------------
                                  0.000000    0.000000   clock clk (rise edge)
                                  0.000000    0.000000   clock source latency
     2    0.097948    0.000000    0.000000    0.000000 ^ clk (in)
                                                         clk (net)
                      0.032279    0.013203    0.013203 ^ clkbuf_0_clk/I (gf180mcu_fd_sc_mcu7t5v0__clkbuf_16)
     8    0.231628    0.483400    0.600001    0.613204 ^ clkbuf_0_clk/Z (gf180mcu_fd_sc_mcu7t5v0__clkbuf_16)
                                                         clknet_0_clk (net)
                      0.483522    0.010619    0.623823 ^ clkbuf_3_0_0_clk/I (gf180mcu_fd_sc_mcu7t5v0__clkbuf_8)
     2    0.070375    0.339878    0.597671    1.221495 ^ clkbuf_3_0_0_clk/Z (gf180mcu_fd_sc_mcu7t5v0__clkbuf_8)
                                                         clknet_3_0_0_clk (net)
                      0.339880    0.001862    1.223357 ^ clkbuf_4_1__f_clk/I (gf180mcu_fd_sc_mcu7t5v0__clkbuf_16)
     5    0.091942    0.268156    0.525019    1.748376 ^ clkbuf_4_1__f_clk/Z (gf180mcu_fd_sc_mcu7t5v0__clkbuf_16)
                                                         clknet_4_1__leaf_clk (net)
                      0.268166    0.002965    1.751341 ^ clkbuf_leaf_2_clk/I (gf180mcu_fd_sc_mcu7t5v0__clkbuf_8)
    19    0.097004    0.420722    0.602195    2.353535 ^ clkbuf_leaf_2_clk/Z (gf180mcu_fd_sc_mcu7t5v0__clkbuf_8)
                                                         clknet_leaf_2_clk (net)
                      0.420725    0.001862    2.355397 ^ _14847_/CLK (gf180mcu_fd_sc_mcu7t5v0__dffrnq_1)
     1    0.006867    0.364934    1.771373    4.126770 ^ _14847_/Q (gf180mcu_fd_sc_mcu7t5v0__dffrnq_1)
                                                         rst_n_fir (net)
                      0.364934    0.000175    4.126945 ^ wire575/I (gf180mcu_fd_sc_mcu7t5v0__buf_1)
     3    0.027207    0.833242    0.766923    4.893868 ^ wire575/Z (gf180mcu_fd_sc_mcu7t5v0__buf_1)
                                                         net575 (net)
                      0.833243    0.001301    4.895169 ^ max_length862/I (gf180mcu_fd_sc_mcu7t5v0__dlyb_1)
     1    0.028176    0.885340    2.135600    7.030769 ^ max_length862/Z (gf180mcu_fd_sc_mcu7t5v0__dlyb_1)
                                                         net861 (net)
                      0.885340    0.001608    7.032377 ^ wire574/I (gf180mcu_fd_sc_mcu7t5v0__clkbuf_2)
     2    0.026222    0.447502    0.722700    7.755077 ^ wire574/Z (gf180mcu_fd_sc_mcu7t5v0__clkbuf_2)
                                                         net574 (net)
                      0.447503    0.001227    7.756304 ^ wire851/I (gf180mcu_fd_sc_mcu7t5v0__clkbuf_1)
     1    0.035074    1.033438    0.898186    8.654490 ^ wire851/Z (gf180mcu_fd_sc_mcu7t5v0__clkbuf_1)
                                                         net850 (net)
                      1.033454    0.002261    8.656752 ^ fanout571/I (gf180mcu_fd_sc_mcu7t5v0__dlyb_1)
     3    0.033419    1.020882    2.228747   10.885499 ^ fanout571/Z (gf180mcu_fd_sc_mcu7t5v0__dlyb_1)
                                                         net571 (net)
                      1.020882    0.001004   10.886502 ^ wire839/I (gf180mcu_fd_sc_mcu7t5v0__clkbuf_1)
     2    0.042027    1.221186    1.086663   11.973166 ^ wire839/Z (gf180mcu_fd_sc_mcu7t5v0__clkbuf_1)
                                                         net838 (net)
                      1.221211    0.003070   11.976235 ^ wire573/I (gf180mcu_fd_sc_mcu7t5v0__clkbuf_1)
     1    0.013402    0.464184    0.663904   12.640139 ^ wire573/Z (gf180mcu_fd_sc_mcu7t5v0__clkbuf_1)
                                                         net573 (net)
                      0.464184    0.000452   12.640592 ^ wire817/I (gf180mcu_fd_sc_mcu7t5v0__buf_1)
     3    0.042389    1.243419    1.019134   13.659725 ^ wire817/Z (gf180mcu_fd_sc_mcu7t5v0__buf_1)
                                                         net816 (net)
                      1.243424    0.001431   13.661156 ^ max_length572/I (gf180mcu_fd_sc_mcu7t5v0__clkbuf_1)
     1    0.033852    1.001855    0.982854   14.644010 ^ max_length572/Z (gf180mcu_fd_sc_mcu7t5v0__clkbuf_1)
                                                         net572 (net)
                      1.001868    0.001949   14.645959 ^ fanout570/I (gf180mcu_fd_sc_mcu7t5v0__dlyb_1)
     6    0.071890    2.047806    2.822568   17.468527 ^ fanout570/Z (gf180mcu_fd_sc_mcu7t5v0__dlyb_1)
                                                         net570 (net)
                      2.047806    0.000465   17.468992 ^ fanout569/I (gf180mcu_fd_sc_mcu7t5v0__dlyb_1)
     5    0.054950    1.591595    2.553644   20.022636 ^ fanout569/Z (gf180mcu_fd_sc_mcu7t5v0__dlyb_1)
                                                         net569 (net)
                      1.591595    0.000776   20.023413 ^ fanout566/I (gf180mcu_fd_sc_mcu7t5v0__dlyb_1)
     5    0.055414    1.604260    2.570582   22.593994 ^ fanout566/Z (gf180mcu_fd_sc_mcu7t5v0__dlyb_1)
                                                         net566 (net)
                      1.604271    0.002295   22.596291 ^ fanout565/I (gf180mcu_fd_sc_mcu7t5v0__dlyb_1)
    10    0.085511    2.414987    3.038133   25.634424 ^ fanout565/Z (gf180mcu_fd_sc_mcu7t5v0__dlyb_1)
                                                         net565 (net)
                      2.414987    0.000924   25.635347 ^ _14823_/RN (gf180mcu_fd_sc_mcu7t5v0__dffrnq_1)
                                             25.635347   data arrival time

                                 62.500000   62.500000   clock clk (rise edge)
                                  0.000000   62.500000   clock source latency
     2    0.097948    0.000000    0.000000   62.500000 ^ clk (in)
                                                         clk (net)
                      0.032279    0.013202   62.513203 ^ clkbuf_0_clk/I (gf180mcu_fd_sc_mcu7t5v0__clkbuf_16)
     8    0.231628    0.483400    0.600004   63.113209 ^ clkbuf_0_clk/Z (gf180mcu_fd_sc_mcu7t5v0__clkbuf_16)
                                                         clknet_0_clk (net)
                      0.483518    0.010509   63.123714 ^ clkbuf_3_5_0_clk/I (gf180mcu_fd_sc_mcu7t5v0__clkbuf_8)
     2    0.078160    0.363250    0.612388   63.736103 ^ clkbuf_3_5_0_clk/Z (gf180mcu_fd_sc_mcu7t5v0__clkbuf_8)
                                                         clknet_3_5_0_clk (net)
                      0.363259    0.003389   63.739494 ^ clkbuf_4_11__f_clk/I (gf180mcu_fd_sc_mcu7t5v0__clkbuf_16)
     5    0.097027    0.275949    0.536474   64.275970 ^ clkbuf_4_11__f_clk/Z (gf180mcu_fd_sc_mcu7t5v0__clkbuf_16)
                                                         clknet_4_11__leaf_clk (net)
                      0.275950    0.001350   64.277321 ^ clkbuf_leaf_44_clk/I (gf180mcu_fd_sc_mcu7t5v0__clkbuf_8)
    20    0.109220    0.459277    0.629193   64.906509 ^ clkbuf_leaf_44_clk/Z (gf180mcu_fd_sc_mcu7t5v0__clkbuf_8)
                                                         clknet_leaf_44_clk (net)
                      0.459278    0.000902   64.907410 ^ _14823_/CLK (gf180mcu_fd_sc_mcu7t5v0__dffrnq_1)
                                 -0.250000   64.657417   clock uncertainty
                                  0.000000   64.657417   clock reconvergence pessimism
                                  0.006472   64.663887   library recovery time
                                             64.663887   data required time
---------------------------------------------------------------------------------------------
                                             64.663887   data required time
                                            -25.635347   data arrival time
---------------------------------------------------------------------------------------------
                                             39.028542   slack (MET)


Startpoint: _14873_ (rising edge-triggered flip-flop clocked by clk)
Endpoint: _14893_ (rising edge-triggered flip-flop clocked by clk)
Path Group: clk
Path Type: max

Fanout         Cap        Slew       Delay        Time   Description
---------------------------------------------------------------------------------------------
                                  0.000000    0.000000   clock clk (rise edge)
                                  0.000000    0.000000   clock source latency
     2    0.097948    0.000000    0.000000    0.000000 ^ clk (in)
                                                         clk (net)
                      0.032279    0.013203    0.013203 ^ clkbuf_0_clk/I (gf180mcu_fd_sc_mcu7t5v0__clkbuf_16)
     8    0.231628    0.483400    0.600001    0.613204 ^ clkbuf_0_clk/Z (gf180mcu_fd_sc_mcu7t5v0__clkbuf_16)
                                                         clknet_0_clk (net)
                      0.483498    0.009908    0.623113 ^ clkbuf_3_4_0_clk/I (gf180mcu_fd_sc_mcu7t5v0__clkbuf_8)
     2    0.069680    0.337722    0.596257    1.219369 ^ clkbuf_3_4_0_clk/Z (gf180mcu_fd_sc_mcu7t5v0__clkbuf_8)
                                                         clknet_3_4_0_clk (net)
                      0.337725    0.002061    1.221430 ^ clkbuf_4_8__f_clk/I (gf180mcu_fd_sc_mcu7t5v0__clkbuf_16)
     5    0.170048    0.388986    0.607379    1.828809 ^ clkbuf_4_8__f_clk/Z (gf180mcu_fd_sc_mcu7t5v0__clkbuf_16)
                                                         clknet_4_8__leaf_clk (net)
                      0.389006    0.004276    1.833085 ^ clkbuf_leaf_54_clk/I (gf180mcu_fd_sc_mcu7t5v0__clkbuf_8)
    15    0.118784    0.489230    0.673768    2.506853 ^ clkbuf_leaf_54_clk/Z (gf180mcu_fd_sc_mcu7t5v0__clkbuf_8)
                                                         clknet_leaf_54_clk (net)
                      0.489235    0.002317    2.509170 ^ _14873_/CLK (gf180mcu_fd_sc_mcu7t5v0__dffrnq_1)
     1    0.005463    0.206583    1.361326    3.870496 v _14873_/Q (gf180mcu_fd_sc_mcu7t5v0__dffrnq_1)
                                                         fir_inst.control.cnt[0] (net)
                      0.206583    0.000123    3.870619 v fanout363/I (gf180mcu_fd_sc_mcu7t5v0__dlyb_1)
     2    0.027964    0.741785    2.227045    6.097663 v fanout363/Z (gf180mcu_fd_sc_mcu7t5v0__dlyb_1)
                                                         net363 (net)
                      0.741785    0.001406    6.099069 v wire364/I (gf180mcu_fd_sc_mcu7t5v0__buf_2)
     3    0.053315    0.493441    0.789339    6.888408 v wire364/Z (gf180mcu_fd_sc_mcu7t5v0__buf_2)
                                                         net364 (net)
                      0.493474    0.002248    6.890656 v max_length852/I (gf180mcu_fd_sc_mcu7t5v0__clkbuf_1)
     3    0.042754    1.175326    1.052435    7.943091 v max_length852/Z (gf180mcu_fd_sc_mcu7t5v0__clkbuf_1)
                                                         net851 (net)
                      1.175326    0.001142    7.944233 v fanout355/I (gf180mcu_fd_sc_mcu7t5v0__dlyb_1)
     6    0.070579    1.349705    3.073718   11.017951 v fanout355/Z (gf180mcu_fd_sc_mcu7t5v0__dlyb_1)
                                                         net355 (net)
                      1.349714    0.002579   11.020531 v fanout354/I (gf180mcu_fd_sc_mcu7t5v0__dlyb_1)
     9    0.104687    1.842755    3.485574   14.506105 v fanout354/Z (gf180mcu_fd_sc_mcu7t5v0__dlyb_1)
                                                         net354 (net)
                      1.842755    0.001134   14.507239 v fanout353/I (gf180mcu_fd_sc_mcu7t5v0__dlyb_1)
    10    0.084635    1.553100    3.447009   17.954248 v fanout353/Z (gf180mcu_fd_sc_mcu7t5v0__dlyb_1)
                                                         net353 (net)
                      1.553108    0.002840   17.957088 v _06836_/A1 (gf180mcu_fd_sc_mcu7t5v0__nor2_1)
     2    0.019619    1.324082    1.170054   19.127144 ^ _06836_/ZN (gf180mcu_fd_sc_mcu7t5v0__nor2_1)
                                                         _01299_ (net)
                      1.324082    0.000256   19.127399 ^ max_cap247/I (gf180mcu_fd_sc_mcu7t5v0__buf_2)
     6    0.055085    0.816144    0.811678   19.939077 ^ max_cap247/Z (gf180mcu_fd_sc_mcu7t5v0__buf_2)
                                                         net247 (net)
                      0.816174    0.002704   19.941780 ^ _06837_/A2 (gf180mcu_fd_sc_mcu7t5v0__nand2_1)
     9    0.100267    2.787711    1.722313   21.664093 v _06837_/ZN (gf180mcu_fd_sc_mcu7t5v0__nand2_1)
                                                         _01300_ (net)
                      2.787735    0.004608   21.668701 v _06849_/A2 (gf180mcu_fd_sc_mcu7t5v0__nor2_1)
     3    0.045740    2.697751    2.089559   23.758261 ^ _06849_/ZN (gf180mcu_fd_sc_mcu7t5v0__nor2_1)
                                                         _01312_ (net)
                      2.697751    0.001728   23.759989 ^ _06915_/A1 (gf180mcu_fd_sc_mcu7t5v0__nand2_1)
     3    0.033866    1.397533    1.027161   24.787149 v _06915_/ZN (gf180mcu_fd_sc_mcu7t5v0__nand2_1)
                                                         _01378_ (net)
                      1.397534    0.001757   24.788906 v _07065_/I (gf180mcu_fd_sc_mcu7t5v0__buf_1)
     4    0.064084    1.086421    1.431712   26.220617 v _07065_/Z (gf180mcu_fd_sc_mcu7t5v0__buf_1)
                                                         _01527_ (net)
                      1.086421    0.000956   26.221573 v wire694/I (gf180mcu_fd_sc_mcu7t5v0__buf_2)
     7    0.070406    0.623760    0.970212   27.191786 v wire694/Z (gf180mcu_fd_sc_mcu7t5v0__buf_2)
                                                         net693 (net)
                      0.623777    0.001835   27.193621 v _07154_/A1 (gf180mcu_fd_sc_mcu7t5v0__and3_1)
     1    0.005172    0.265090    0.680863   27.874483 v _07154_/Z (gf180mcu_fd_sc_mcu7t5v0__and3_1)
                                                         _01615_ (net)
                      0.265090    0.000098   27.874582 v _07171_/A3 (gf180mcu_fd_sc_mcu7t5v0__oai31_1)
     1    0.026690    2.946510    1.914060   29.788641 ^ _07171_/ZN (gf180mcu_fd_sc_mcu7t5v0__oai31_1)
                                                         _01632_ (net)
                      2.946510    0.001371   29.790012 ^ wire680/I (gf180mcu_fd_sc_mcu7t5v0__dlyb_1)
     1    0.027575    0.870747    2.092722   31.882736 ^ wire680/Z (gf180mcu_fd_sc_mcu7t5v0__dlyb_1)
                                                         net679 (net)
                      0.870747    0.001386   31.884121 ^ _07172_/A2 (gf180mcu_fd_sc_mcu7t5v0__nand2_1)
     4    0.026314    1.052529    0.598206   32.482327 v _07172_/ZN (gf180mcu_fd_sc_mcu7t5v0__nand2_1)
                                                         _01633_ (net)
                      1.052529    0.000401   32.482727 v _07270_/A1 (gf180mcu_fd_sc_mcu7t5v0__and3_1)
     6    0.042603    0.827166    1.260805   33.743534 v _07270_/Z (gf180mcu_fd_sc_mcu7t5v0__and3_1)
                                                         _01729_ (net)
                      0.827170    0.001059   33.744591 v _07364_/A1 (gf180mcu_fd_sc_mcu7t5v0__nand2_1)
     2    0.018090    0.776364    0.644441   34.389034 ^ _07364_/ZN (gf180mcu_fd_sc_mcu7t5v0__nand2_1)
                                                         _01822_ (net)
                      0.776364    0.000274   34.389305 ^ _07374_/S (gf180mcu_fd_sc_mcu7t5v0__mux2_2)
     1    0.007132    0.261368    0.774410   35.163715 v _07374_/Z (gf180mcu_fd_sc_mcu7t5v0__mux2_2)
                                                         _01831_ (net)
                      0.261368    0.000146   35.163860 v _07375_/B1 (gf180mcu_fd_sc_mcu7t5v0__oai22_1)
     1    0.005119    0.995014    0.622954   35.786816 ^ _07375_/ZN (gf180mcu_fd_sc_mcu7t5v0__oai22_1)
                                                         _01832_ (net)
                      0.995014    0.000060   35.786877 ^ _07376_/A4 (gf180mcu_fd_sc_mcu7t5v0__nor4_1)
     2    0.013723    0.890533    0.752291   36.539165 v _07376_/ZN (gf180mcu_fd_sc_mcu7t5v0__nor4_1)
                                                         _01833_ (net)
                      0.890533    0.000252   36.539421 v _07446_/A1 (gf180mcu_fd_sc_mcu7t5v0__oai31_1)
     2    0.015884    2.060077    1.372744   37.912163 ^ _07446_/ZN (gf180mcu_fd_sc_mcu7t5v0__oai31_1)
                                                         _01902_ (net)
                      2.060077    0.000298   37.912460 ^ _07521_/A1 (gf180mcu_fd_sc_mcu7t5v0__aoi21_1)
     2    0.017357    0.901844    0.606274   38.518738 v _07521_/ZN (gf180mcu_fd_sc_mcu7t5v0__aoi21_1)
                                                         _01976_ (net)
                      0.901844    0.000401   38.519138 v _07584_/A1 (gf180mcu_fd_sc_mcu7t5v0__oai21_1)
     3    0.019579    1.328300    1.010605   39.529743 ^ _07584_/ZN (gf180mcu_fd_sc_mcu7t5v0__oai21_1)
                                                         _02038_ (net)
                      1.328300    0.000224   39.529964 ^ _07706_/A1 (gf180mcu_fd_sc_mcu7t5v0__oai221_1)
     1    0.004543    0.669284    0.496495   40.026463 v _07706_/ZN (gf180mcu_fd_sc_mcu7t5v0__oai221_1)
                                                         _02158_ (net)
                      0.669284    0.000050   40.026512 v _07708_/A1 (gf180mcu_fd_sc_mcu7t5v0__and2_1)
     3    0.018386    0.403162    0.755016   40.781528 v _07708_/Z (gf180mcu_fd_sc_mcu7t5v0__and2_1)
                                                         _02160_ (net)
                      0.403162    0.000163   40.781689 v _07829_/A1 (gf180mcu_fd_sc_mcu7t5v0__oai211_1)
     1    0.006222    0.778086    0.512536   41.294228 ^ _07829_/ZN (gf180mcu_fd_sc_mcu7t5v0__oai211_1)
                                                         _02279_ (net)
                      0.778086    0.000068   41.294292 ^ _07830_/B (gf180mcu_fd_sc_mcu7t5v0__oai21_1)
     2    0.013474    0.822600    0.496016   41.790310 v _07830_/ZN (gf180mcu_fd_sc_mcu7t5v0__oai21_1)
                                                         _02280_ (net)
                      0.822600    0.000121   41.790432 v _07887_/A1 (gf180mcu_fd_sc_mcu7t5v0__oai21_1)
     3    0.022852    1.501886    1.083663   42.874092 ^ _07887_/ZN (gf180mcu_fd_sc_mcu7t5v0__oai21_1)
                                                         _02336_ (net)
                      1.501886    0.000355   42.874447 ^ _07937_/A1 (gf180mcu_fd_sc_mcu7t5v0__xor2_1)
     1    0.003959    0.609677    0.776282   43.650730 ^ _07937_/Z (gf180mcu_fd_sc_mcu7t5v0__xor2_1)
                                                         _02386_ (net)
                      0.609677    0.000078   43.650810 ^ _07938_/I (gf180mcu_fd_sc_mcu7t5v0__buf_1)
     1    0.006670    0.294998    0.483649   44.134457 ^ _07938_/Z (gf180mcu_fd_sc_mcu7t5v0__buf_1)
                                                         fir_inst.delay_line.sample_o[15] (net)
                      0.294998    0.000096   44.134552 ^ _14893_/D (gf180mcu_fd_sc_mcu7t5v0__dffrnq_1)
                                             44.134552   data arrival time

                                 62.500000   62.500000   clock clk (rise edge)
                                  0.000000   62.500000   clock source latency
     2    0.097948    0.000000    0.000000   62.500000 ^ clk (in)
                                                         clk (net)
                      0.032279    0.013202   62.513203 ^ clkbuf_0_clk/I (gf180mcu_fd_sc_mcu7t5v0__clkbuf_16)
     8    0.231628    0.483400    0.600004   63.113209 ^ clkbuf_0_clk/Z (gf180mcu_fd_sc_mcu7t5v0__clkbuf_16)
                                                         clknet_0_clk (net)
                      0.483577    0.011866   63.125072 ^ clkbuf_3_6_0_clk/I (gf180mcu_fd_sc_mcu7t5v0__clkbuf_8)
     2    0.079937    0.369079    0.616453   63.741528 ^ clkbuf_3_6_0_clk/Z (gf180mcu_fd_sc_mcu7t5v0__clkbuf_8)
                                                         clknet_3_6_0_clk (net)
                      0.369125    0.003247   63.744774 ^ clkbuf_4_12__f_clk/I (gf180mcu_fd_sc_mcu7t5v0__clkbuf_16)
     5    0.103014    0.284926    0.544780   64.289551 ^ clkbuf_4_12__f_clk/Z (gf180mcu_fd_sc_mcu7t5v0__clkbuf_16)
                                                         clknet_4_12__leaf_clk (net)
                      0.284926    0.000540   64.290092 ^ clkbuf_leaf_27_clk/I (gf180mcu_fd_sc_mcu7t5v0__clkbuf_8)
    18    0.112168    0.468974    0.637307   64.927399 ^ clkbuf_leaf_27_clk/Z (gf180mcu_fd_sc_mcu7t5v0__clkbuf_8)
                                                         clknet_leaf_27_clk (net)
                      0.468975    0.000917   64.928314 ^ _14893_/CLK (gf180mcu_fd_sc_mcu7t5v0__dffrnq_1)
                                 -0.250000   64.678322   clock uncertainty
                                  0.000000   64.678322   clock reconvergence pessimism
                                 -0.550544   64.127777   library setup time
                                             64.127777   data required time
---------------------------------------------------------------------------------------------
                                             64.127777   data required time
                                            -44.134552   data arrival time
---------------------------------------------------------------------------------------------
                                             19.993223   slack (MET)




===========================================================================
report_checks --slack_max -0.01
============================================================================
======================= max_ss_125C_4v50 Corner ===================================

No paths found.


===========================================================================
 report_check_types -max_slew -max_cap -max_fanout -violators
============================================================================
======================= max_ss_125C_4v50 Corner ===================================

max slew

Pin                                        Limit        Slew       Slack
------------------------------------------------------------------------
_07104_/ZN                              2.500000    4.302032   -1.802032 (VIOLATED)
_07105_/A2                              2.500000    4.302032   -1.802032 (VIOLATED)
_07174_/A2                              2.500000    4.302032   -1.802032 (VIOLATED)
_07022_/ZN                              2.500000    4.142758   -1.642758 (VIOLATED)
_07023_/A4                              2.500000    4.142758   -1.642758 (VIOLATED)
wire212/I                               2.500000    4.142758   -1.642758 (VIOLATED)
_06846_/ZN                              2.500000    3.930257   -1.430257 (VIOLATED)
_06865_/A2                              2.500000    3.930257   -1.430257 (VIOLATED)
_08064_/ZN                              2.500000    3.906614   -1.406614 (VIOLATED)
_08069_/I3                              2.500000    3.906614   -1.406614 (VIOLATED)
_08140_/ZN                              2.500000    3.849317   -1.349317 (VIOLATED)
_08141_/I3                              2.500000    3.849317   -1.349317 (VIOLATED)
_07420_/B2                              2.500000    3.693634   -1.193634 (VIOLATED)
_07539_/B                               2.500000    3.693625   -1.193625 (VIOLATED)
_07812_/B2                              2.500000    3.693617   -1.193617 (VIOLATED)
_07850_/B2                              2.500000    3.693617   -1.193617 (VIOLATED)
_07923_/B2                              2.500000    3.693618   -1.193618 (VIOLATED)
_06866_/Z                               2.500000    3.693605   -1.193605 (VIOLATED)
_06876_/A1                              2.500000    3.693605   -1.193605 (VIOLATED)
_07491_/A2                              2.500000    3.693605   -1.193605 (VIOLATED)
_07624_/B2                              2.500000    3.693605   -1.193605 (VIOLATED)
_07687_/B2                              2.500000    3.693605   -1.193605 (VIOLATED)
_07756_/B2                              2.500000    3.693605   -1.193605 (VIOLATED)
_10870_/B                               2.500000    3.647863   -1.147863 (VIOLATED)
_10881_/B                               2.500000    3.647864   -1.147864 (VIOLATED)
_10911_/B                               2.500000    3.647864   -1.147864 (VIOLATED)
_13178_/A1                              2.500000    3.647865   -1.147865 (VIOLATED)
_13182_/A1                              2.500000    3.647865   -1.147865 (VIOLATED)
_10849_/B                               2.500000    3.647861   -1.147861 (VIOLATED)
_11090_/B                               2.500000    3.647855   -1.147855 (VIOLATED)
_10812_/C                               2.500000    3.647853   -1.147853 (VIOLATED)
_10811_/Z                               2.500000    3.647840   -1.147840 (VIOLATED)
_10955_/B                               2.500000    3.647840   -1.147840 (VIOLATED)
_11233_/A2                              2.500000    3.647840   -1.147840 (VIOLATED)
_07803_/B2                              2.500000    3.602298   -1.102297 (VIOLATED)
_07914_/B2                              2.500000    3.602297   -1.102296 (VIOLATED)
_07869_/B2                              2.500000    3.602291   -1.102291 (VIOLATED)
_07746_/B2                              2.500000    3.602283   -1.102283 (VIOLATED)
_07484_/S                               2.500000    3.602264   -1.102264 (VIOLATED)
_07677_/B2                              2.500000    3.602260   -1.102260 (VIOLATED)
_07553_/B                               2.500000    3.602257   -1.102257 (VIOLATED)
_07539_/A2                              2.500000    3.602252   -1.102251 (VIOLATED)
_07538_/A2                              2.500000    3.602247   -1.102247 (VIOLATED)
_07606_/A3                              2.500000    3.602218   -1.102218 (VIOLATED)
fanout341/Z                             2.500000    3.602218   -1.102218 (VIOLATED)
_08086_/ZN                              2.500000    3.578930   -1.078930 (VIOLATED)
_08092_/I2                              2.500000    3.578930   -1.078930 (VIOLATED)
_10253_/A2                              2.500000    3.577257   -1.077257 (VIOLATED)
_10255_/A2                              2.500000    3.577248   -1.077248 (VIOLATED)
_10249_/A2                              2.500000    3.577246   -1.077246 (VIOLATED)
_10046_/A2                              2.500000    3.577244   -1.077244 (VIOLATED)
_10313_/A2                              2.500000    3.577245   -1.077245 (VIOLATED)
_10012_/A2                              2.500000    3.577242   -1.077242 (VIOLATED)
_10082_/A2                              2.500000    3.577237   -1.077237 (VIOLATED)
_10213_/A2                              2.500000    3.577238   -1.077238 (VIOLATED)
_10011_/Z                               2.500000    3.577209   -1.077209 (VIOLATED)
_10061_/A2                              2.500000    3.577209   -1.077209 (VIOLATED)
_10449_/A2                              2.500000    3.577209   -1.077209 (VIOLATED)
_10021_/A2                              2.500000    3.494347   -0.994347 (VIOLATED)
_10116_/A2                              2.500000    3.494346   -0.994346 (VIOLATED)
_10583_/A2                              2.500000    3.494346   -0.994346 (VIOLATED)
_10247_/A2                              2.500000    3.494343   -0.994343 (VIOLATED)
_10080_/A2                              2.500000    3.494338   -0.994338 (VIOLATED)
_10347_/A2                              2.500000    3.494338   -0.994338 (VIOLATED)
_10482_/A2                              2.500000    3.494329   -0.994329 (VIOLATED)
_10019_/A2                              2.500000    3.494328   -0.994328 (VIOLATED)
_10023_/A2                              2.500000    3.494326   -0.994326 (VIOLATED)
_10018_/Z                               2.500000    3.494314   -0.994314 (VIOLATED)
_10095_/A2                              2.500000    3.494314   -0.994314 (VIOLATED)
_10870_/A1                              2.500000    3.484141   -0.984141 (VIOLATED)
_10911_/A1                              2.500000    3.484141   -0.984141 (VIOLATED)
_11153_/A1                              2.500000    3.484140   -0.984140 (VIOLATED)
_10868_/Z                               2.500000    3.484128   -0.984128 (VIOLATED)
_10972_/A1                              2.500000    3.484128   -0.984128 (VIOLATED)
_11013_/A1                              2.500000    3.484128   -0.984128 (VIOLATED)
_11023_/A1                              2.500000    3.484128   -0.984128 (VIOLATED)
_11078_/A1                              2.500000    3.484128   -0.984128 (VIOLATED)
_11209_/A1                              2.500000    3.484128   -0.984128 (VIOLATED)
_11254_/A2                              2.500000    3.484128   -0.984128 (VIOLATED)
_11257_/B                               2.500000    3.484128   -0.984128 (VIOLATED)
_07510_/A1                              2.500000    3.435028   -0.935028 (VIOLATED)
_07414_/A1                              2.500000    3.435021   -0.935021 (VIOLATED)
_07765_/S1                              2.500000    3.435006   -0.935006 (VIOLATED)
_07821_/S1                              2.500000    3.434999   -0.934999 (VIOLATED)
_07859_/S1                              2.500000    3.434980   -0.934980 (VIOLATED)
_07932_/S1                              2.500000    3.434975   -0.934975 (VIOLATED)
_07696_/S1                              2.500000    3.434944   -0.934944 (VIOLATED)
_07573_/A1                              2.500000    3.434909   -0.934909 (VIOLATED)
_07572_/C                               2.500000    3.434904   -0.934904 (VIOLATED)
_07407_/Z                               2.500000    3.434889   -0.934889 (VIOLATED)
_07632_/S1                              2.500000    3.434889   -0.934889 (VIOLATED)
_06870_/ZN                              2.500000    3.427026   -0.927026 (VIOLATED)
_06871_/C                               2.500000    3.427026   -0.927026 (VIOLATED)
_06881_/A2                              2.500000    3.427026   -0.927026 (VIOLATED)
_06947_/A2                              2.500000    3.427026   -0.927026 (VIOLATED)
_06957_/A1                              2.500000    3.427026   -0.927026 (VIOLATED)
_07046_/I                               2.500000    3.427026   -0.927026 (VIOLATED)
_07267_/A1                              2.500000    3.427026   -0.927026 (VIOLATED)
_10245_/S                               2.500000    3.378299   -0.878299 (VIOLATED)
_10269_/S                               2.500000    3.378293   -0.878293 (VIOLATED)
max_length111/I                         2.500000    3.378287   -0.878287 (VIOLATED)
max_length112/I                         2.500000    3.378287   -0.878287 (VIOLATED)
_10265_/S                               2.500000    3.378285   -0.878285 (VIOLATED)
_10244_/Z                               2.500000    3.378248   -0.878248 (VIOLATED)
_10267_/S                               2.500000    3.378248   -0.878248 (VIOLATED)
_07914_/A1                              2.500000    3.369052   -0.869052 (VIOLATED)
_07869_/A1                              2.500000    3.369051   -0.869050 (VIOLATED)
_07803_/A1                              2.500000    3.369047   -0.869047 (VIOLATED)
_07422_/Z                               2.500000    3.369037   -0.869037 (VIOLATED)
_07426_/C                               2.500000    3.369037   -0.869037 (VIOLATED)
_07427_/A1                              2.500000    3.369037   -0.869037 (VIOLATED)
_07541_/A2                              2.500000    3.369037   -0.869037 (VIOLATED)
_07545_/S1                              2.500000    3.369037   -0.869037 (VIOLATED)
_07600_/S1                              2.500000    3.369037   -0.869037 (VIOLATED)
_07677_/A1                              2.500000    3.369037   -0.869037 (VIOLATED)
_07746_/A1                              2.500000    3.369037   -0.869037 (VIOLATED)
_08091_/ZN                              2.500000    3.357163   -0.857163 (VIOLATED)
_08092_/I3                              2.500000    3.357163   -0.857163 (VIOLATED)
_08065_/A1                              2.500000    3.336633   -0.836633 (VIOLATED)
_06887_/A2                              2.500000    3.336626   -0.836626 (VIOLATED)
_06889_/A3                              2.500000    3.336622   -0.836622 (VIOLATED)
_06895_/B                               2.500000    3.336621   -0.836621 (VIOLATED)
_06914_/A2                              2.500000    3.336607   -0.836607 (VIOLATED)
_06965_/A3                              2.500000    3.336577   -0.836577 (VIOLATED)
_07200_/A2                              2.500000    3.336562   -0.836562 (VIOLATED)
fanout343/I                             2.500000    3.336562   -0.836562 (VIOLATED)
fanout344/Z                             2.500000    3.336562   -0.836562 (VIOLATED)
_07842_/A1                              2.500000    3.323650   -0.823650 (VIOLATED)
_07900_/A1                              2.500000    3.323642   -0.823642 (VIOLATED)
_07659_/A1                              2.500000    3.323631   -0.823631 (VIOLATED)
_07598_/A1                              2.500000    3.323620   -0.823620 (VIOLATED)
_07535_/A1                              2.500000    3.323617   -0.823617 (VIOLATED)
_07403_/A1                              2.500000    3.323611   -0.823611 (VIOLATED)
_07323_/A1                              2.500000    3.323600   -0.823600 (VIOLATED)
_07046_/Z                               2.500000    3.323587   -0.823587 (VIOLATED)
_07054_/A1                              2.500000    3.323587   -0.823587 (VIOLATED)
_07058_/A1                              2.500000    3.323587   -0.823587 (VIOLATED)
_07132_/S1                              2.500000    3.323587   -0.823587 (VIOLATED)
_08117_/ZN                              2.500000    3.289282   -0.789282 (VIOLATED)
_08118_/I3                              2.500000    3.289282   -0.789282 (VIOLATED)
_06917_/ZN                              2.500000    3.286373   -0.786373 (VIOLATED)
_06941_/A2                              2.500000    3.286373   -0.786373 (VIOLATED)
_07035_/A2                              2.500000    3.286373   -0.786373 (VIOLATED)
_07109_/A2                              2.500000    3.286373   -0.786373 (VIOLATED)
_11908_/A1                              2.500000    3.285635   -0.785635 (VIOLATED)
fanout381/I                             2.500000    3.285635   -0.785635 (VIOLATED)
_11685_/A1                              2.500000    3.285634   -0.785634 (VIOLATED)
_11775_/B                               2.500000    3.285634   -0.785634 (VIOLATED)
_11910_/A1                              2.500000    3.285634   -0.785634 (VIOLATED)
_11913_/A1                              2.500000    3.285634   -0.785634 (VIOLATED)
_11841_/A1                              2.500000    3.285624   -0.785624 (VIOLATED)
_11967_/A1                              2.500000    3.285624   -0.785624 (VIOLATED)
_11968_/A1                              2.500000    3.285624   -0.785624 (VIOLATED)
fanout382/I                             2.500000    3.285624   -0.785624 (VIOLATED)
fanout383/Z                             2.500000    3.285624   -0.785624 (VIOLATED)
_09742_/Z                               2.500000    3.231605   -0.731605 (VIOLATED)
_09789_/A2                              2.500000    3.231605   -0.731605 (VIOLATED)
_10348_/A2                              2.500000    3.231605   -0.731605 (VIOLATED)
_10584_/A2                              2.500000    3.231605   -0.731605 (VIOLATED)
_10653_/A2                              2.500000    3.231605   -0.731605 (VIOLATED)
_10667_/A2                              2.500000    3.231605   -0.731605 (VIOLATED)
_10751_/A2                              2.500000    3.231605   -0.731605 (VIOLATED)
max_length130/I                         2.500000    3.231605   -0.731605 (VIOLATED)
_06871_/B2                              2.500000    3.224953   -0.724953 (VIOLATED)
_06875_/B2                              2.500000    3.224953   -0.724953 (VIOLATED)
_07200_/A1                              2.500000    3.224950   -0.724950 (VIOLATED)
_06829_/A1                              2.500000    3.224938   -0.724938 (VIOLATED)
_06839_/I                               2.500000    3.224938   -0.724938 (VIOLATED)
_06951_/C                               2.500000    3.224938   -0.724938 (VIOLATED)
_06955_/C                               2.500000    3.224938   -0.724938 (VIOLATED)
_06969_/B                               2.500000    3.224938   -0.724938 (VIOLATED)
_06970_/B2                              2.500000    3.224938   -0.724938 (VIOLATED)
_08015_/A1                              2.500000    3.224938   -0.724938 (VIOLATED)
fanout347/Z                             2.500000    3.224938   -0.724938 (VIOLATED)
_07737_/S                               2.500000    3.184933   -0.684933 (VIOLATED)
_07668_/S                               2.500000    3.184932   -0.684932 (VIOLATED)
_07610_/S                               2.500000    3.184927   -0.684927 (VIOLATED)
_07542_/A1                              2.500000    3.184916   -0.684915 (VIOLATED)
_07544_/A1                              2.500000    3.184916   -0.684915 (VIOLATED)
_07548_/S                               2.500000    3.184916   -0.684915 (VIOLATED)
_07602_/A1                              2.500000    3.184916   -0.684915 (VIOLATED)
_07605_/C                               2.500000    3.184916   -0.684915 (VIOLATED)
_07613_/A2                              2.500000    3.184916   -0.684915 (VIOLATED)
_07614_/A2                              2.500000    3.184916   -0.684915 (VIOLATED)
fanout356/Z                             2.500000    3.184916   -0.684915 (VIOLATED)
_09429_/A1                              2.500000    3.179562   -0.679562 (VIOLATED)
_09394_/A1                              2.500000    3.179559   -0.679559 (VIOLATED)
_09324_/A1                              2.500000    3.179558   -0.679558 (VIOLATED)
_09359_/A1                              2.500000    3.179553   -0.679552 (VIOLATED)
_09466_/A1                              2.500000    3.179545   -0.679545 (VIOLATED)
_09536_/A1                              2.500000    3.179546   -0.679546 (VIOLATED)
_09501_/A1                              2.500000    3.179542   -0.679542 (VIOLATED)
_09287_/A1                              2.500000    3.179524   -0.679524 (VIOLATED)
_09251_/A1                              2.500000    3.179519   -0.679519 (VIOLATED)
_09208_/Z                               2.500000    3.179498   -0.679498 (VIOLATED)
_09210_/A1                              2.500000    3.179498   -0.679498 (VIOLATED)
_07615_/A1                              2.500000    3.176448   -0.676448 (VIOLATED)
_07608_/C                               2.500000    3.176446   -0.676446 (VIOLATED)
_07544_/C                               2.500000    3.176439   -0.676439 (VIOLATED)
_07553_/A1                              2.500000    3.176436   -0.676436 (VIOLATED)
_07665_/I                               2.500000    3.176425   -0.676425 (VIOLATED)
_07671_/A2                              2.500000    3.176424   -0.676424 (VIOLATED)
_07674_/A2                              2.500000    3.176420   -0.676420 (VIOLATED)
_07543_/Z                               2.500000    3.176404   -0.676404 (VIOLATED)
_07740_/A2                              2.500000    3.176404   -0.676404 (VIOLATED)
_07743_/A2                              2.500000    3.176404   -0.676404 (VIOLATED)
_07800_/A2                              2.500000    3.176404   -0.676404 (VIOLATED)
_06900_/ZN                              2.500000    3.161909   -0.661909 (VIOLATED)
_06902_/A2                              2.500000    3.161909   -0.661909 (VIOLATED)
_07072_/A2                              2.500000    3.161909   -0.661909 (VIOLATED)
_07151_/A2                              2.500000    3.161909   -0.661909 (VIOLATED)
_07225_/A2                              2.500000    3.161909   -0.661909 (VIOLATED)
_07294_/A2                              2.500000    3.161909   -0.661909 (VIOLATED)
_07346_/I                               2.500000    3.161909   -0.661909 (VIOLATED)
_07760_/A2                              2.500000    3.151806   -0.651806 (VIOLATED)
_07764_/A2                              2.500000    3.151806   -0.651806 (VIOLATED)
_07691_/A2                              2.500000    3.151798   -0.651798 (VIOLATED)
_07684_/A2                              2.500000    3.151793   -0.651792 (VIOLATED)
_07749_/I                               2.500000    3.151788   -0.651788 (VIOLATED)
_07695_/A2                              2.500000    3.151787   -0.651787 (VIOLATED)
_07184_/Z                               2.500000    3.151771   -0.651771 (VIOLATED)
_07191_/A2                              2.500000    3.151771   -0.651771 (VIOLATED)
_07195_/A2                              2.500000    3.151771   -0.651771 (VIOLATED)
_07453_/A2                              2.500000    3.151771   -0.651771 (VIOLATED)
_07457_/A2                              2.500000    3.151771   -0.651771 (VIOLATED)
_12385_/B1                              2.500000    3.139909   -0.639909 (VIOLATED)
_12383_/A3                              2.500000    3.139908   -0.639908 (VIOLATED)
_12484_/A2                              2.500000    3.139906   -0.639906 (VIOLATED)
_12483_/A3                              2.500000    3.139903   -0.639903 (VIOLATED)
_12562_/A2                              2.500000    3.139889   -0.639888 (VIOLATED)
_12560_/A2                              2.500000    3.139879   -0.639880 (VIOLATED)
_12559_/A2                              2.500000    3.139879   -0.639879 (VIOLATED)
_12642_/A3                              2.500000    3.139847   -0.639847 (VIOLATED)
_12707_/A2                              2.500000    3.139829   -0.639829 (VIOLATED)
_12708_/A2                              2.500000    3.139829   -0.639829 (VIOLATED)
fanout286/Z                             2.500000    3.139829   -0.639829 (VIOLATED)
_14426_/RN                              2.500000    3.131182   -0.631182 (VIOLATED)
_14471_/RN                              2.500000    3.131181   -0.631181 (VIOLATED)
_14441_/RN                              2.500000    3.131180   -0.631180 (VIOLATED)
_14457_/RN                              2.500000    3.131165   -0.631165 (VIOLATED)
_14473_/RN                              2.500000    3.131165   -0.631165 (VIOLATED)
_14487_/RN                              2.500000    3.131165   -0.631165 (VIOLATED)
_14891_/RN                              2.500000    3.131165   -0.631165 (VIOLATED)
_14892_/RN                              2.500000    3.131165   -0.631165 (VIOLATED)
_14893_/RN                              2.500000    3.131165   -0.631165 (VIOLATED)
_14894_/RN                              2.500000    3.131165   -0.631165 (VIOLATED)
fanout536/Z                             2.500000    3.131165   -0.631165 (VIOLATED)
_08121_/I                               2.500000    3.129671   -0.629671 (VIOLATED)
_08021_/I                               2.500000    3.129670   -0.629670 (VIOLATED)
_07994_/I                               2.500000    3.129657   -0.629657 (VIOLATED)
_07993_/Z                               2.500000    3.129646   -0.629645 (VIOLATED)
_08046_/I                               2.500000    3.129646   -0.629645 (VIOLATED)
_08057_/I                               2.500000    3.129646   -0.629645 (VIOLATED)
_08314_/A1                              2.500000    3.129646   -0.629645 (VIOLATED)
_08336_/A1                              2.500000    3.129646   -0.629645 (VIOLATED)
_08358_/A1                              2.500000    3.129646   -0.629645 (VIOLATED)
_08380_/A1                              2.500000    3.129646   -0.629645 (VIOLATED)
_08402_/A1                              2.500000    3.129646   -0.629645 (VIOLATED)
_11263_/A1                              2.500000    3.123915   -0.623915 (VIOLATED)
_11531_/B                               2.500000    3.123915   -0.623915 (VIOLATED)
_11260_/A1                              2.500000    3.123914   -0.623914 (VIOLATED)
_11538_/A1                              2.500000    3.123910   -0.623910 (VIOLATED)
_11911_/A1                              2.500000    3.123904   -0.623905 (VIOLATED)
_11915_/A1                              2.500000    3.123904   -0.623904 (VIOLATED)
_11842_/A1                              2.500000    3.123900   -0.623900 (VIOLATED)
_11918_/A1                              2.500000    3.123896   -0.623896 (VIOLATED)
_11673_/A1                              2.500000    3.123884   -0.623884 (VIOLATED)
fanout337/I                             2.500000    3.123884   -0.623884 (VIOLATED)
fanout338/Z                             2.500000    3.123884   -0.623884 (VIOLATED)
_06996_/B1                              2.500000    3.118108   -0.618108 (VIOLATED)
_06983_/A2                              2.500000    3.118096   -0.618096 (VIOLATED)
_06892_/B1                              2.500000    3.118092   -0.618092 (VIOLATED)
_06909_/B1                              2.500000    3.118088   -0.618088 (VIOLATED)
_06910_/B1                              2.500000    3.118081   -0.618080 (VIOLATED)
_07069_/B1                              2.500000    3.118076   -0.618076 (VIOLATED)
_07079_/B1                              2.500000    3.118068   -0.618068 (VIOLATED)
_06856_/Z                               2.500000    3.118059   -0.618059 (VIOLATED)
_06857_/I                               2.500000    3.118059   -0.618059 (VIOLATED)
_07080_/B1                              2.500000    3.118059   -0.618059 (VIOLATED)
_07290_/B1                              2.500000    3.118059   -0.618059 (VIOLATED)
_07160_/S                               2.500000    3.109221   -0.609220 (VIOLATED)
_07147_/S                               2.500000    3.109220   -0.609220 (VIOLATED)
_07138_/S                               2.500000    3.109211   -0.609211 (VIOLATED)
_07141_/A2                              2.500000    3.109202   -0.609202 (VIOLATED)
_07142_/A2                              2.500000    3.109202   -0.609202 (VIOLATED)
_07157_/A2                              2.500000    3.109202   -0.609202 (VIOLATED)
_07158_/A2                              2.500000    3.109199   -0.609199 (VIOLATED)
_07274_/S                               2.500000    3.109187   -0.609187 (VIOLATED)
_07272_/S                               2.500000    3.109185   -0.609185 (VIOLATED)
_06824_/A2                              2.500000    3.109156   -0.609156 (VIOLATED)
fanout349/Z                             2.500000    3.109156   -0.609156 (VIOLATED)
_08329_/ZN                              2.500000    3.108143   -0.608143 (VIOLATED)
_08345_/I0                              2.500000    3.108143   -0.608143 (VIOLATED)
_07493_/A2                              2.500000    3.107019   -0.607019 (VIOLATED)
_07497_/A2                              2.500000    3.107020   -0.607020 (VIOLATED)
_07506_/A2                              2.500000    3.107016   -0.607016 (VIOLATED)
_07337_/A2                              2.500000    3.107015   -0.607015 (VIOLATED)
_07332_/A2                              2.500000    3.107009   -0.607009 (VIOLATED)
_06838_/I                               2.500000    3.107007   -0.607007 (VIOLATED)
_06849_/A2                              2.500000    3.106994   -0.606994 (VIOLATED)
_06837_/ZN                              2.500000    3.106972   -0.606972 (VIOLATED)
_07276_/A2                              2.500000    3.106972   -0.606972 (VIOLATED)
_07282_/A2                              2.500000    3.106972   -0.606972 (VIOLATED)
_14336_/RN                              2.500000    3.098947   -0.598947 (VIOLATED)
fanout506/I                             2.500000    3.098947   -0.598947 (VIOLATED)
_14351_/RN                              2.500000    3.098945   -0.598945 (VIOLATED)
_14367_/RN                              2.500000    3.098941   -0.598941 (VIOLATED)
_14383_/RN                              2.500000    3.098940   -0.598940 (VIOLATED)
_14399_/RN                              2.500000    3.098933   -0.598933 (VIOLATED)
_14415_/RN                              2.500000    3.098928   -0.598928 (VIOLATED)
_14239_/RN                              2.500000    3.098915   -0.598915 (VIOLATED)
_14207_/RN                              2.500000    3.098905   -0.598905 (VIOLATED)
fanout505/I                             2.500000    3.098905   -0.598905 (VIOLATED)
fanout507/Z                             2.500000    3.098905   -0.598905 (VIOLATED)
_10014_/S                               2.500000    3.098391   -0.598391 (VIOLATED)
_10027_/S                               2.500000    3.098387   -0.598387 (VIOLATED)
_10004_/Z                               2.500000    3.098357   -0.598357 (VIOLATED)
_10025_/S                               2.500000    3.098357   -0.598357 (VIOLATED)
_10029_/S                               2.500000    3.098357   -0.598357 (VIOLATED)
max_cap35/I                             2.500000    3.098357   -0.598357 (VIOLATED)
_07381_/A2                              2.500000    3.091940   -0.591940 (VIOLATED)
_07383_/A2                              2.500000    3.091940   -0.591940 (VIOLATED)
_07385_/A1                              2.500000    3.091940   -0.591940 (VIOLATED)
_07325_/ZN                              2.500000    3.091938   -0.591938 (VIOLATED)
max_cap14/I                             2.500000    3.091938   -0.591938 (VIOLATED)
_07047_/B                               2.500000    3.087142   -0.587142 (VIOLATED)
_06870_/A1                              2.500000    3.087138   -0.587138 (VIOLATED)
_06925_/A1                              2.500000    3.087138   -0.587138 (VIOLATED)
_07295_/B2                              2.500000    3.087138   -0.587138 (VIOLATED)
_07022_/A3                              2.500000    3.087133   -0.587133 (VIOLATED)
_06833_/A2                              2.500000    3.087131   -0.587131 (VIOLATED)
_06904_/B2                              2.500000    3.087127   -0.587127 (VIOLATED)
_06822_/ZN                              2.500000    3.087115   -0.587115 (VIOLATED)
_06823_/I                               2.500000    3.087115   -0.587115 (VIOLATED)
_08373_/ZN                              2.500000    3.086810   -0.586810 (VIOLATED)
_08389_/I0                              2.500000    3.086810   -0.586810 (VIOLATED)
_14874_/RN                              2.500000    3.079666   -0.579666 (VIOLATED)
_14875_/RN                              2.500000    3.079666   -0.579666 (VIOLATED)
_14548_/RN                              2.500000    3.079664   -0.579664 (VIOLATED)
_14532_/RN                              2.500000    3.079662   -0.579662 (VIOLATED)
_14580_/RN                              2.500000    3.079656   -0.579656 (VIOLATED)
_14612_/RN                              2.500000    3.079657   -0.579657 (VIOLATED)
_14596_/RN                              2.500000    3.079655   -0.579655 (VIOLATED)
_14518_/RN                              2.500000    3.079654   -0.579654 (VIOLATED)
_14564_/RN                              2.500000    3.079646   -0.579646 (VIOLATED)
fanout500/I                             2.500000    3.079635   -0.579635 (VIOLATED)
fanout501/Z                             2.500000    3.079635   -0.579635 (VIOLATED)
_07662_/I                               2.500000    3.076798   -0.576798 (VIOLATED)
_07816_/B1                              2.500000    3.076798   -0.576798 (VIOLATED)
_07753_/B1                              2.500000    3.076797   -0.576797 (VIOLATED)
_07741_/A2                              2.500000    3.076796   -0.576796 (VIOLATED)
_07764_/B1                              2.500000    3.076796   -0.576796 (VIOLATED)
_07760_/B1                              2.500000    3.076794   -0.576794 (VIOLATED)
_07745_/A2                              2.500000    3.076786   -0.576786 (VIOLATED)
_07672_/A2                              2.500000    3.076762   -0.576762 (VIOLATED)
_07447_/Z                               2.500000    3.076751   -0.576751 (VIOLATED)
_07453_/B1                              2.500000    3.076751   -0.576751 (VIOLATED)
_07457_/B1                              2.500000    3.076751   -0.576751 (VIOLATED)
_07670_/A2                              2.500000    3.054016   -0.554016 (VIOLATED)
_07733_/I                               2.500000    3.054016   -0.554016 (VIOLATED)
_07666_/A2                              2.500000    3.054014   -0.554014 (VIOLATED)
_07673_/A2                              2.500000    3.054011   -0.554011 (VIOLATED)
_07739_/A2                              2.500000    3.054001   -0.554001 (VIOLATED)
_07430_/Z                               2.500000    3.053988   -0.553988 (VIOLATED)
_07432_/A1                              2.500000    3.053988   -0.553988 (VIOLATED)
_07488_/A1                              2.500000    3.053988   -0.553988 (VIOLATED)
_07546_/A1                              2.500000    3.053988   -0.553988 (VIOLATED)
_07601_/A1                              2.500000    3.053988   -0.553988 (VIOLATED)
_07742_/A2                              2.500000    3.053988   -0.553988 (VIOLATED)
_12702_/I                               2.500000    3.049022   -0.549022 (VIOLATED)
_12932_/B1                              2.500000    3.049022   -0.549022 (VIOLATED)
_12933_/A2                              2.500000    3.049022   -0.549022 (VIOLATED)
_12934_/A2                              2.500000    3.049022   -0.549022 (VIOLATED)
_12998_/A3                              2.500000    3.049022   -0.549022 (VIOLATED)
_13066_/A1                              2.500000    3.049022   -0.549022 (VIOLATED)
_13068_/A1                              2.500000    3.049022   -0.549022 (VIOLATED)
_13096_/A1                              2.500000    3.049022   -0.549022 (VIOLATED)
_13098_/A1                              2.500000    3.049022   -0.549022 (VIOLATED)
_13113_/B2                              2.500000    3.049022   -0.549022 (VIOLATED)
fanout282/Z                             2.500000    3.049022   -0.549022 (VIOLATED)
_10921_/A1                              2.500000    3.048697   -0.548697 (VIOLATED)
_10837_/A1                              2.500000    3.048696   -0.548696 (VIOLATED)
_10932_/A1                              2.500000    3.048696   -0.548696 (VIOLATED)
_10809_/B                               2.500000    3.048695   -0.548695 (VIOLATED)
_10815_/B                               2.500000    3.048695   -0.548695 (VIOLATED)
_10943_/A1                              2.500000    3.048691   -0.548691 (VIOLATED)
_10801_/A1                              2.500000    3.048684   -0.548684 (VIOLATED)
_10796_/Z                               2.500000    3.048675   -0.548675 (VIOLATED)
_11122_/A1                              2.500000    3.048675   -0.548675 (VIOLATED)
_11133_/A1                              2.500000    3.048675   -0.548675 (VIOLATED)
_11157_/A1                              2.500000    3.048675   -0.548675 (VIOLATED)
_07121_/I                               2.500000    3.048237   -0.548237 (VIOLATED)
_06864_/B1                              2.500000    3.048234   -0.548234 (VIOLATED)
_07321_/A2                              2.500000    3.048225   -0.548225 (VIOLATED)
_07312_/A2                              2.500000    3.048219   -0.548220 (VIOLATED)
_07318_/A2                              2.500000    3.048219   -0.548219 (VIOLATED)
_07057_/A2                              2.500000    3.048217   -0.548217 (VIOLATED)
_07060_/A2                              2.500000    3.048217   -0.548217 (VIOLATED)
_07129_/A2                              2.500000    3.048215   -0.548215 (VIOLATED)
_06850_/Z                               2.500000    3.048206   -0.548205 (VIOLATED)
_07053_/A2                              2.500000    3.048206   -0.548205 (VIOLATED)
_07131_/A2                              2.500000    3.048206   -0.548205 (VIOLATED)
_14293_/RN                              2.500000    3.046506   -0.546506 (VIOLATED)
_14309_/RN                              2.500000    3.046503   -0.546503 (VIOLATED)
_14325_/RN                              2.500000    3.046503   -0.546503 (VIOLATED)
_14276_/RN                              2.500000    3.046501   -0.546501 (VIOLATED)
_14292_/RN                              2.500000    3.046499   -0.546500 (VIOLATED)
_14278_/RN                              2.500000    3.046499   -0.546499 (VIOLATED)
_14308_/RN                              2.500000    3.046492   -0.546492 (VIOLATED)
_14324_/RN                              2.500000    3.046487   -0.546487 (VIOLATED)
_14310_/RN                              2.500000    3.046474   -0.546474 (VIOLATED)
fanout495/I                             2.500000    3.046464   -0.546464 (VIOLATED)
fanout496/Z                             2.500000    3.046464   -0.546464 (VIOLATED)
_14599_/RN                              2.500000    3.044698   -0.544698 (VIOLATED)
_14615_/RN                              2.500000    3.044698   -0.544698 (VIOLATED)
_14583_/RN                              2.500000    3.044692   -0.544692 (VIOLATED)
_14582_/RN                              2.500000    3.044687   -0.544687 (VIOLATED)
_14598_/RN                              2.500000    3.044670   -0.544670 (VIOLATED)
_14614_/RN                              2.500000    3.044670   -0.544670 (VIOLATED)
_14423_/RN                              2.500000    3.044662   -0.544662 (VIOLATED)
_14439_/RN                              2.500000    3.044645   -0.544645 (VIOLATED)
fanout534/I                             2.500000    3.044603   -0.544603 (VIOLATED)
fanout533/I                             2.500000    3.044575   -0.544575 (VIOLATED)
fanout535/Z                             2.500000    3.044575   -0.544575 (VIOLATED)
_11269_/Z                               2.500000    3.034917   -0.534917 (VIOLATED)
_11273_/A1                              2.500000    3.034917   -0.534917 (VIOLATED)
_11336_/A1                              2.500000    3.034917   -0.534917 (VIOLATED)
_11363_/A1                              2.500000    3.034917   -0.534917 (VIOLATED)
_11429_/A1                              2.500000    3.034917   -0.534917 (VIOLATED)
_11456_/A1                              2.500000    3.034917   -0.534917 (VIOLATED)
_11536_/C2                              2.500000    3.034917   -0.534917 (VIOLATED)
_11575_/A1                              2.500000    3.034917   -0.534917 (VIOLATED)
_11733_/A1                              2.500000    3.034917   -0.534917 (VIOLATED)
_12114_/A1                              2.500000    3.034917   -0.534917 (VIOLATED)
_12330_/A1                              2.500000    3.034917   -0.534917 (VIOLATED)
_12861_/ZN                              2.500000    3.031891   -0.531891 (VIOLATED)
_12864_/A1                              2.500000    3.031891   -0.531891 (VIOLATED)
_12963_/A1                              2.500000    3.031891   -0.531891 (VIOLATED)
_08053_/ZN                              2.500000    3.028934   -0.528934 (VIOLATED)
_08069_/I2                              2.500000    3.028934   -0.528934 (VIOLATED)
_12485_/A2                              2.500000    3.028898   -0.528897 (VIOLATED)
_13114_/B2                              2.500000    3.028898   -0.528898 (VIOLATED)
_12482_/A3                              2.500000    3.028888   -0.528888 (VIOLATED)
_12484_/B1                              2.500000    3.028888   -0.528888 (VIOLATED)
_12486_/A2                              2.500000    3.028888   -0.528888 (VIOLATED)
_12638_/A2                              2.500000    3.028888   -0.528888 (VIOLATED)
_12639_/A2                              2.500000    3.028888   -0.528888 (VIOLATED)
_12641_/A2                              2.500000    3.028888   -0.528888 (VIOLATED)
_12807_/A2                              2.500000    3.028888   -0.528888 (VIOLATED)
fanout282/I                             2.500000    3.028888   -0.528888 (VIOLATED)
fanout283/Z                             2.500000    3.028888   -0.528888 (VIOLATED)
_09386_/S                               2.500000    3.021575   -0.521575 (VIOLATED)
_09384_/S                               2.500000    3.021572   -0.521572 (VIOLATED)
_09380_/S                               2.500000    3.021566   -0.521566 (VIOLATED)
_09382_/S                               2.500000    3.021557   -0.521557 (VIOLATED)
_09371_/I                               2.500000    3.021543   -0.521543 (VIOLATED)
_09388_/I                               2.500000    3.021542   -0.521542 (VIOLATED)
_09370_/ZN                              2.500000    3.021529   -0.521529 (VIOLATED)
_07152_/C                               2.500000    3.021271   -0.521271 (VIOLATED)
_07226_/C                               2.500000    3.021271   -0.521271 (VIOLATED)
_07302_/C                               2.500000    3.021271   -0.521271 (VIOLATED)
_06986_/S                               2.500000    3.021268   -0.521268 (VIOLATED)
_07296_/A1                              2.500000    3.021269   -0.521269 (VIOLATED)
_06913_/C                               2.500000    3.021263   -0.521263 (VIOLATED)
_06891_/ZN                              2.500000    3.021253   -0.521253 (VIOLATED)
_06905_/A1                              2.500000    3.021253   -0.521253 (VIOLATED)
_07067_/I                               2.500000    3.021253   -0.521253 (VIOLATED)
_07143_/B2                              2.500000    3.021178   -0.521178 (VIOLATED)
_07139_/B2                              2.500000    3.021176   -0.521176 (VIOLATED)
_07148_/B2                              2.500000    3.021174   -0.521174 (VIOLATED)
_07213_/B2                              2.500000    3.021174   -0.521174 (VIOLATED)
_07222_/B2                              2.500000    3.021174   -0.521174 (VIOLATED)
_07217_/B2                              2.500000    3.021169   -0.521169 (VIOLATED)
_06824_/A1                              2.500000    3.021156   -0.521156 (VIOLATED)
_06849_/A1                              2.500000    3.021141   -0.521141 (VIOLATED)
_06855_/A1                              2.500000    3.021127   -0.521127 (VIOLATED)
_06889_/A1                              2.500000    3.021110   -0.521110 (VIOLATED)
fanout345/Z                             2.500000    3.021110   -0.521110 (VIOLATED)
_11806_/A2                              2.500000    3.016038   -0.516038 (VIOLATED)
_11807_/A2                              2.500000    3.016039   -0.516039 (VIOLATED)
_11809_/A2                              2.500000    3.016038   -0.516038 (VIOLATED)
_11640_/A2                              2.500000    3.016035   -0.516035 (VIOLATED)
_11746_/A3                              2.500000    3.016035   -0.516035 (VIOLATED)
_11877_/A2                              2.500000    3.016024   -0.516024 (VIOLATED)
_11880_/A2                              2.500000    3.016024   -0.516024 (VIOLATED)
_11995_/A3                              2.500000    3.016024   -0.516024 (VIOLATED)
_12062_/I                               2.500000    3.016024   -0.516024 (VIOLATED)
_12065_/A2                              2.500000    3.016024   -0.516024 (VIOLATED)
fanout295/Z                             2.500000    3.016024   -0.516024 (VIOLATED)
_11017_/A1                              2.500000    3.012782   -0.512782 (VIOLATED)
_10977_/A1                              2.500000    3.012781   -0.512781 (VIOLATED)
_11008_/A1                              2.500000    3.012777   -0.512777 (VIOLATED)
_11039_/A1                              2.500000    3.012768   -0.512768 (VIOLATED)
_11028_/A1                              2.500000    3.012762   -0.512762 (VIOLATED)
_11059_/A1                              2.500000    3.012760   -0.512760 (VIOLATED)
_11082_/A1                              2.500000    3.012754   -0.512754 (VIOLATED)
_10974_/Z                               2.500000    3.012743   -0.512743 (VIOLATED)
_11093_/A1                              2.500000    3.012743   -0.512743 (VIOLATED)
_11146_/A1                              2.500000    3.012743   -0.512743 (VIOLATED)
_11199_/A1                              2.500000    3.012743   -0.512743 (VIOLATED)
_07107_/ZN                              2.500000    3.007414   -0.507414 (VIOLATED)
_07112_/A1                              2.500000    3.007414   -0.507414 (VIOLATED)
_07365_/A1                              2.500000    3.007414   -0.507414 (VIOLATED)
_07373_/A1                              2.500000    3.007414   -0.507414 (VIOLATED)
_07515_/A1                              2.500000    3.007414   -0.507414 (VIOLATED)
_07578_/A1                              2.500000    3.007414   -0.507414 (VIOLATED)
_07730_/A1                              2.500000    3.007414   -0.507414 (VIOLATED)
_14279_/RN                              2.500000    2.996326   -0.496326 (VIOLATED)
_14280_/RN                              2.500000    2.996326   -0.496326 (VIOLATED)
_14281_/RN                              2.500000    2.996326   -0.496326 (VIOLATED)
_14294_/RN                              2.500000    2.996326   -0.496326 (VIOLATED)
_14295_/RN                              2.500000    2.996326   -0.496326 (VIOLATED)
_14296_/RN                              2.500000    2.996326   -0.496326 (VIOLATED)
_14297_/RN                              2.500000    2.996326   -0.496326 (VIOLATED)
_14326_/RN                              2.500000    2.996326   -0.496326 (VIOLATED)
_14342_/RN                              2.500000    2.996326   -0.496326 (VIOLATED)
_14388_/RN                              2.500000    2.996326   -0.496326 (VIOLATED)
fanout495/Z                             2.500000    2.996326   -0.496326 (VIOLATED)
_09392_/A1                              2.500000    2.993587   -0.493587 (VIOLATED)
_09427_/A1                              2.500000    2.993587   -0.493587 (VIOLATED)
_09322_/A1                              2.500000    2.993585   -0.493585 (VIOLATED)
_09357_/A1                              2.500000    2.993584   -0.493584 (VIOLATED)
_09499_/A1                              2.500000    2.993577   -0.493577 (VIOLATED)
_09205_/Z                               2.500000    2.993565   -0.493565 (VIOLATED)
_09207_/A1                              2.500000    2.993565   -0.493565 (VIOLATED)
_09249_/A1                              2.500000    2.993565   -0.493565 (VIOLATED)
_09285_/A1                              2.500000    2.993565   -0.493565 (VIOLATED)
_09464_/A1                              2.500000    2.993565   -0.493565 (VIOLATED)
_09534_/A1                              2.500000    2.993565   -0.493565 (VIOLATED)
_14284_/RN                              2.500000    2.993538   -0.493538 (VIOLATED)
_14414_/RN                              2.500000    2.993538   -0.493538 (VIOLATED)
_14174_/RN                              2.500000    2.993536   -0.493536 (VIOLATED)
_14421_/RN                              2.500000    2.993531   -0.493530 (VIOLATED)
_14469_/RN                              2.500000    2.993527   -0.493527 (VIOLATED)
_14468_/RN                              2.500000    2.993517   -0.493517 (VIOLATED)
_14484_/RN                              2.500000    2.993517   -0.493517 (VIOLATED)
_14485_/RN                              2.500000    2.993517   -0.493517 (VIOLATED)
_14501_/RN                              2.500000    2.993517   -0.493517 (VIOLATED)
_14876_/RN                              2.500000    2.993517   -0.493517 (VIOLATED)
fanout502/Z                             2.500000    2.993517   -0.493517 (VIOLATED)
_09326_/A1                              2.500000    2.989943   -0.489943 (VIOLATED)
_09396_/A1                              2.500000    2.989943   -0.489943 (VIOLATED)
_09431_/A1                              2.500000    2.989943   -0.489943 (VIOLATED)
_09361_/A1                              2.500000    2.989942   -0.489942 (VIOLATED)
_09503_/A1                              2.500000    2.989937   -0.489937 (VIOLATED)
_09468_/A1                              2.500000    2.989931   -0.489931 (VIOLATED)
_09538_/A1                              2.500000    2.989927   -0.489927 (VIOLATED)
_09211_/Z                               2.500000    2.989913   -0.489913 (VIOLATED)
_09213_/A1                              2.500000    2.989913   -0.489913 (VIOLATED)
_09253_/A1                              2.500000    2.989913   -0.489913 (VIOLATED)
_09289_/A1                              2.500000    2.989913   -0.489913 (VIOLATED)
_08023_/I                               2.500000    2.980931   -0.480931 (VIOLATED)
_08036_/I                               2.500000    2.980930   -0.480930 (VIOLATED)
_08402_/A3                              2.500000    2.980918   -0.480918 (VIOLATED)
_08358_/A3                              2.500000    2.980916   -0.480916 (VIOLATED)
_08022_/Z                               2.500000    2.980906   -0.480906 (VIOLATED)
_08047_/I                               2.500000    2.980906   -0.480906 (VIOLATED)
_08058_/I                               2.500000    2.980906   -0.480906 (VIOLATED)
_08107_/I                               2.500000    2.980906   -0.480906 (VIOLATED)
_08146_/I                               2.500000    2.980906   -0.480906 (VIOLATED)
_08336_/A3                              2.500000    2.980906   -0.480906 (VIOLATED)
_08380_/A3                              2.500000    2.980906   -0.480906 (VIOLATED)
_12831_/A2                              2.500000    2.980812   -0.480812 (VIOLATED)
_12847_/A2                              2.500000    2.980812   -0.480812 (VIOLATED)
_12835_/A1                              2.500000    2.980803   -0.480803 (VIOLATED)
_12830_/ZN                              2.500000    2.980794   -0.480794 (VIOLATED)
_14521_/RN                              2.500000    2.980654   -0.480654 (VIOLATED)
_14584_/RN                              2.500000    2.980654   -0.480654 (VIOLATED)
_14522_/RN                              2.500000    2.980653   -0.480653 (VIOLATED)
_14600_/RN                              2.500000    2.980653   -0.480653 (VIOLATED)
_14613_/RN                              2.500000    2.980642   -0.480642 (VIOLATED)
_14520_/RN                              2.500000    2.980641   -0.480641 (VIOLATED)
_14616_/RN                              2.500000    2.980641   -0.480641 (VIOLATED)
_14629_/RN                              2.500000    2.980632   -0.480632 (VIOLATED)
_14581_/RN                              2.500000    2.980618   -0.480618 (VIOLATED)
_14597_/RN                              2.500000    2.980618   -0.480618 (VIOLATED)
fanout503/Z                             2.500000    2.980618   -0.480618 (VIOLATED)
_14266_/RN                              2.500000    2.980163   -0.480163 (VIOLATED)
_14328_/RN                              2.500000    2.980164   -0.480163 (VIOLATED)
_14312_/RN                              2.500000    2.980162   -0.480162 (VIOLATED)
_14311_/RN                              2.500000    2.980159   -0.480159 (VIOLATED)
_14313_/RN                              2.500000    2.980157   -0.480157 (VIOLATED)
_14264_/RN                              2.500000    2.980148   -0.480147 (VIOLATED)
_14327_/RN                              2.500000    2.980148   -0.480147 (VIOLATED)
_14329_/RN                              2.500000    2.980148   -0.480147 (VIOLATED)
_14345_/RN                              2.500000    2.980148   -0.480147 (VIOLATED)
_14407_/RN                              2.500000    2.980148   -0.480147 (VIOLATED)
fanout484/Z                             2.500000    2.980148   -0.480147 (VIOLATED)
_07395_/S                               2.500000    2.977042   -0.477042 (VIOLATED)
_07182_/I                               2.500000    2.977041   -0.477042 (VIOLATED)
_07322_/A1                              2.500000    2.977040   -0.477040 (VIOLATED)
_07266_/A1                              2.500000    2.977037   -0.477037 (VIOLATED)
_06832_/ZN                              2.500000    2.977023   -0.477023 (VIOLATED)
_06883_/A1                              2.500000    2.977023   -0.477023 (VIOLATED)
_06884_/A1                              2.500000    2.977023   -0.477023 (VIOLATED)
_07062_/A1                              2.500000    2.977023   -0.477023 (VIOLATED)
_09320_/A1                              2.500000    2.976923   -0.476923 (VIOLATED)
_09390_/A1                              2.500000    2.976922   -0.476922 (VIOLATED)
_09425_/A1                              2.500000    2.976920   -0.476920 (VIOLATED)
_09355_/A1                              2.500000    2.976920   -0.476920 (VIOLATED)
_09497_/A1                              2.500000    2.976914   -0.476914 (VIOLATED)
_09462_/A1                              2.500000    2.976906   -0.476906 (VIOLATED)
_09532_/A1                              2.500000    2.976907   -0.476907 (VIOLATED)
_09201_/Z                               2.500000    2.976882   -0.476882 (VIOLATED)
_09204_/A1                              2.500000    2.976882   -0.476882 (VIOLATED)
_09247_/A1                              2.500000    2.976882   -0.476882 (VIOLATED)
_09283_/A1                              2.500000    2.976882   -0.476882 (VIOLATED)
_14686_/RN                              2.500000    2.975911   -0.475911 (VIOLATED)
_14687_/RN                              2.500000    2.975911   -0.475911 (VIOLATED)
_14688_/RN                              2.500000    2.975911   -0.475911 (VIOLATED)
_14730_/RN                              2.500000    2.975911   -0.475911 (VIOLATED)
_14731_/RN                              2.500000    2.975911   -0.475911 (VIOLATED)
_14732_/RN                              2.500000    2.975911   -0.475911 (VIOLATED)
_14733_/RN                              2.500000    2.975911   -0.475911 (VIOLATED)
_14740_/RN                              2.500000    2.975911   -0.475911 (VIOLATED)
_14742_/RN                              2.500000    2.975911   -0.475911 (VIOLATED)
_14745_/RN                              2.500000    2.975911   -0.475911 (VIOLATED)
fanout562/Z                             2.500000    2.975911   -0.475911 (VIOLATED)
_09259_/A1                              2.500000    2.972197   -0.472197 (VIOLATED)
_09295_/A1                              2.500000    2.972196   -0.472196 (VIOLATED)
_09402_/A1                              2.500000    2.972195   -0.472195 (VIOLATED)
_09332_/A1                              2.500000    2.972194   -0.472194 (VIOLATED)
_09437_/A1                              2.500000    2.972194   -0.472194 (VIOLATED)
_09222_/A1                              2.500000    2.972193   -0.472193 (VIOLATED)
_09367_/A1                              2.500000    2.972191   -0.472191 (VIOLATED)
_09509_/A1                              2.500000    2.972184   -0.472184 (VIOLATED)
_09220_/Z                               2.500000    2.972172   -0.472172 (VIOLATED)
_09474_/A1                              2.500000    2.972172   -0.472172 (VIOLATED)
_09544_/A1                              2.500000    2.972172   -0.472172 (VIOLATED)
_10111_/S                               2.500000    2.963141   -0.463141 (VIOLATED)
_10090_/Z                               2.500000    2.963126   -0.463126 (VIOLATED)
_10091_/S                               2.500000    2.963126   -0.463126 (VIOLATED)
_10093_/S                               2.500000    2.963126   -0.463126 (VIOLATED)
_10099_/S                               2.500000    2.963126   -0.463126 (VIOLATED)
max_cap31/I                             2.500000    2.963126   -0.463126 (VIOLATED)
_07726_/A1                              2.500000    2.957708   -0.457708 (VIOLATED)
_07725_/C                               2.500000    2.957707   -0.457707 (VIOLATED)
_07898_/C                               2.500000    2.957705   -0.457705 (VIOLATED)
_07657_/C                               2.500000    2.957701   -0.457701 (VIOLATED)
_07596_/C                               2.500000    2.957696   -0.457696 (VIOLATED)
_07458_/Z                               2.500000    2.957687   -0.457687 (VIOLATED)
_07459_/S                               2.500000    2.957687   -0.457687 (VIOLATED)
_07533_/C                               2.500000    2.957687   -0.457687 (VIOLATED)
_07785_/C                               2.500000    2.957687   -0.457687 (VIOLATED)
_07786_/A1                              2.500000    2.957687   -0.457687 (VIOLATED)
_07840_/C                               2.500000    2.957687   -0.457687 (VIOLATED)
_14472_/RN                              2.500000    2.953585   -0.453585 (VIOLATED)
_14456_/RN                              2.500000    2.953583   -0.453583 (VIOLATED)
_14440_/RN                              2.500000    2.953580   -0.453580 (VIOLATED)
_14424_/RN                              2.500000    2.953578   -0.453577 (VIOLATED)
_14287_/RN                              2.500000    2.953574   -0.453574 (VIOLATED)
_14285_/RN                              2.500000    2.953573   -0.453573 (VIOLATED)
_14319_/RN                              2.500000    2.953573   -0.453573 (VIOLATED)
_14286_/RN                              2.500000    2.953571   -0.453571 (VIOLATED)
_14301_/RN                              2.500000    2.953562   -0.453561 (VIOLATED)
_14283_/RN                              2.500000    2.953550   -0.453550 (VIOLATED)
fanout513/Z                             2.500000    2.953550   -0.453550 (VIOLATED)
_14300_/RN                              2.500000    2.948983   -0.448983 (VIOLATED)
_14190_/RN                              2.500000    2.948982   -0.448982 (VIOLATED)
_14270_/RN                              2.500000    2.948982   -0.448982 (VIOLATED)
_14316_/RN                              2.500000    2.948980   -0.448980 (VIOLATED)
_14254_/RN                              2.500000    2.948979   -0.448979 (VIOLATED)
_14269_/RN                              2.500000    2.948973   -0.448973 (VIOLATED)
_14237_/RN                              2.500000    2.948964   -0.448964 (VIOLATED)
_14238_/RN                              2.500000    2.948964   -0.448964 (VIOLATED)
_14413_/RN                              2.500000    2.948964   -0.448964 (VIOLATED)
fanout497/I                             2.500000    2.948964   -0.448964 (VIOLATED)
fanout498/Z                             2.500000    2.948964   -0.448964 (VIOLATED)
_14389_/RN                              2.500000    2.947750   -0.447750 (VIOLATED)
_14181_/RN                              2.500000    2.947750   -0.447750 (VIOLATED)
_14165_/RN                              2.500000    2.947748   -0.447748 (VIOLATED)
_14844_/RN                              2.500000    2.947748   -0.447748 (VIOLATED)
_14161_/RN                              2.500000    2.947739   -0.447739 (VIOLATED)
_14162_/RN                              2.500000    2.947739   -0.447739 (VIOLATED)
_14197_/RN                              2.500000    2.947739   -0.447739 (VIOLATED)
_14213_/RN                              2.500000    2.947739   -0.447739 (VIOLATED)
_14878_/RN                              2.500000    2.947739   -0.447739 (VIOLATED)
_14879_/RN                              2.500000    2.947739   -0.447739 (VIOLATED)
fanout477/Z                             2.500000    2.947739   -0.447739 (VIOLATED)
_07171_/ZN                              2.500000    2.946510   -0.446510 (VIOLATED)
wire680/I                               2.500000    2.946510   -0.446510 (VIOLATED)
_14223_/RN                              2.500000    2.940159   -0.440159 (VIOLATED)
_14240_/RN                              2.500000    2.940159   -0.440159 (VIOLATED)
_14251_/RN                              2.500000    2.940159   -0.440159 (VIOLATED)
_14272_/RN                              2.500000    2.940159   -0.440159 (VIOLATED)
_14315_/RN                              2.500000    2.940159   -0.440159 (VIOLATED)
_14331_/RN                              2.500000    2.940159   -0.440159 (VIOLATED)
_14347_/RN                              2.500000    2.940159   -0.440159 (VIOLATED)
_14352_/RN                              2.500000    2.940159   -0.440159 (VIOLATED)
_14363_/RN                              2.500000    2.940159   -0.440159 (VIOLATED)
_14379_/RN                              2.500000    2.940159   -0.440159 (VIOLATED)
fanout489/Z                             2.500000    2.940159   -0.440159 (VIOLATED)
_11514_/I                               2.500000    2.936394   -0.436394 (VIOLATED)
_12329_/A1                              2.500000    2.936392   -0.436392 (VIOLATED)
_12199_/A1                              2.500000    2.936388   -0.436388 (VIOLATED)
_12201_/A1                              2.500000    2.936388   -0.436388 (VIOLATED)
_12115_/A1                              2.500000    2.936386   -0.436386 (VIOLATED)
_11573_/B                               2.500000    2.936376   -0.436376 (VIOLATED)
_11732_/A1                              2.500000    2.936372   -0.436372 (VIOLATED)
_11730_/B                               2.500000    2.936368   -0.436368 (VIOLATED)
_11903_/B                               2.500000    2.936340   -0.436340 (VIOLATED)
_11905_/A1                              2.500000    2.936340   -0.436340 (VIOLATED)
fanout328/Z                             2.500000    2.936340   -0.436340 (VIOLATED)
_14179_/RN                              2.500000    2.933533   -0.433533 (VIOLATED)
_14322_/RN                              2.500000    2.933530   -0.433530 (VIOLATED)
_14306_/RN                              2.500000    2.933530   -0.433530 (VIOLATED)
_14259_/RN                              2.500000    2.933520   -0.433520 (VIOLATED)
_14275_/RN                              2.500000    2.933520   -0.433520 (VIOLATED)
_14304_/RN                              2.500000    2.933520   -0.433520 (VIOLATED)
_14305_/RN                              2.500000    2.933520   -0.433520 (VIOLATED)
_14320_/RN                              2.500000    2.933520   -0.433520 (VIOLATED)
_14321_/RN                              2.500000    2.933520   -0.433520 (VIOLATED)
_14337_/RN                              2.500000    2.933520   -0.433520 (VIOLATED)
fanout510/Z                             2.500000    2.933520   -0.433520 (VIOLATED)
_06919_/S                               2.500000    2.932642   -0.432642 (VIOLATED)
_06927_/A2                              2.500000    2.932642   -0.432642 (VIOLATED)
_06935_/S                               2.500000    2.932640   -0.432639 (VIOLATED)
_06895_/A2                              2.500000    2.932631   -0.432631 (VIOLATED)
_06889_/A2                              2.500000    2.932630   -0.432630 (VIOLATED)
_06932_/S                               2.500000    2.932625   -0.432625 (VIOLATED)
_07012_/A2                              2.500000    2.932614   -0.432614 (VIOLATED)
_07013_/A2                              2.500000    2.932614   -0.432614 (VIOLATED)
fanout353/I                             2.500000    2.932614   -0.432614 (VIOLATED)
fanout354/Z                             2.500000    2.932614   -0.432614 (VIOLATED)
_14173_/RN                              2.500000    2.922556   -0.422556 (VIOLATED)
_14189_/RN                              2.500000    2.922556   -0.422556 (VIOLATED)
_14205_/RN                              2.500000    2.922556   -0.422556 (VIOLATED)
_14206_/RN                              2.500000    2.922556   -0.422556 (VIOLATED)
_14222_/RN                              2.500000    2.922556   -0.422556 (VIOLATED)
_14253_/RN                              2.500000    2.922556   -0.422556 (VIOLATED)
_14282_/RN                              2.500000    2.922556   -0.422556 (VIOLATED)
_14298_/RN                              2.500000    2.922556   -0.422556 (VIOLATED)
_14314_/RN                              2.500000    2.922556   -0.422556 (VIOLATED)
_14330_/RN                              2.500000    2.922556   -0.422556 (VIOLATED)
fanout497/Z                             2.500000    2.922556   -0.422556 (VIOLATED)
_14432_/RN                              2.500000    2.920600   -0.420600 (VIOLATED)
_14451_/RN                              2.500000    2.920600   -0.420600 (VIOLATED)
_14448_/RN                              2.500000    2.920599   -0.420599 (VIOLATED)
_14431_/RN                              2.500000    2.920589   -0.420589 (VIOLATED)
_14447_/RN                              2.500000    2.920589   -0.420589 (VIOLATED)
_14463_/RN                              2.500000    2.920589   -0.420589 (VIOLATED)
_14483_/RN                              2.500000    2.920589   -0.420589 (VIOLATED)
_14496_/RN                              2.500000    2.920589   -0.420589 (VIOLATED)
_14499_/RN                              2.500000    2.920589   -0.420589 (VIOLATED)
_14515_/RN                              2.500000    2.920589   -0.420589 (VIOLATED)
fanout548/Z                             2.500000    2.920589   -0.420589 (VIOLATED)
_07430_/I                               2.500000    2.913704   -0.413704 (VIOLATED)
_07424_/B1                              2.500000    2.913702   -0.413702 (VIOLATED)
_07481_/B1                              2.500000    2.913700   -0.413700 (VIOLATED)
_07334_/A1                              2.500000    2.913696   -0.413696 (VIOLATED)
_07329_/B1                              2.500000    2.913696   -0.413696 (VIOLATED)
_07339_/A1                              2.500000    2.913696   -0.413696 (VIOLATED)
_07236_/B1                              2.500000    2.913688   -0.413688 (VIOLATED)
_07233_/Z                               2.500000    2.913674   -0.413674 (VIOLATED)
_07273_/B1                              2.500000    2.913674   -0.413674 (VIOLATED)
_07278_/A1                              2.500000    2.913674   -0.413674 (VIOLATED)
_07284_/A1                              2.500000    2.913674   -0.413674 (VIOLATED)
_14568_/RN                              2.500000    2.910925   -0.410925 (VIOLATED)
_14536_/RN                              2.500000    2.910925   -0.410925 (VIOLATED)
_14585_/RN                              2.500000    2.910924   -0.410924 (VIOLATED)
_14425_/RN                              2.500000    2.910914   -0.410914 (VIOLATED)
_14535_/RN                              2.500000    2.910914   -0.410914 (VIOLATED)
_14565_/RN                              2.500000    2.910914   -0.410914 (VIOLATED)
_14567_/RN                              2.500000    2.910914   -0.410914 (VIOLATED)
_14586_/RN                              2.500000    2.910914   -0.410914 (VIOLATED)
_14633_/RN                              2.500000    2.910914   -0.410914 (VIOLATED)
_14649_/RN                              2.500000    2.910914   -0.410914 (VIOLATED)
fanout538/Z                             2.500000    2.910914   -0.410914 (VIOLATED)
_14500_/RN                              2.500000    2.905804   -0.405804 (VIOLATED)
_14516_/RN                              2.500000    2.905802   -0.405803 (VIOLATED)
_14452_/RN                              2.500000    2.905802   -0.405801 (VIOLATED)
_14436_/RN                              2.500000    2.905799   -0.405799 (VIOLATED)
_14420_/RN                              2.500000    2.905797   -0.405797 (VIOLATED)
_14277_/RN                              2.500000    2.905786   -0.405786 (VIOLATED)
_14405_/RN                              2.500000    2.905786   -0.405786 (VIOLATED)
_14517_/RN                              2.500000    2.905786   -0.405786 (VIOLATED)
_14644_/RN                              2.500000    2.905786   -0.405786 (VIOLATED)
_14877_/RN                              2.500000    2.905786   -0.405786 (VIOLATED)
fanout500/Z                             2.500000    2.905786   -0.405786 (VIOLATED)
_10648_/S                               2.500000    2.903743   -0.403743 (VIOLATED)
_10647_/Z                               2.500000    2.903730   -0.403730 (VIOLATED)
_10658_/S                               2.500000    2.903730   -0.403730 (VIOLATED)
_10664_/S                               2.500000    2.903730   -0.403730 (VIOLATED)
_10668_/S                               2.500000    2.903730   -0.403730 (VIOLATED)
_10670_/S                               2.500000    2.903730   -0.403730 (VIOLATED)
max_cap86/I                             2.500000    2.903730   -0.403730 (VIOLATED)
_14288_/RN                              2.500000    2.903122   -0.403122 (VIOLATED)
_14289_/RN                              2.500000    2.903122   -0.403122 (VIOLATED)
_14290_/RN                              2.500000    2.903122   -0.403122 (VIOLATED)
_14291_/RN                              2.500000    2.903122   -0.403122 (VIOLATED)
_14307_/RN                              2.500000    2.903122   -0.403122 (VIOLATED)
_14323_/RN                              2.500000    2.903122   -0.403122 (VIOLATED)
_14428_/RN                              2.500000    2.903122   -0.403122 (VIOLATED)
_14434_/RN                              2.500000    2.903122   -0.403122 (VIOLATED)
_14498_/RN                              2.500000    2.903122   -0.403122 (VIOLATED)
_14514_/RN                              2.500000    2.903122   -0.403122 (VIOLATED)
fanout517/Z                             2.500000    2.903122   -0.403122 (VIOLATED)
_14760_/RN                              2.500000    2.898500   -0.398500 (VIOLATED)
_14762_/RN                              2.500000    2.898500   -0.398500 (VIOLATED)
_14761_/RN                              2.500000    2.898498   -0.398498 (VIOLATED)
_14763_/RN                              2.500000    2.898497   -0.398497 (VIOLATED)
_14764_/RN                              2.500000    2.898495   -0.398495 (VIOLATED)
_14766_/RN                              2.500000    2.898491   -0.398491 (VIOLATED)
_14765_/RN                              2.500000    2.898486   -0.398486 (VIOLATED)
_14767_/RN                              2.500000    2.898480   -0.398480 (VIOLATED)
_14758_/RN                              2.500000    2.898469   -0.398469 (VIOLATED)
_14770_/RN                              2.500000    2.898469   -0.398469 (VIOLATED)
fanout460/Z                             2.500000    2.898469   -0.398469 (VIOLATED)
_08201_/A1                              2.500000    2.892802   -0.392802 (VIOLATED)
_08223_/A1                              2.500000    2.892802   -0.392802 (VIOLATED)
_08267_/A1                              2.500000    2.892790   -0.392790 (VIOLATED)
_08199_/Z                               2.500000    2.892780   -0.392780 (VIOLATED)
_08245_/A1                              2.500000    2.892780   -0.392780 (VIOLATED)
_08289_/A1                              2.500000    2.892780   -0.392780 (VIOLATED)
_08311_/A1                              2.500000    2.892780   -0.392780 (VIOLATED)
_08333_/A1                              2.500000    2.892780   -0.392780 (VIOLATED)
_08355_/A1                              2.500000    2.892780   -0.392780 (VIOLATED)
_08377_/A1                              2.500000    2.892780   -0.392780 (VIOLATED)
_08399_/A1                              2.500000    2.892780   -0.392780 (VIOLATED)
_09145_/A2                              2.500000    2.890445   -0.390445 (VIOLATED)
_09201_/I                               2.500000    2.890445   -0.390445 (VIOLATED)
_09567_/A1                              2.500000    2.890441   -0.390441 (VIOLATED)
_13303_/A1                              2.500000    2.890441   -0.390441 (VIOLATED)
_09604_/A1                              2.500000    2.890440   -0.390439 (VIOLATED)
_09143_/Z                               2.500000    2.890428   -0.390428 (VIOLATED)
_09639_/A1                              2.500000    2.890428   -0.390428 (VIOLATED)
_09674_/A1                              2.500000    2.890428   -0.390428 (VIOLATED)
_09709_/A1                              2.500000    2.890428   -0.390428 (VIOLATED)
_13315_/A1                              2.500000    2.890428   -0.390428 (VIOLATED)
_09670_/S                               2.500000    2.888447   -0.388447 (VIOLATED)
_09668_/S                               2.500000    2.888445   -0.388445 (VIOLATED)
_09666_/S                               2.500000    2.888438   -0.388438 (VIOLATED)
_09654_/ZN                              2.500000    2.888426   -0.388426 (VIOLATED)
_09655_/I                               2.500000    2.888426   -0.388426 (VIOLATED)
_09664_/S                               2.500000    2.888426   -0.388426 (VIOLATED)
_09672_/I                               2.500000    2.888426   -0.388426 (VIOLATED)
_11647_/B                               2.500000    2.885745   -0.385745 (VIOLATED)
_11754_/B                               2.500000    2.885744   -0.385744 (VIOLATED)
_11991_/C                               2.500000    2.885743   -0.385743 (VIOLATED)
_11280_/I                               2.500000    2.885739   -0.385739 (VIOLATED)
_11882_/B                               2.500000    2.885726   -0.385726 (VIOLATED)
_12369_/A1                              2.500000    2.885726   -0.385726 (VIOLATED)
fanout451/I                             2.500000    2.885726   -0.385726 (VIOLATED)
fanout452/Z                             2.500000    2.885726   -0.385726 (VIOLATED)
_07481_/ZN                              2.500000    2.884693   -0.384693 (VIOLATED)
_07482_/A2                              2.500000    2.884693   -0.384693 (VIOLATED)
_12271_/B                               2.500000    2.884604   -0.384603 (VIOLATED)
_11640_/A1                              2.500000    2.884603   -0.384603 (VIOLATED)
_12366_/B                               2.500000    2.884596   -0.384596 (VIOLATED)
_12253_/A1                              2.500000    2.884594   -0.384594 (VIOLATED)
_12365_/B                               2.500000    2.884593   -0.384593 (VIOLATED)
_11863_/A1                              2.500000    2.884587   -0.384587 (VIOLATED)
_12049_/A1                              2.500000    2.884571   -0.384571 (VIOLATED)
_12057_/B                               2.500000    2.884571   -0.384571 (VIOLATED)
_12141_/A1                              2.500000    2.884571   -0.384571 (VIOLATED)
_12157_/B                               2.500000    2.884571   -0.384571 (VIOLATED)
fanout451/Z                             2.500000    2.884571   -0.384571 (VIOLATED)
_14689_/RN                              2.500000    2.881483   -0.381483 (VIOLATED)
_14824_/RN                              2.500000    2.881482   -0.381482 (VIOLATED)
_14825_/RN                              2.500000    2.881482   -0.381482 (VIOLATED)
_14690_/RN                              2.500000    2.881469   -0.381468 (VIOLATED)
_14724_/RN                              2.500000    2.881469   -0.381468 (VIOLATED)
_14725_/RN                              2.500000    2.881469   -0.381468 (VIOLATED)
_14726_/RN                              2.500000    2.881469   -0.381468 (VIOLATED)
_14727_/RN                              2.500000    2.881469   -0.381468 (VIOLATED)
_14728_/RN                              2.500000    2.881469   -0.381468 (VIOLATED)
_14729_/RN                              2.500000    2.881469   -0.381468 (VIOLATED)
fanout560/Z                             2.500000    2.881469   -0.381468 (VIOLATED)
_07751_/A2                              2.500000    2.879751   -0.379751 (VIOLATED)
_07762_/A2                              2.500000    2.879750   -0.379750 (VIOLATED)
_07758_/A2                              2.500000    2.879749   -0.379749 (VIOLATED)
_07689_/A2                              2.500000    2.879740   -0.379740 (VIOLATED)
_07682_/A2                              2.500000    2.879736   -0.379736 (VIOLATED)
_07671_/C                               2.500000    2.879733   -0.379733 (VIOLATED)
_07448_/Z                               2.500000    2.879723   -0.379723 (VIOLATED)
_07449_/A2                              2.500000    2.879723   -0.379723 (VIOLATED)
_07454_/A2                              2.500000    2.879723   -0.379723 (VIOLATED)
_07464_/I                               2.500000    2.879723   -0.379723 (VIOLATED)
_07693_/A2                              2.500000    2.879723   -0.379723 (VIOLATED)
_14195_/RN                              2.500000    2.874619   -0.374619 (VIOLATED)
_14211_/RN                              2.500000    2.874618   -0.374618 (VIOLATED)
_14194_/RN                              2.500000    2.874609   -0.374609 (VIOLATED)
_14210_/RN                              2.500000    2.874609   -0.374609 (VIOLATED)
_14226_/RN                              2.500000    2.874609   -0.374609 (VIOLATED)
_14227_/RN                              2.500000    2.874609   -0.374609 (VIOLATED)
_14242_/RN                              2.500000    2.874609   -0.374609 (VIOLATED)
_14243_/RN                              2.500000    2.874609   -0.374609 (VIOLATED)
_14258_/RN                              2.500000    2.874609   -0.374609 (VIOLATED)
_14274_/RN                              2.500000    2.874609   -0.374609 (VIOLATED)
fanout508/Z                             2.500000    2.874609   -0.374609 (VIOLATED)
_07209_/A2                              2.500000    2.869132   -0.369132 (VIOLATED)
_07522_/I                               2.500000    2.869132   -0.369132 (VIOLATED)
_07474_/C                               2.500000    2.869132   -0.369131 (VIOLATED)
_07475_/A2                              2.500000    2.869130   -0.369130 (VIOLATED)
_07208_/C                               2.500000    2.869129   -0.369129 (VIOLATED)
_07404_/A2                              2.500000    2.869128   -0.369128 (VIOLATED)
_07598_/C                               2.500000    2.869125   -0.369125 (VIOLATED)
_07535_/C                               2.500000    2.869125   -0.369125 (VIOLATED)
_07403_/C                               2.500000    2.869123   -0.369123 (VIOLATED)
_07120_/Z                               2.500000    2.869110   -0.369110 (VIOLATED)
_07134_/A1                              2.500000    2.869110   -0.369110 (VIOLATED)
_12375_/ZN                              2.500000    2.868876   -0.368876 (VIOLATED)
_12376_/A3                              2.500000    2.868876   -0.368876 (VIOLATED)
_12518_/A2                              2.500000    2.868876   -0.368876 (VIOLATED)
_12519_/A2                              2.500000    2.868876   -0.368876 (VIOLATED)
_14435_/RN                              2.500000    2.863683   -0.363683 (VIOLATED)
_14577_/RN                              2.500000    2.863683   -0.363683 (VIOLATED)
_14592_/RN                              2.500000    2.863683   -0.363683 (VIOLATED)
_14593_/RN                              2.500000    2.863683   -0.363683 (VIOLATED)
_14608_/RN                              2.500000    2.863683   -0.363683 (VIOLATED)
_14624_/RN                              2.500000    2.863683   -0.363683 (VIOLATED)
_14627_/RN                              2.500000    2.863683   -0.363683 (VIOLATED)
_14640_/RN                              2.500000    2.863683   -0.363683 (VIOLATED)
_14641_/RN                              2.500000    2.863683   -0.363683 (VIOLATED)
_14643_/RN                              2.500000    2.863683   -0.363683 (VIOLATED)
fanout550/Z                             2.500000    2.863683   -0.363683 (VIOLATED)
_14665_/RN                              2.500000    2.861505   -0.361505 (VIOLATED)
_14668_/RN                              2.500000    2.861505   -0.361505 (VIOLATED)
_14702_/RN                              2.500000    2.861504   -0.361504 (VIOLATED)
_14705_/RN                              2.500000    2.861504   -0.361504 (VIOLATED)
_13101_/ZN                              2.500000    2.861501   -0.361502 (VIOLATED)
_13117_/A1                              2.500000    2.861501   -0.361502 (VIOLATED)
_13150_/B                               2.500000    2.861501   -0.361502 (VIOLATED)
_14701_/RN                              2.500000    2.861496   -0.361496 (VIOLATED)
_14664_/RN                              2.500000    2.861486   -0.361486 (VIOLATED)
_14700_/RN                              2.500000    2.861477   -0.361477 (VIOLATED)
_14697_/RN                              2.500000    2.861466   -0.361466 (VIOLATED)
_14698_/RN                              2.500000    2.861466   -0.361466 (VIOLATED)
_14699_/RN                              2.500000    2.861466   -0.361466 (VIOLATED)
fanout525/Z                             2.500000    2.861466   -0.361466 (VIOLATED)
_09439_/A1                              2.500000    2.858192   -0.358192 (VIOLATED)
_09225_/A1                              2.500000    2.858191   -0.358191 (VIOLATED)
_09404_/A1                              2.500000    2.858190   -0.358190 (VIOLATED)
_09261_/A1                              2.500000    2.858189   -0.358189 (VIOLATED)
_09334_/A1                              2.500000    2.858188   -0.358188 (VIOLATED)
_09297_/A1                              2.500000    2.858186   -0.358186 (VIOLATED)
_09369_/A1                              2.500000    2.858185   -0.358185 (VIOLATED)
_09511_/A1                              2.500000    2.858175   -0.358175 (VIOLATED)
_09223_/Z                               2.500000    2.858159   -0.358159 (VIOLATED)
_09476_/A1                              2.500000    2.858159   -0.358159 (VIOLATED)
_09546_/A1                              2.500000    2.858159   -0.358159 (VIOLATED)
_11192_/A1                              2.500000    2.851116   -0.351116 (VIOLATED)
_11155_/A1                              2.500000    2.851115   -0.351115 (VIOLATED)
_10867_/Z                               2.500000    2.851105   -0.351105 (VIOLATED)
_10868_/I                               2.500000    2.851105   -0.351105 (VIOLATED)
_11003_/A1                              2.500000    2.851105   -0.351105 (VIOLATED)
_11015_/A1                              2.500000    2.851105   -0.351105 (VIOLATED)
_11041_/A1                              2.500000    2.851105   -0.351105 (VIOLATED)
_11080_/A1                              2.500000    2.851105   -0.351105 (VIOLATED)
_11088_/A1                              2.500000    2.851105   -0.351105 (VIOLATED)
_11096_/A1                              2.500000    2.851105   -0.351105 (VIOLATED)
_11221_/C                               2.500000    2.851105   -0.351105 (VIOLATED)
_14507_/RN                              2.500000    2.849407   -0.349407 (VIOLATED)
_14523_/RN                              2.500000    2.849407   -0.349407 (VIOLATED)
_14491_/RN                              2.500000    2.849397   -0.349397 (VIOLATED)
_14508_/RN                              2.500000    2.849397   -0.349397 (VIOLATED)
_14509_/RN                              2.500000    2.849397   -0.349397 (VIOLATED)
_14525_/RN                              2.500000    2.849397   -0.349397 (VIOLATED)
_14588_/RN                              2.500000    2.849397   -0.349397 (VIOLATED)
_14604_/RN                              2.500000    2.849397   -0.349397 (VIOLATED)
_14632_/RN                              2.500000    2.849397   -0.349397 (VIOLATED)
_14648_/RN                              2.500000    2.849397   -0.349397 (VIOLATED)
fanout514/Z                             2.500000    2.849397   -0.349397 (VIOLATED)
_06931_/ZN                              2.500000    2.845611   -0.345611 (VIOLATED)
_07008_/A1                              2.500000    2.845611   -0.345611 (VIOLATED)
_07019_/B                               2.500000    2.845611   -0.345611 (VIOLATED)
wire234/I                               2.500000    2.845611   -0.345611 (VIOLATED)
_13528_/ZN                              2.500000    2.843667   -0.343666 (VIOLATED)
_13529_/A2                              2.500000    2.843667   -0.343666 (VIOLATED)
_13624_/A2                              2.500000    2.843667   -0.343666 (VIOLATED)
_13629_/A2                              2.500000    2.843667   -0.343666 (VIOLATED)
max_cap200/I                            2.500000    2.843667   -0.343666 (VIOLATED)
_07715_/B1                              2.500000    2.839458   -0.339458 (VIOLATED)
_07721_/B1                              2.500000    2.839457   -0.339456 (VIOLATED)
_07832_/B1                              2.500000    2.839452   -0.339452 (VIOLATED)
_07782_/B1                              2.500000    2.839449   -0.339449 (VIOLATED)
_07776_/B1                              2.500000    2.839447   -0.339447 (VIOLATED)
_06920_/ZN                              2.500000    2.839444   -0.339444 (VIOLATED)
_06922_/A2                              2.500000    2.839444   -0.339444 (VIOLATED)
_06928_/B                               2.500000    2.839444   -0.339444 (VIOLATED)
_06936_/B1                              2.500000    2.839444   -0.339444 (VIOLATED)
_07010_/B1                              2.500000    2.839444   -0.339444 (VIOLATED)
_07084_/I                               2.500000    2.839444   -0.339444 (VIOLATED)
_07088_/B                               2.500000    2.839444   -0.339444 (VIOLATED)
_07095_/B1                              2.500000    2.839444   -0.339444 (VIOLATED)
_07100_/B                               2.500000    2.839444   -0.339444 (VIOLATED)
_07710_/Z                               2.500000    2.839436   -0.339436 (VIOLATED)
_07834_/B1                              2.500000    2.839436   -0.339436 (VIOLATED)
_07837_/B1                              2.500000    2.839436   -0.339436 (VIOLATED)
_07919_/A1                              2.500000    2.839436   -0.339436 (VIOLATED)
_07926_/A1                              2.500000    2.839436   -0.339436 (VIOLATED)
_07930_/A1                              2.500000    2.839436   -0.339436 (VIOLATED)
_14660_/RN                              2.500000    2.833529   -0.333529 (VIOLATED)
_14661_/RN                              2.500000    2.833529   -0.333529 (VIOLATED)
_14675_/RN                              2.500000    2.833529   -0.333529 (VIOLATED)
_14693_/RN                              2.500000    2.833529   -0.333529 (VIOLATED)
_14709_/RN                              2.500000    2.833529   -0.333529 (VIOLATED)
_14710_/RN                              2.500000    2.833529   -0.333529 (VIOLATED)
_14711_/RN                              2.500000    2.833529   -0.333529 (VIOLATED)
_14712_/RN                              2.500000    2.833529   -0.333529 (VIOLATED)
_14713_/RN                              2.500000    2.833529   -0.333529 (VIOLATED)
_14714_/RN                              2.500000    2.833529   -0.333529 (VIOLATED)
fanout527/Z                             2.500000    2.833529   -0.333529 (VIOLATED)
_10877_/A2                              2.500000    2.814069   -0.314069 (VIOLATED)
_10895_/A2                              2.500000    2.814065   -0.314065 (VIOLATED)
_10845_/A2                              2.500000    2.814065   -0.314064 (VIOLATED)
_10822_/A2                              2.500000    2.814055   -0.314055 (VIOLATED)
_10951_/A2                              2.500000    2.814042   -0.314042 (VIOLATED)
_10930_/A2                              2.500000    2.814042   -0.314041 (VIOLATED)
_10941_/A2                              2.500000    2.814039   -0.314039 (VIOLATED)
_10798_/Z                               2.500000    2.814029   -0.314029 (VIOLATED)
_10799_/I                               2.500000    2.814029   -0.314029 (VIOLATED)
_10807_/I                               2.500000    2.814029   -0.314029 (VIOLATED)
_11225_/C                               2.500000    2.814029   -0.314029 (VIOLATED)
_07631_/B1                              2.500000    2.812805   -0.312805 (VIOLATED)
_07627_/B1                              2.500000    2.812804   -0.312804 (VIOLATED)
_07186_/I                               2.500000    2.812803   -0.312802 (VIOLATED)
_07563_/B1                              2.500000    2.812800   -0.312800 (VIOLATED)
_07559_/B1                              2.500000    2.812795   -0.312795 (VIOLATED)
_07415_/B1                              2.500000    2.812792   -0.312792 (VIOLATED)
_07416_/B1                              2.500000    2.812792   -0.312792 (VIOLATED)
_07424_/A2                              2.500000    2.812792   -0.312792 (VIOLATED)
_07410_/B1                              2.500000    2.812791   -0.312791 (VIOLATED)
_07570_/B1                              2.500000    2.812790   -0.312790 (VIOLATED)
_07185_/Z                               2.500000    2.812778   -0.312778 (VIOLATED)
_10700_/S                               2.500000    2.812610   -0.312610 (VIOLATED)
_10693_/Z                               2.500000    2.812595   -0.312595 (VIOLATED)
_10694_/S                               2.500000    2.812595   -0.312595 (VIOLATED)
_10696_/S                               2.500000    2.812595   -0.312595 (VIOLATED)
_10698_/S                               2.500000    2.812595   -0.312595 (VIOLATED)
_10702_/S                               2.500000    2.812595   -0.312595 (VIOLATED)
max_cap83/I                             2.500000    2.812595   -0.312595 (VIOLATED)
_12465_/ZN                              2.500000    2.811168   -0.311168 (VIOLATED)
_12466_/A2                              2.500000    2.811168   -0.311168 (VIOLATED)
max_cap205/I                            2.500000    2.811168   -0.311168 (VIOLATED)
_07821_/S0                              2.500000    2.810388   -0.310387 (VIOLATED)
_07765_/S0                              2.500000    2.810386   -0.310386 (VIOLATED)
_07421_/A1                              2.500000    2.810374   -0.310374 (VIOLATED)
_07406_/Z                               2.500000    2.810361   -0.310361 (VIOLATED)
_07564_/S                               2.500000    2.810361   -0.310361 (VIOLATED)
_07571_/C                               2.500000    2.810361   -0.310361 (VIOLATED)
_07572_/A1                              2.500000    2.810361   -0.310361 (VIOLATED)
_07632_/S0                              2.500000    2.810361   -0.310361 (VIOLATED)
max_cap179/I                            2.500000    2.810361   -0.310361 (VIOLATED)
_13586_/S0                              2.500000    2.808880   -0.308880 (VIOLATED)
_13572_/S0                              2.500000    2.808880   -0.308880 (VIOLATED)
_13581_/S0                              2.500000    2.808879   -0.308879 (VIOLATED)
_13582_/S0                              2.500000    2.808879   -0.308879 (VIOLATED)
_13591_/S0                              2.500000    2.808871   -0.308870 (VIOLATED)
_13592_/S0                              2.500000    2.808858   -0.308858 (VIOLATED)
_13601_/S0                              2.500000    2.808858   -0.308858 (VIOLATED)
fanout584/Z                             2.500000    2.808858   -0.308858 (VIOLATED)
wire194/I                               2.500000    2.807986   -0.307985 (VIOLATED)
_07128_/S                               2.500000    2.807962   -0.307962 (VIOLATED)
_07123_/S                               2.500000    2.807953   -0.307953 (VIOLATED)
_07122_/Z                               2.500000    2.807944   -0.307944 (VIOLATED)
_07126_/S                               2.500000    2.807944   -0.307944 (VIOLATED)
_07130_/S                               2.500000    2.807944   -0.307944 (VIOLATED)
_10081_/A2                              2.500000    2.806755   -0.306755 (VIOLATED)
_10010_/A2                              2.500000    2.806751   -0.306751 (VIOLATED)
_10117_/A2                              2.500000    2.806750   -0.306750 (VIOLATED)
_10022_/A2                              2.500000    2.806749   -0.306749 (VIOLATED)
_10017_/A2                              2.500000    2.806742   -0.306742 (VIOLATED)
_10020_/A2                              2.500000    2.806736   -0.306736 (VIOLATED)
_10024_/A2                              2.500000    2.806727   -0.306727 (VIOLATED)
_09960_/Z                               2.500000    2.806718   -0.306718 (VIOLATED)
_09962_/A2                              2.500000    2.806718   -0.306718 (VIOLATED)
_09964_/A2                              2.500000    2.806718   -0.306718 (VIOLATED)
_10096_/A2                              2.500000    2.806718   -0.306718 (VIOLATED)
_06826_/ZN                              2.500000    2.803840   -0.303840 (VIOLATED)
_06827_/A2                              2.500000    2.803840   -0.303840 (VIOLATED)
_07119_/A2                              2.500000    2.803840   -0.303840 (VIOLATED)
_08418_/A2                              2.500000    2.803840   -0.303840 (VIOLATED)
_14164_/RN                              2.500000    2.803041   -0.303041 (VIOLATED)
_14180_/RN                              2.500000    2.803041   -0.303041 (VIOLATED)
_14260_/RN                              2.500000    2.803038   -0.303038 (VIOLATED)
_14244_/RN                              2.500000    2.803036   -0.303036 (VIOLATED)
_14358_/RN                              2.500000    2.803033   -0.303032 (VIOLATED)
_14374_/RN                              2.500000    2.803030   -0.303029 (VIOLATED)
_14198_/RN                              2.500000    2.803026   -0.303026 (VIOLATED)
_14246_/RN                              2.500000    2.803017   -0.303017 (VIOLATED)
_14262_/RN                              2.500000    2.803017   -0.303017 (VIOLATED)
_14390_/RN                              2.500000    2.803017   -0.303017 (VIOLATED)
fanout474/Z                             2.500000    2.803017   -0.303017 (VIOLATED)
_06833_/A1                              2.500000    2.798316   -0.298316 (VIOLATED)
_07015_/A2                              2.500000    2.798316   -0.298315 (VIOLATED)
_07947_/A2                              2.500000    2.798314   -0.298314 (VIOLATED)
_07483_/C                               2.500000    2.798306   -0.298306 (VIOLATED)
_06825_/A2                              2.500000    2.798302   -0.298302 (VIOLATED)
_06873_/A1                              2.500000    2.798296   -0.298297 (VIOLATED)
_06868_/I                               2.500000    2.798296   -0.298296 (VIOLATED)
_06831_/A1                              2.500000    2.798285   -0.298285 (VIOLATED)
_06847_/A1                              2.500000    2.798285   -0.298285 (VIOLATED)
_06943_/A1                              2.500000    2.798285   -0.298285 (VIOLATED)
fanout343/Z                             2.500000    2.798285   -0.298285 (VIOLATED)
_11906_/ZN                              2.500000    2.792485   -0.292485 (VIOLATED)
_11907_/A3                              2.500000    2.792485   -0.292485 (VIOLATED)
_11940_/A2                              2.500000    2.792485   -0.292485 (VIOLATED)
_11941_/A2                              2.500000    2.792485   -0.292485 (VIOLATED)
_11340_/ZN                              2.500000    2.789817   -0.289817 (VIOLATED)
_11341_/A2                              2.500000    2.789817   -0.289817 (VIOLATED)
_11360_/A2                              2.500000    2.789817   -0.289817 (VIOLATED)
_11407_/A2                              2.500000    2.789817   -0.289817 (VIOLATED)
_08395_/ZN                              2.500000    2.788987   -0.288987 (VIOLATED)
_08411_/I0                              2.500000    2.788987   -0.288987 (VIOLATED)
_11342_/A1                              2.500000    2.788801   -0.288801 (VIOLATED)
fanout454/I                             2.500000    2.788794   -0.288794 (VIOLATED)
_11585_/B                               2.500000    2.788791   -0.288791 (VIOLATED)
_11578_/A1                              2.500000    2.788788   -0.288788 (VIOLATED)
_11263_/A2                              2.500000    2.788778   -0.288778 (VIOLATED)
_11745_/A1                              2.500000    2.788778   -0.288778 (VIOLATED)
_11816_/A1                              2.500000    2.788778   -0.288778 (VIOLATED)
_11982_/A1                              2.500000    2.788778   -0.288778 (VIOLATED)
fanout455/Z                             2.500000    2.788778   -0.288778 (VIOLATED)
_13486_/A2                              2.500000    2.783908   -0.283908 (VIOLATED)
_08474_/S1                              2.500000    2.783907   -0.283907 (VIOLATED)
_13483_/A2                              2.500000    2.783907   -0.283907 (VIOLATED)
_08448_/S1                              2.500000    2.783902   -0.283902 (VIOLATED)
_08473_/S1                              2.500000    2.783895   -0.283895 (VIOLATED)
_08447_/S1                              2.500000    2.783894   -0.283894 (VIOLATED)
_08438_/S1                              2.500000    2.783893   -0.283893 (VIOLATED)
_08453_/S1                              2.500000    2.783894   -0.283894 (VIOLATED)
_08452_/S1                              2.500000    2.783879   -0.283878 (VIOLATED)
_13481_/A1                              2.500000    2.783879   -0.283878 (VIOLATED)
fanout590/Z                             2.500000    2.783879   -0.283878 (VIOLATED)
_11672_/A1                              2.500000    2.781801   -0.281801 (VIOLATED)
_11735_/A1                              2.500000    2.781801   -0.281801 (VIOLATED)
_11734_/A1                              2.500000    2.781801   -0.281800 (VIOLATED)
_11738_/A1                              2.500000    2.781798   -0.281797 (VIOLATED)
_11962_/A1                              2.500000    2.781791   -0.281791 (VIOLATED)
_11952_/A3                              2.500000    2.781780   -0.281780 (VIOLATED)
_12315_/A2                              2.500000    2.781777   -0.281777 (VIOLATED)
_12313_/A1                              2.500000    2.781777   -0.281777 (VIOLATED)
fanout389/Z                             2.500000    2.781765   -0.281765 (VIOLATED)
load_slew390/I                          2.500000    2.781765   -0.281765 (VIOLATED)
_11262_/A2                              2.500000    2.779722   -0.279722 (VIOLATED)
_11568_/B                               2.500000    2.779718   -0.279718 (VIOLATED)
_11571_/A1                              2.500000    2.779717   -0.279717 (VIOLATED)
_11737_/B                               2.500000    2.779706   -0.279706 (VIOLATED)
_11740_/A1                              2.500000    2.779701   -0.279701 (VIOLATED)
_11825_/I1                              2.500000    2.779697   -0.279697 (VIOLATED)
_11827_/A1                              2.500000    2.779693   -0.279693 (VIOLATED)
_11284_/I                               2.500000    2.779684   -0.279684 (VIOLATED)
_12103_/A1                              2.500000    2.779684   -0.279684 (VIOLATED)
_12106_/A1                              2.500000    2.779684   -0.279684 (VIOLATED)
fanout334/Z                             2.500000    2.779684   -0.279684 (VIOLATED)
_07901_/ZN                              2.500000    2.779142   -0.279142 (VIOLATED)
_07936_/A2                              2.500000    2.779142   -0.279142 (VIOLATED)
_07941_/A2                              2.500000    2.779142   -0.279142 (VIOLATED)
_07942_/A2                              2.500000    2.779142   -0.279142 (VIOLATED)
_13571_/S1                              2.500000    2.778109   -0.278109 (VIOLATED)
_13566_/S1                              2.500000    2.778107   -0.278107 (VIOLATED)
_13567_/S1                              2.500000    2.778104   -0.278104 (VIOLATED)
_13561_/S1                              2.500000    2.778100   -0.278100 (VIOLATED)
_13576_/S1                              2.500000    2.778100   -0.278100 (VIOLATED)
_13562_/S1                              2.500000    2.778096   -0.278096 (VIOLATED)
_13544_/S1                              2.500000    2.778087   -0.278087 (VIOLATED)
_13577_/S1                              2.500000    2.778087   -0.278087 (VIOLATED)
_13606_/S1                              2.500000    2.778087   -0.278087 (VIOLATED)
_13626_/S1                              2.500000    2.778087   -0.278087 (VIOLATED)
fanout578/Z                             2.500000    2.778087   -0.278087 (VIOLATED)
_06886_/ZN                              2.500000    2.775677   -0.275677 (VIOLATED)
_06887_/A3                              2.500000    2.775677   -0.275677 (VIOLATED)
_06894_/A2                              2.500000    2.775677   -0.275677 (VIOLATED)
_06906_/A2                              2.500000    2.775677   -0.275677 (VIOLATED)
_06908_/A2                              2.500000    2.775677   -0.275677 (VIOLATED)
_07076_/I                               2.500000    2.775677   -0.275677 (VIOLATED)
_07291_/A2                              2.500000    2.775677   -0.275677 (VIOLATED)
_07297_/A2                              2.500000    2.775677   -0.275677 (VIOLATED)
_07298_/A2                              2.500000    2.775677   -0.275677 (VIOLATED)
_14794_/RN                              2.500000    2.774062   -0.274062 (VIOLATED)
_14796_/RN                              2.500000    2.774062   -0.274062 (VIOLATED)
_14841_/RN                              2.500000    2.774062   -0.274062 (VIOLATED)
_14789_/SETN                            2.500000    2.774051   -0.274051 (VIOLATED)
_14790_/RN                              2.500000    2.774051   -0.274051 (VIOLATED)
_14791_/RN                              2.500000    2.774051   -0.274051 (VIOLATED)
_14792_/RN                              2.500000    2.774051   -0.274051 (VIOLATED)
_14793_/RN                              2.500000    2.774051   -0.274051 (VIOLATED)
_14795_/RN                              2.500000    2.774051   -0.274051 (VIOLATED)
_14840_/RN                              2.500000    2.774051   -0.274051 (VIOLATED)
fanout468/Z                             2.500000    2.774051   -0.274051 (VIOLATED)
_14691_/RN                              2.500000    2.772401   -0.272401 (VIOLATED)
_14721_/RN                              2.500000    2.772400   -0.272400 (VIOLATED)
_14692_/RN                              2.500000    2.772391   -0.272391 (VIOLATED)
_14695_/RN                              2.500000    2.772391   -0.272391 (VIOLATED)
_14715_/RN                              2.500000    2.772391   -0.272391 (VIOLATED)
_14717_/RN                              2.500000    2.772391   -0.272391 (VIOLATED)
_14718_/RN                              2.500000    2.772391   -0.272391 (VIOLATED)
_14719_/RN                              2.500000    2.772391   -0.272391 (VIOLATED)
_14720_/RN                              2.500000    2.772391   -0.272391 (VIOLATED)
fanout527/I                             2.500000    2.772391   -0.272391 (VIOLATED)
fanout528/Z                             2.500000    2.772391   -0.272391 (VIOLATED)
_14175_/RN                              2.500000    2.772182   -0.272182 (VIOLATED)
_14191_/RN                              2.500000    2.772182   -0.272182 (VIOLATED)
_14221_/RN                              2.500000    2.772182   -0.272182 (VIOLATED)
_14255_/RN                              2.500000    2.772182   -0.272182 (VIOLATED)
_14271_/RN                              2.500000    2.772182   -0.272182 (VIOLATED)
_14299_/RN                              2.500000    2.772182   -0.272182 (VIOLATED)
_14349_/RN                              2.500000    2.772182   -0.272182 (VIOLATED)
_14365_/RN                              2.500000    2.772182   -0.272182 (VIOLATED)
_14381_/RN                              2.500000    2.772182   -0.272182 (VIOLATED)
_14397_/RN                              2.500000    2.772182   -0.272182 (VIOLATED)
fanout505/Z                             2.500000    2.772182   -0.272182 (VIOLATED)
_14815_/RN                              2.500000    2.771429   -0.271428 (VIOLATED)
_14816_/RN                              2.500000    2.771429   -0.271428 (VIOLATED)
_14817_/RN                              2.500000    2.771429   -0.271428 (VIOLATED)
_14818_/RN                              2.500000    2.771429   -0.271428 (VIOLATED)
_14819_/RN                              2.500000    2.771429   -0.271428 (VIOLATED)
_14834_/RN                              2.500000    2.771429   -0.271428 (VIOLATED)
_14835_/RN                              2.500000    2.771429   -0.271428 (VIOLATED)
_14836_/RN                              2.500000    2.771429   -0.271428 (VIOLATED)
_14837_/RN                              2.500000    2.771429   -0.271428 (VIOLATED)
_14856_/RN                              2.500000    2.771429   -0.271428 (VIOLATED)
fanout567/Z                             2.500000    2.771429   -0.271428 (VIOLATED)
_11677_/A1                              2.500000    2.770318   -0.270318 (VIOLATED)
_12282_/A1                              2.500000    2.770315   -0.270315 (VIOLATED)
_12348_/A1                              2.500000    2.770315   -0.270315 (VIOLATED)
_12207_/A1                              2.500000    2.770313   -0.270313 (VIOLATED)
_12113_/A1                              2.500000    2.770311   -0.270311 (VIOLATED)
_11968_/B                               2.500000    2.770310   -0.270310 (VIOLATED)
_11970_/A1                              2.500000    2.770306   -0.270306 (VIOLATED)
_11268_/I                               2.500000    2.770297   -0.270296 (VIOLATED)
_11825_/I0                              2.500000    2.770297   -0.270296 (VIOLATED)
_11827_/B2                              2.500000    2.770297   -0.270296 (VIOLATED)
fanout331/Z                             2.500000    2.770297   -0.270296 (VIOLATED)
_12412_/A1                              2.500000    2.770134   -0.270134 (VIOLATED)
_12660_/A1                              2.500000    2.770130   -0.270130 (VIOLATED)
_12096_/A1                              2.500000    2.770129   -0.270129 (VIOLATED)
_12321_/A1                              2.500000    2.770114   -0.270114 (VIOLATED)
_12194_/A1                              2.500000    2.770111   -0.270111 (VIOLATED)
_11828_/B2                              2.500000    2.770087   -0.270087 (VIOLATED)
_11759_/ZN                              2.500000    2.770073   -0.270073 (VIOLATED)
_11760_/A3                              2.500000    2.770073   -0.270073 (VIOLATED)
_14429_/RN                              2.500000    2.769875   -0.269875 (VIOLATED)
_14587_/RN                              2.500000    2.769875   -0.269875 (VIOLATED)
_14589_/RN                              2.500000    2.769875   -0.269875 (VIOLATED)
_14590_/RN                              2.500000    2.769875   -0.269875 (VIOLATED)
_14606_/RN                              2.500000    2.769875   -0.269875 (VIOLATED)
_14619_/RN                              2.500000    2.769875   -0.269875 (VIOLATED)
_14635_/RN                              2.500000    2.769875   -0.269875 (VIOLATED)
_14637_/RN                              2.500000    2.769875   -0.269875 (VIOLATED)
_14651_/RN                              2.500000    2.769875   -0.269875 (VIOLATED)
_14653_/RN                              2.500000    2.769875   -0.269875 (VIOLATED)
fanout546/Z                             2.500000    2.769875   -0.269875 (VIOLATED)
_09119_/ZN                              2.500000    2.769574   -0.269574 (VIOLATED)
_09120_/A3                              2.500000    2.769574   -0.269574 (VIOLATED)
_09298_/A2                              2.500000    2.769574   -0.269574 (VIOLATED)
_09440_/A2                              2.500000    2.769574   -0.269574 (VIOLATED)
_09582_/I                               2.500000    2.769574   -0.269574 (VIOLATED)
_09197_/I0                              2.500000    2.767647   -0.267647 (VIOLATED)
_09456_/I0                              2.500000    2.767647   -0.267647 (VIOLATED)
_09136_/I0                              2.500000    2.767646   -0.267646 (VIOLATED)
_09526_/I0                              2.500000    2.767637   -0.267637 (VIOLATED)
_09561_/I0                              2.500000    2.767633   -0.267633 (VIOLATED)
_09633_/I0                              2.500000    2.767622   -0.267622 (VIOLATED)
_09598_/I0                              2.500000    2.767620   -0.267620 (VIOLATED)
_09668_/I0                              2.500000    2.767611   -0.267610 (VIOLATED)
_09703_/I0                              2.500000    2.767610   -0.267610 (VIOLATED)
_13326_/A1                              2.500000    2.767598   -0.267598 (VIOLATED)
fanout604/Z                             2.500000    2.767598   -0.267598 (VIOLATED)
_10381_/S                               2.500000    2.764992   -0.264992 (VIOLATED)
_10362_/Z                               2.500000    2.764979   -0.264979 (VIOLATED)
_10363_/S                               2.500000    2.764979   -0.264979 (VIOLATED)
_10367_/S                               2.500000    2.764979   -0.264979 (VIOLATED)
_10369_/S                               2.500000    2.764979   -0.264979 (VIOLATED)
max_cap103/I                            2.500000    2.764979   -0.264979 (VIOLATED)
_07359_/ZN                              2.500000    2.764885   -0.264885 (VIOLATED)
_07360_/A2                              2.500000    2.764885   -0.264885 (VIOLATED)
_07368_/B2                              2.500000    2.764885   -0.264885 (VIOLATED)
_07373_/A2                              2.500000    2.764885   -0.264885 (VIOLATED)
_07374_/I0                              2.500000    2.764885   -0.264885 (VIOLATED)
_07380_/A1                              2.500000    2.764885   -0.264885 (VIOLATED)
_07386_/B2                              2.500000    2.764885   -0.264885 (VIOLATED)
_09160_/A2                              2.500000    2.760613   -0.260613 (VIOLATED)
_09211_/I                               2.500000    2.760613   -0.260613 (VIOLATED)
_13309_/A1                              2.500000    2.760612   -0.260612 (VIOLATED)
_13321_/A1                              2.500000    2.760607   -0.260606 (VIOLATED)
_09573_/A1                              2.500000    2.760603   -0.260603 (VIOLATED)
_09158_/Z                               2.500000    2.760594   -0.260594 (VIOLATED)
_09610_/A1                              2.500000    2.760594   -0.260594 (VIOLATED)
_09645_/A1                              2.500000    2.760594   -0.260594 (VIOLATED)
_09680_/A1                              2.500000    2.760594   -0.260594 (VIOLATED)
_09715_/A1                              2.500000    2.760594   -0.260594 (VIOLATED)
_12891_/A1                              2.500000    2.758844   -0.258844 (VIOLATED)
_12959_/A1                              2.500000    2.758844   -0.258844 (VIOLATED)
_12822_/A1                              2.500000    2.758841   -0.258841 (VIOLATED)
_12657_/B2                              2.500000    2.758840   -0.258840 (VIOLATED)
_12500_/A1                              2.500000    2.758828   -0.258828 (VIOLATED)
_12502_/A1                              2.500000    2.758828   -0.258828 (VIOLATED)
_12570_/B2                              2.500000    2.758828   -0.258828 (VIOLATED)
_12722_/A1                              2.500000    2.758828   -0.258828 (VIOLATED)
_12724_/A1                              2.500000    2.758828   -0.258828 (VIOLATED)
fanout300/I                             2.500000    2.758828   -0.258828 (VIOLATED)
fanout301/Z                             2.500000    2.758828   -0.258828 (VIOLATED)
_14192_/RN                              2.500000    2.757662   -0.257661 (VIOLATED)
_14384_/RN                              2.500000    2.757662   -0.257662 (VIOLATED)
_14208_/RN                              2.500000    2.757660   -0.257660 (VIOLATED)
_14187_/RN                              2.500000    2.757651   -0.257651 (VIOLATED)
_14203_/RN                              2.500000    2.757651   -0.257651 (VIOLATED)
_14219_/RN                              2.500000    2.757651   -0.257651 (VIOLATED)
_14224_/RN                              2.500000    2.757651   -0.257651 (VIOLATED)
_14235_/RN                              2.500000    2.757651   -0.257651 (VIOLATED)
_14256_/RN                              2.500000    2.757651   -0.257651 (VIOLATED)
_14395_/RN                              2.500000    2.757651   -0.257651 (VIOLATED)
fanout490/Z                             2.500000    2.757651   -0.257651 (VIOLATED)
_11578_/A2                              2.500000    2.757205   -0.257205 (VIOLATED)
_11754_/A2                              2.500000    2.757205   -0.257205 (VIOLATED)
_11748_/A2                              2.500000    2.757204   -0.257204 (VIOLATED)
_11751_/A2                              2.500000    2.757203   -0.257203 (VIOLATED)
_11641_/A3                              2.500000    2.757201   -0.257201 (VIOLATED)
_11866_/A3                              2.500000    2.757177   -0.257177 (VIOLATED)
_11870_/B1                              2.500000    2.757177   -0.257177 (VIOLATED)
_11871_/A2                              2.500000    2.757177   -0.257177 (VIOLATED)
_11872_/A2                              2.500000    2.757177   -0.257177 (VIOLATED)
_11996_/I                               2.500000    2.757177   -0.257177 (VIOLATED)
fanout299/Z                             2.500000    2.757177   -0.257177 (VIOLATED)
_14302_/RN                              2.500000    2.757057   -0.257057 (VIOLATED)
_14303_/RN                              2.500000    2.757057   -0.257057 (VIOLATED)
_14317_/RN                              2.500000    2.757057   -0.257057 (VIOLATED)
_14318_/RN                              2.500000    2.757057   -0.257057 (VIOLATED)
_14333_/RN                              2.500000    2.757057   -0.257057 (VIOLATED)
_14334_/RN                              2.500000    2.757057   -0.257057 (VIOLATED)
_14335_/RN                              2.500000    2.757057   -0.257057 (VIOLATED)
_14350_/RN                              2.500000    2.757057   -0.257057 (VIOLATED)
_14366_/RN                              2.500000    2.757057   -0.257057 (VIOLATED)
_14382_/RN                              2.500000    2.757057   -0.257057 (VIOLATED)
fanout506/Z                             2.500000    2.757057   -0.257057 (VIOLATED)
_08115_/S                               2.500000    2.755381   -0.255381 (VIOLATED)
_08062_/S                               2.500000    2.755380   -0.255380 (VIOLATED)
_08089_/S                               2.500000    2.755378   -0.255378 (VIOLATED)
_08061_/Z                               2.500000    2.755367   -0.255367 (VIOLATED)
_08371_/S                               2.500000    2.755367   -0.255367 (VIOLATED)
_08393_/S                               2.500000    2.755367   -0.255367 (VIOLATED)
max_cap190/I                            2.500000    2.755367   -0.255367 (VIOLATED)
_14427_/RN                              2.500000    2.752402   -0.252402 (VIOLATED)
_14430_/RN                              2.500000    2.752402   -0.252402 (VIOLATED)
_14443_/RN                              2.500000    2.752402   -0.252402 (VIOLATED)
_14445_/RN                              2.500000    2.752402   -0.252402 (VIOLATED)
_14446_/RN                              2.500000    2.752402   -0.252402 (VIOLATED)
_14459_/RN                              2.500000    2.752402   -0.252402 (VIOLATED)
_14461_/RN                              2.500000    2.752402   -0.252402 (VIOLATED)
_14475_/RN                              2.500000    2.752402   -0.252402 (VIOLATED)
_14477_/RN                              2.500000    2.752402   -0.252402 (VIOLATED)
_14493_/RN                              2.500000    2.752402   -0.252402 (VIOLATED)
fanout544/Z                             2.500000    2.752402   -0.252402 (VIOLATED)
_07416_/A2                              2.500000    2.748584   -0.248583 (VIOLATED)
_07183_/I                               2.500000    2.748583   -0.248582 (VIOLATED)
_07499_/A2                              2.500000    2.748580   -0.248580 (VIOLATED)
_07495_/A2                              2.500000    2.748580   -0.248579 (VIOLATED)
_07504_/A2                              2.500000    2.748574   -0.248574 (VIOLATED)
_07350_/A2                              2.500000    2.748568   -0.248568 (VIOLATED)
_07351_/A2                              2.500000    2.748567   -0.248567 (VIOLATED)
_07343_/A2                              2.500000    2.748555   -0.248555 (VIOLATED)
_07076_/Z                               2.500000    2.748537   -0.248537 (VIOLATED)
_07077_/A2                              2.500000    2.748537   -0.248537 (VIOLATED)
_07078_/A2                              2.500000    2.748537   -0.248537 (VIOLATED)
_08120_/A2                              2.500000    2.746016   -0.246016 (VIOLATED)
_08094_/A2                              2.500000    2.746016   -0.246016 (VIOLATED)
_08020_/A2                              2.500000    2.746015   -0.246015 (VIOLATED)
_08071_/A2                              2.500000    2.746013   -0.246013 (VIOLATED)
_08286_/A2                              2.500000    2.745993   -0.245993 (VIOLATED)
_08019_/Z                               2.500000    2.745983   -0.245983 (VIOLATED)
_08308_/A2                              2.500000    2.745983   -0.245983 (VIOLATED)
_08330_/A2                              2.500000    2.745983   -0.245983 (VIOLATED)
_08352_/A2                              2.500000    2.745983   -0.245983 (VIOLATED)
_08374_/A2                              2.500000    2.745983   -0.245983 (VIOLATED)
_08396_/A2                              2.500000    2.745983   -0.245983 (VIOLATED)
_12304_/A3                              2.500000    2.739958   -0.239958 (VIOLATED)
_12302_/A2                              2.500000    2.739953   -0.239953 (VIOLATED)
_12178_/A2                              2.500000    2.739932   -0.239931 (VIOLATED)
_12179_/A2                              2.500000    2.739930   -0.239930 (VIOLATED)
_12177_/B1                              2.500000    2.739923   -0.239923 (VIOLATED)
_12175_/A3                              2.500000    2.739921   -0.239921 (VIOLATED)
_12394_/A2                              2.500000    2.739897   -0.239897 (VIOLATED)
_12391_/A2                              2.500000    2.739889   -0.239889 (VIOLATED)
_12392_/A2                              2.500000    2.739884   -0.239884 (VIOLATED)
_12567_/A2                              2.500000    2.739855   -0.239855 (VIOLATED)
fanout296/Z                             2.500000    2.739855   -0.239855 (VIOLATED)
_13607_/S1                              2.500000    2.739084   -0.239084 (VIOLATED)
_13622_/S1                              2.500000    2.739084   -0.239084 (VIOLATED)
_13621_/S1                              2.500000    2.739082   -0.239082 (VIOLATED)
_13545_/S1                              2.500000    2.739078   -0.239078 (VIOLATED)
_13627_/S1                              2.500000    2.739070   -0.239070 (VIOLATED)
_07995_/A2                              2.500000    2.739057   -0.239057 (VIOLATED)
_13504_/A1                              2.500000    2.739057   -0.239057 (VIOLATED)
_13508_/A2                              2.500000    2.739057   -0.239057 (VIOLATED)
_13616_/S1                              2.500000    2.739057   -0.239057 (VIOLATED)
_13617_/S1                              2.500000    2.739057   -0.239057 (VIOLATED)
fanout580/Z                             2.500000    2.739057   -0.239057 (VIOLATED)
_07333_/A1                              2.500000    2.734738   -0.234738 (VIOLATED)
_07338_/A1                              2.500000    2.734738   -0.234738 (VIOLATED)
_07239_/B1                              2.500000    2.734730   -0.234730 (VIOLATED)
_07162_/B1                              2.500000    2.734712   -0.234712 (VIOLATED)
_07165_/B1                              2.500000    2.734710   -0.234709 (VIOLATED)
_07233_/I                               2.500000    2.734709   -0.234709 (VIOLATED)
_07277_/A1                              2.500000    2.734702   -0.234702 (VIOLATED)
_07283_/A1                              2.500000    2.734702   -0.234702 (VIOLATED)
_07084_/Z                               2.500000    2.734691   -0.234691 (VIOLATED)
_07089_/A1                              2.500000    2.734691   -0.234691 (VIOLATED)
_07101_/A1                              2.500000    2.734691   -0.234691 (VIOLATED)
_12071_/ZN                              2.500000    2.729986   -0.229986 (VIOLATED)
_12074_/A2                              2.500000    2.729986   -0.229986 (VIOLATED)
_12167_/A2                              2.500000    2.729986   -0.229986 (VIOLATED)
_12221_/B                               2.500000    2.729986   -0.229986 (VIOLATED)
_12224_/A1                              2.500000    2.729986   -0.229986 (VIOLATED)
_07428_/S0                              2.500000    2.729676   -0.229676 (VIOLATED)
_07486_/B2                              2.500000    2.729672   -0.229672 (VIOLATED)
_07606_/A2                              2.500000    2.729666   -0.229667 (VIOLATED)
_06843_/Z                               2.500000    2.729649   -0.229649 (VIOLATED)
_06928_/A2                              2.500000    2.729649   -0.229649 (VIOLATED)
wire236/I                               2.500000    2.729649   -0.229649 (VIOLATED)
_08069_/S1                              2.500000    2.729488   -0.229488 (VIOLATED)
_08092_/S1                              2.500000    2.729488   -0.229488 (VIOLATED)
_08118_/S1                              2.500000    2.729487   -0.229487 (VIOLATED)
_08141_/S1                              2.500000    2.729481   -0.229481 (VIOLATED)
_08168_/S1                              2.500000    2.729480   -0.229480 (VIOLATED)
_08213_/S1                              2.500000    2.729479   -0.229479 (VIOLATED)
_08190_/S1                              2.500000    2.729479   -0.229479 (VIOLATED)
_08235_/S1                              2.500000    2.729478   -0.229478 (VIOLATED)
_08068_/Z                               2.500000    2.729445   -0.229445 (VIOLATED)
_08257_/S1                              2.500000    2.729445   -0.229445 (VIOLATED)
_08279_/S1                              2.500000    2.729445   -0.229445 (VIOLATED)
_08394_/A1                              2.500000    2.727982   -0.227982 (VIOLATED)
_08284_/A1                              2.500000    2.727982   -0.227981 (VIOLATED)
_08350_/A1                              2.500000    2.727981   -0.227981 (VIOLATED)
_08372_/A1                              2.500000    2.727979   -0.227979 (VIOLATED)
_08306_/A1                              2.500000    2.727978   -0.227978 (VIOLATED)
_08328_/A1                              2.500000    2.727978   -0.227977 (VIOLATED)
_08060_/Z                               2.500000    2.727968   -0.227968 (VIOLATED)
_08063_/A1                              2.500000    2.727968   -0.227968 (VIOLATED)
_08090_/A1                              2.500000    2.727968   -0.227968 (VIOLATED)
_08116_/A1                              2.500000    2.727968   -0.227968 (VIOLATED)
_08139_/A1                              2.500000    2.727968   -0.227968 (VIOLATED)
_07642_/A2                              2.500000    2.726628   -0.226628 (VIOLATED)
_07644_/A1                              2.500000    2.726628   -0.226628 (VIOLATED)
_07599_/ZN                              2.500000    2.726627   -0.226627 (VIOLATED)
_07645_/A1                              2.500000    2.726627   -0.226627 (VIOLATED)
_07802_/A2                              2.500000    2.723611   -0.223610 (VIOLATED)
_07820_/B1                              2.500000    2.723609   -0.223609 (VIOLATED)
_07809_/B1                              2.500000    2.723607   -0.223606 (VIOLATED)
_07790_/I                               2.500000    2.723598   -0.223598 (VIOLATED)
_07858_/B1                              2.500000    2.723592   -0.223592 (VIOLATED)
_07847_/B1                              2.500000    2.723589   -0.223589 (VIOLATED)
_07854_/B1                              2.500000    2.723584   -0.223584 (VIOLATED)
_07662_/Z                               2.500000    2.723570   -0.223570 (VIOLATED)
_07664_/A2                              2.500000    2.723570   -0.223570 (VIOLATED)
_07732_/A2                              2.500000    2.723570   -0.223570 (VIOLATED)
_07798_/A2                              2.500000    2.723570   -0.223570 (VIOLATED)
_08161_/A1                              2.500000    2.723472   -0.223472 (VIOLATED)
_08207_/A1                              2.500000    2.723472   -0.223472 (VIOLATED)
_08184_/A1                              2.500000    2.723470   -0.223470 (VIOLATED)
_08229_/A1                              2.500000    2.723467   -0.223467 (VIOLATED)
_08104_/Z                               2.500000    2.723447   -0.223447 (VIOLATED)
_08112_/A1                              2.500000    2.723447   -0.223447 (VIOLATED)
_08135_/A1                              2.500000    2.723447   -0.223447 (VIOLATED)
_08251_/A1                              2.500000    2.723447   -0.223447 (VIOLATED)
_08273_/A1                              2.500000    2.723447   -0.223447 (VIOLATED)
_08295_/A1                              2.500000    2.723447   -0.223447 (VIOLATED)
_08317_/A1                              2.500000    2.723447   -0.223447 (VIOLATED)
_09701_/S                               2.500000    2.713898   -0.213898 (VIOLATED)
_09703_/S                               2.500000    2.713897   -0.213896 (VIOLATED)
_09705_/S                               2.500000    2.713896   -0.213896 (VIOLATED)
_09689_/ZN                              2.500000    2.713883   -0.213883 (VIOLATED)
_09690_/I                               2.500000    2.713883   -0.213883 (VIOLATED)
_09699_/S                               2.500000    2.713883   -0.213883 (VIOLATED)
_09707_/I                               2.500000    2.713883   -0.213883 (VIOLATED)
_09419_/S                               2.500000    2.712365   -0.212365 (VIOLATED)
_09421_/S                               2.500000    2.712365   -0.212365 (VIOLATED)
_09415_/S                               2.500000    2.712363   -0.212362 (VIOLATED)
_09406_/I                               2.500000    2.712360   -0.212360 (VIOLATED)
_09423_/I                               2.500000    2.712359   -0.212359 (VIOLATED)
_09417_/S                               2.500000    2.712359   -0.212359 (VIOLATED)
_09405_/ZN                              2.500000    2.712347   -0.212347 (VIOLATED)
_12646_/B                               2.500000    2.711225   -0.211225 (VIOLATED)
_12567_/B                               2.500000    2.711223   -0.211223 (VIOLATED)
_12641_/A1                              2.500000    2.711222   -0.211222 (VIOLATED)
_12801_/A1                              2.500000    2.711219   -0.211219 (VIOLATED)
_12493_/A1                              2.500000    2.711207   -0.211207 (VIOLATED)
_12497_/B2                              2.500000    2.711207   -0.211207 (VIOLATED)
_12562_/A1                              2.500000    2.711207   -0.211207 (VIOLATED)
_12563_/A2                              2.500000    2.711207   -0.211207 (VIOLATED)
_12642_/A2                              2.500000    2.711207   -0.211207 (VIOLATED)
_12802_/A2                              2.500000    2.711207   -0.211207 (VIOLATED)
fanout391/Z                             2.500000    2.711207   -0.211207 (VIOLATED)
_14533_/RN                              2.500000    2.708059   -0.208059 (VIOLATED)
_14534_/RN                              2.500000    2.708059   -0.208059 (VIOLATED)
_14549_/RN                              2.500000    2.708059   -0.208059 (VIOLATED)
_14550_/RN                              2.500000    2.708059   -0.208059 (VIOLATED)
_14551_/RN                              2.500000    2.708059   -0.208059 (VIOLATED)
_14842_/SETN                            2.500000    2.708059   -0.208059 (VIOLATED)
_14897_/RN                              2.500000    2.708059   -0.208059 (VIOLATED)
_14898_/RN                              2.500000    2.708059   -0.208059 (VIOLATED)
_14899_/RN                              2.500000    2.708059   -0.208059 (VIOLATED)
_14900_/RN                              2.500000    2.708059   -0.208059 (VIOLATED)
fanout541/Z                             2.500000    2.708059   -0.208059 (VIOLATED)
_12507_/A1                              2.500000    2.706380   -0.206380 (VIOLATED)
_12090_/A1                              2.500000    2.706372   -0.206372 (VIOLATED)
_12408_/A1                              2.500000    2.706370   -0.206370 (VIOLATED)
_12297_/A1                              2.500000    2.706367   -0.206367 (VIOLATED)
_12189_/A1                              2.500000    2.706352   -0.206353 (VIOLATED)
_11797_/ZN                              2.500000    2.706330   -0.206330 (VIOLATED)
_11798_/A3                              2.500000    2.706330   -0.206330 (VIOLATED)
_14576_/RN                              2.500000    2.702372   -0.202372 (VIOLATED)
_14591_/RN                              2.500000    2.702372   -0.202372 (VIOLATED)
_14595_/RN                              2.500000    2.702372   -0.202372 (VIOLATED)
_14607_/RN                              2.500000    2.702372   -0.202372 (VIOLATED)
_14611_/RN                              2.500000    2.702372   -0.202372 (VIOLATED)
_14623_/RN                              2.500000    2.702372   -0.202372 (VIOLATED)
_14625_/RN                              2.500000    2.702372   -0.202372 (VIOLATED)
_14639_/RN                              2.500000    2.702372   -0.202372 (VIOLATED)
_14655_/RN                              2.500000    2.702372   -0.202372 (VIOLATED)
fanout550/I                             2.500000    2.702372   -0.202372 (VIOLATED)
fanout551/Z                             2.500000    2.702372   -0.202372 (VIOLATED)
_06849_/ZN                              2.500000    2.697751   -0.197751 (VIOLATED)
_06915_/A1                              2.500000    2.697751   -0.197751 (VIOLATED)
_07071_/A2                              2.500000    2.697751   -0.197751 (VIOLATED)
max_length219/I                         2.500000    2.697751   -0.197751 (VIOLATED)
_12463_/ZN                              2.500000    2.697298   -0.197298 (VIOLATED)
_12466_/A1                              2.500000    2.697298   -0.197298 (VIOLATED)
_12541_/A1                              2.500000    2.697298   -0.197298 (VIOLATED)
_12542_/A1                              2.500000    2.697298   -0.197298 (VIOLATED)
_12753_/A1                              2.500000    2.697298   -0.197298 (VIOLATED)
fanout319/I                             2.500000    2.694409   -0.194409 (VIOLATED)
_12673_/A1                              2.500000    2.694408   -0.194408 (VIOLATED)
_12196_/A1                              2.500000    2.694402   -0.194402 (VIOLATED)
_12193_/A1                              2.500000    2.694401   -0.194401 (VIOLATED)
_11828_/A1                              2.500000    2.694399   -0.194399 (VIOLATED)
_11723_/A1                              2.500000    2.694398   -0.194398 (VIOLATED)
_11829_/A1                              2.500000    2.694394   -0.194394 (VIOLATED)
_11722_/B2                              2.500000    2.694393   -0.194393 (VIOLATED)
_11724_/A1                              2.500000    2.694385   -0.194385 (VIOLATED)
_11956_/A1                              2.500000    2.694385   -0.194385 (VIOLATED)
fanout320/Z                             2.500000    2.694385   -0.194385 (VIOLATED)
_07209_/ZN                              2.500000    2.693985   -0.193984 (VIOLATED)
_07249_/A2                              2.500000    2.693985   -0.193984 (VIOLATED)
_07251_/B1                              2.500000    2.693985   -0.193984 (VIOLATED)
_07252_/A1                              2.500000    2.693985   -0.193984 (VIOLATED)
_08135_/ZN                              2.500000    2.691556   -0.191556 (VIOLATED)
_08141_/I2                              2.500000    2.691556   -0.191556 (VIOLATED)
_09351_/S                               2.500000    2.690434   -0.190433 (VIOLATED)
_09349_/S                               2.500000    2.690433   -0.190433 (VIOLATED)
_09345_/S                               2.500000    2.690432   -0.190431 (VIOLATED)
_09347_/S                               2.500000    2.690428   -0.190428 (VIOLATED)
_09336_/I                               2.500000    2.690428   -0.190428 (VIOLATED)
_09335_/ZN                              2.500000    2.690419   -0.190419 (VIOLATED)
_09353_/I                               2.500000    2.690419   -0.190419 (VIOLATED)
_07461_/A2                              2.500000    2.689904   -0.189904 (VIOLATED)
_07202_/A2                              2.500000    2.689902   -0.189902 (VIOLATED)
_06848_/A2                              2.500000    2.689898   -0.189897 (VIOLATED)
_06943_/A2                              2.500000    2.689890   -0.189890 (VIOLATED)
_06831_/A2                              2.500000    2.689880   -0.189880 (VIOLATED)
_06869_/A2                              2.500000    2.689870   -0.189870 (VIOLATED)
_06873_/A2                              2.500000    2.689857   -0.189857 (VIOLATED)
_06830_/Z                               2.500000    2.689841   -0.189841 (VIOLATED)
_06893_/A3                              2.500000    2.689841   -0.189841 (VIOLATED)
_12577_/B2                              2.500000    2.689199   -0.189199 (VIOLATED)
_12655_/A1                              2.500000    2.689198   -0.189198 (VIOLATED)
_12657_/A1                              2.500000    2.689196   -0.189196 (VIOLATED)
_12822_/B2                              2.500000    2.689194   -0.189194 (VIOLATED)
_12728_/A1                              2.500000    2.689194   -0.189194 (VIOLATED)
_12315_/A3                              2.500000    2.689178   -0.189178 (VIOLATED)
_12403_/A1                              2.500000    2.689178   -0.189178 (VIOLATED)
_12407_/A1                              2.500000    2.689178   -0.189178 (VIOLATED)
_12501_/B2                              2.500000    2.689178   -0.189178 (VIOLATED)
fanout305/I                             2.500000    2.689178   -0.189178 (VIOLATED)
fanout306/Z                             2.500000    2.689178   -0.189178 (VIOLATED)
_13067_/A1                              2.500000    2.686882   -0.186882 (VIOLATED)
_13161_/B                               2.500000    2.686882   -0.186882 (VIOLATED)
_13167_/A1                              2.500000    2.686879   -0.186879 (VIOLATED)
_12205_/A2                              2.500000    2.686876   -0.186876 (VIOLATED)
_12960_/A1                              2.500000    2.686873   -0.186873 (VIOLATED)
_12893_/B                               2.500000    2.686872   -0.186873 (VIOLATED)
_13006_/B                               2.500000    2.686871   -0.186871 (VIOLATED)
_13008_/A1                              2.500000    2.686871   -0.186871 (VIOLATED)
fanout366/I                             2.500000    2.686853   -0.186853 (VIOLATED)
fanout365/I                             2.500000    2.686843   -0.186843 (VIOLATED)
fanout367/Z                             2.500000    2.686843   -0.186843 (VIOLATED)
_08072_/A3                              2.500000    2.681240   -0.181240 (VIOLATED)
_08023_/Z                               2.500000    2.681231   -0.181231 (VIOLATED)
_08024_/A3                              2.500000    2.681231   -0.181231 (VIOLATED)
_08095_/A3                              2.500000    2.681231   -0.181231 (VIOLATED)
_08122_/A3                              2.500000    2.681231   -0.181231 (VIOLATED)
_08287_/A3                              2.500000    2.681231   -0.181231 (VIOLATED)
_08309_/A3                              2.500000    2.681231   -0.181231 (VIOLATED)
_08331_/A3                              2.500000    2.681231   -0.181231 (VIOLATED)
_08353_/A3                              2.500000    2.681231   -0.181231 (VIOLATED)
_08375_/A3                              2.500000    2.681231   -0.181231 (VIOLATED)
_08397_/A3                              2.500000    2.681231   -0.181231 (VIOLATED)
_14268_/RN                              2.500000    2.678092   -0.178092 (VIOLATED)
_14378_/RN                              2.500000    2.678088   -0.178088 (VIOLATED)
_14267_/RN                              2.500000    2.678087   -0.178087 (VIOLATED)
_14346_/RN                              2.500000    2.678087   -0.178086 (VIOLATED)
_14362_/RN                              2.500000    2.678085   -0.178085 (VIOLATED)
_14348_/RN                              2.500000    2.678085   -0.178085 (VIOLATED)
_14252_/RN                              2.500000    2.678062   -0.178062 (VIOLATED)
fanout485/I                             2.500000    2.678043   -0.178043 (VIOLATED)
fanout486/I                             2.500000    2.678043   -0.178043 (VIOLATED)
fanout487/Z                             2.500000    2.678043   -0.178043 (VIOLATED)
_13549_/A1                              2.500000    2.677479   -0.177479 (VIOLATED)
_08902_/I0                              2.500000    2.677476   -0.177476 (VIOLATED)
_08867_/I1                              2.500000    2.677474   -0.177473 (VIOLATED)
_08971_/I1                              2.500000    2.677471   -0.177471 (VIOLATED)
_08831_/I1                              2.500000    2.677469   -0.177469 (VIOLATED)
_08936_/I0                              2.500000    2.677468   -0.177468 (VIOLATED)
_09074_/I0                              2.500000    2.677459   -0.177459 (VIOLATED)
_09040_/I0                              2.500000    2.677459   -0.177459 (VIOLATED)
_09005_/I1                              2.500000    2.677452   -0.177452 (VIOLATED)
_13631_/B2                              2.500000    2.677434   -0.177434 (VIOLATED)
_14838_/Q                               2.500000    2.677434   -0.177434 (VIOLATED)
_14166_/RN                              2.500000    2.677075   -0.177075 (VIOLATED)
_14169_/RN                              2.500000    2.677075   -0.177075 (VIOLATED)
_14182_/RN                              2.500000    2.677075   -0.177075 (VIOLATED)
_14185_/RN                              2.500000    2.677075   -0.177075 (VIOLATED)
_14230_/RN                              2.500000    2.677075   -0.177075 (VIOLATED)
_14233_/RN                              2.500000    2.677075   -0.177075 (VIOLATED)
_14249_/RN                              2.500000    2.677075   -0.177075 (VIOLATED)
_14265_/RN                              2.500000    2.677075   -0.177075 (VIOLATED)
_14361_/RN                              2.500000    2.677075   -0.177075 (VIOLATED)
_14409_/RN                              2.500000    2.677075   -0.177075 (VIOLATED)
fanout470/Z                             2.500000    2.677075   -0.177075 (VIOLATED)
_07143_/A2                              2.500000    2.675780   -0.175780 (VIOLATED)
_07139_/A2                              2.500000    2.675778   -0.175778 (VIOLATED)
_07148_/A2                              2.500000    2.675777   -0.175777 (VIOLATED)
_07217_/A2                              2.500000    2.675776   -0.175775 (VIOLATED)
_07222_/A2                              2.500000    2.675772   -0.175772 (VIOLATED)
_07213_/A2                              2.500000    2.675769   -0.175769 (VIOLATED)
_07353_/B1                              2.500000    2.675769   -0.175769 (VIOLATED)
_07352_/B1                              2.500000    2.675763   -0.175763 (VIOLATED)
_06858_/I                               2.500000    2.675754   -0.175754 (VIOLATED)
_07047_/A2                              2.500000    2.675752   -0.175752 (VIOLATED)
_06857_/Z                               2.500000    2.675742   -0.175742 (VIOLATED)
_12587_/A1                              2.500000    2.675204   -0.175204 (VIOLATED)
_12589_/A1                              2.500000    2.675204   -0.175204 (VIOLATED)
_12475_/A2                              2.500000    2.675204   -0.175204 (VIOLATED)
_12470_/Z                               2.500000    2.675203   -0.175203 (VIOLATED)
_14433_/RN                              2.500000    2.674883   -0.174883 (VIOLATED)
_14512_/RN                              2.500000    2.674882   -0.174882 (VIOLATED)
_14531_/RN                              2.500000    2.674881   -0.174881 (VIOLATED)
_14497_/RN                              2.500000    2.674881   -0.174880 (VIOLATED)
_14528_/RN                              2.500000    2.674880   -0.174880 (VIOLATED)
_14529_/RN                              2.500000    2.674880   -0.174880 (VIOLATED)
_14513_/RN                              2.500000    2.674879   -0.174879 (VIOLATED)
_14530_/RN                              2.500000    2.674866   -0.174866 (VIOLATED)
_14636_/RN                              2.500000    2.674866   -0.174866 (VIOLATED)
_14652_/RN                              2.500000    2.674866   -0.174866 (VIOLATED)
fanout518/Z                             2.500000    2.674866   -0.174866 (VIOLATED)
_07885_/A1                              2.500000    2.674814   -0.174814 (VIOLATED)
_07883_/A2                              2.500000    2.674814   -0.174814 (VIOLATED)
_07886_/A1                              2.500000    2.674814   -0.174814 (VIOLATED)
_07843_/ZN                              2.500000    2.674813   -0.174813 (VIOLATED)
_12208_/A2                              2.500000    2.670738   -0.170738 (VIOLATED)
_12330_/A2                              2.500000    2.670738   -0.170738 (VIOLATED)
_12416_/A2                              2.500000    2.670738   -0.170738 (VIOLATED)
_12511_/A2                              2.500000    2.670737   -0.170737 (VIOLATED)
_12206_/ZN                              2.500000    2.670736   -0.170736 (VIOLATED)
_12580_/A2                              2.500000    2.670736   -0.170736 (VIOLATED)
_12660_/A2                              2.500000    2.670736   -0.170736 (VIOLATED)
_12727_/I                               2.500000    2.670736   -0.170736 (VIOLATED)
_12863_/A2                              2.500000    2.670736   -0.170736 (VIOLATED)
_12938_/A2                              2.500000    2.670736   -0.170736 (VIOLATED)
_08256_/ZN                              2.500000    2.668093   -0.168093 (VIOLATED)
_08257_/I3                              2.500000    2.668093   -0.168093 (VIOLATED)
_07475_/ZN                              2.500000    2.667033   -0.167033 (VIOLATED)
_07517_/A2                              2.500000    2.667033   -0.167033 (VIOLATED)
_07519_/A1                              2.500000    2.667033   -0.167033 (VIOLATED)
_07520_/A1                              2.500000    2.667033   -0.167033 (VIOLATED)
_14566_/RN                              2.500000    2.651751   -0.151750 (VIOLATED)
_14801_/RN                              2.500000    2.651751   -0.151750 (VIOLATED)
_14802_/RN                              2.500000    2.651751   -0.151750 (VIOLATED)
_14803_/RN                              2.500000    2.651751   -0.151750 (VIOLATED)
_14873_/RN                              2.500000    2.651751   -0.151750 (VIOLATED)
_14895_/RN                              2.500000    2.651751   -0.151750 (VIOLATED)
_14903_/RN                              2.500000    2.651751   -0.151750 (VIOLATED)
fanout542/I                             2.500000    2.651751   -0.151750 (VIOLATED)
fanout543/Z                             2.500000    2.651751   -0.151750 (VIOLATED)
_11886_/Z                               2.500000    2.651732   -0.151732 (VIOLATED)
_11887_/A3                              2.500000    2.651732   -0.151732 (VIOLATED)
_11978_/A3                              2.500000    2.651732   -0.151732 (VIOLATED)
_12021_/S                               2.500000    2.651732   -0.151732 (VIOLATED)
_09150_/A2                              2.500000    2.651428   -0.151428 (VIOLATED)
_09205_/I                               2.500000    2.651427   -0.151427 (VIOLATED)
_13305_/A1                              2.500000    2.651421   -0.151420 (VIOLATED)
_13317_/A1                              2.500000    2.651414   -0.151414 (VIOLATED)
_09569_/A1                              2.500000    2.651410   -0.151410 (VIOLATED)
_09148_/Z                               2.500000    2.651399   -0.151399 (VIOLATED)
_09606_/A1                              2.500000    2.651399   -0.151399 (VIOLATED)
_09641_/A1                              2.500000    2.651399   -0.151399 (VIOLATED)
_09676_/A1                              2.500000    2.651399   -0.151399 (VIOLATED)
_09711_/A1                              2.500000    2.651399   -0.151399 (VIOLATED)
_09138_/I0                              2.500000    2.650903   -0.150903 (VIOLATED)
_09493_/I0                              2.500000    2.650901   -0.150901 (VIOLATED)
_09458_/I0                              2.500000    2.650897   -0.150897 (VIOLATED)
_09528_/I0                              2.500000    2.650892   -0.150892 (VIOLATED)
_09563_/I0                              2.500000    2.650887   -0.150887 (VIOLATED)
_09600_/I0                              2.500000    2.650876   -0.150876 (VIOLATED)
_09635_/I0                              2.500000    2.650860   -0.150860 (VIOLATED)
_09705_/I0                              2.500000    2.650853   -0.150853 (VIOLATED)
_09670_/I0                              2.500000    2.650847   -0.150847 (VIOLATED)
_13328_/A1                              2.500000    2.650838   -0.150838 (VIOLATED)
fanout602/Z                             2.500000    2.650838   -0.150838 (VIOLATED)
_07050_/ZN                              2.500000    2.649653   -0.149653 (VIOLATED)
_07051_/I                               2.500000    2.649653   -0.149653 (VIOLATED)
_07100_/A2                              2.500000    2.649653   -0.149653 (VIOLATED)
max_cap231/I                            2.500000    2.649653   -0.149653 (VIOLATED)
_08179_/A1                              2.500000    2.649255   -0.149254 (VIOLATED)
_08156_/A1                              2.500000    2.649252   -0.149252 (VIOLATED)
_08202_/A1                              2.500000    2.649250   -0.149250 (VIOLATED)
_08224_/A1                              2.500000    2.649247   -0.149247 (VIOLATED)
_08130_/A1                              2.500000    2.649230   -0.149230 (VIOLATED)
_08103_/A1                              2.500000    2.649225   -0.149225 (VIOLATED)
_08042_/A1                              2.500000    2.649215   -0.149215 (VIOLATED)
_08080_/A1                              2.500000    2.649210   -0.149210 (VIOLATED)
_08033_/Z                               2.500000    2.649193   -0.149193 (VIOLATED)
_08246_/A1                              2.500000    2.649193   -0.149193 (VIOLATED)
_08268_/A1                              2.500000    2.649193   -0.149193 (VIOLATED)
_07709_/I                               2.500000    2.648044   -0.148044 (VIOLATED)
_07778_/A2                              2.500000    2.648043   -0.148043 (VIOLATED)
_07717_/A2                              2.500000    2.648042   -0.148042 (VIOLATED)
_07589_/A2                              2.500000    2.648041   -0.148040 (VIOLATED)
_07651_/A2                              2.500000    2.648040   -0.148040 (VIOLATED)
_07523_/Z                               2.500000    2.648031   -0.148031 (VIOLATED)
_07525_/A2                              2.500000    2.648031   -0.148031 (VIOLATED)
_07587_/A2                              2.500000    2.648031   -0.148031 (VIOLATED)
_07592_/A2                              2.500000    2.648031   -0.148031 (VIOLATED)
_07649_/A2                              2.500000    2.648031   -0.148031 (VIOLATED)
_07654_/A2                              2.500000    2.648031   -0.148031 (VIOLATED)
_11672_/A2                              2.500000    2.645891   -0.145891 (VIOLATED)
_11734_/A2                              2.500000    2.645891   -0.145891 (VIOLATED)
_11735_/A2                              2.500000    2.645891   -0.145891 (VIOLATED)
_11737_/A2                              2.500000    2.645891   -0.145891 (VIOLATED)
_11738_/A2                              2.500000    2.645891   -0.145891 (VIOLATED)
_11903_/A2                              2.500000    2.645891   -0.145891 (VIOLATED)
_11962_/A2                              2.500000    2.645891   -0.145891 (VIOLATED)
_12193_/A3                              2.500000    2.645891   -0.145891 (VIOLATED)
fanout387/I                             2.500000    2.645891   -0.145891 (VIOLATED)
fanout388/Z                             2.500000    2.645891   -0.145891 (VIOLATED)
_14901_/RN                              2.500000    2.645864   -0.145864 (VIOLATED)
_14902_/RN                              2.500000    2.645864   -0.145864 (VIOLATED)
_14538_/RN                              2.500000    2.645863   -0.145863 (VIOLATED)
_14552_/RN                              2.500000    2.645862   -0.145862 (VIOLATED)
_14554_/RN                              2.500000    2.645862   -0.145862 (VIOLATED)
_14570_/RN                              2.500000    2.645861   -0.145861 (VIOLATED)
_14569_/RN                              2.500000    2.645861   -0.145861 (VIOLATED)
_14537_/RN                              2.500000    2.645859   -0.145859 (VIOLATED)
_14553_/RN                              2.500000    2.645854   -0.145854 (VIOLATED)
fanout541/I                             2.500000    2.645845   -0.145845 (VIOLATED)
fanout542/Z                             2.500000    2.645845   -0.145845 (VIOLATED)
_12094_/A1                              2.500000    2.645521   -0.145521 (VIOLATED)
_11830_/A2                              2.500000    2.645516   -0.145516 (VIOLATED)
_11831_/A2                              2.500000    2.645516   -0.145516 (VIOLATED)
_11829_/B1                              2.500000    2.645514   -0.145514 (VIOLATED)
_11893_/A2                              2.500000    2.645514   -0.145514 (VIOLATED)
_11892_/A3                              2.500000    2.645514   -0.145514 (VIOLATED)
_11952_/A1                              2.500000    2.645512   -0.145512 (VIOLATED)
_11955_/A1                              2.500000    2.645500   -0.145500 (VIOLATED)
_11957_/A1                              2.500000    2.645500   -0.145500 (VIOLATED)
_11958_/A1                              2.500000    2.645500   -0.145500 (VIOLATED)
fanout314/Z                             2.500000    2.645500   -0.145500 (VIOLATED)
_08166_/A1                              2.500000    2.645011   -0.145011 (VIOLATED)
_08188_/A1                              2.500000    2.645011   -0.145011 (VIOLATED)
_08233_/A1                              2.500000    2.645009   -0.145009 (VIOLATED)
_08211_/A1                              2.500000    2.645008   -0.145008 (VIOLATED)
_08343_/A1                              2.500000    2.645003   -0.145003 (VIOLATED)
_08365_/A1                              2.500000    2.645003   -0.145002 (VIOLATED)
_08299_/A1                              2.500000    2.645001   -0.145001 (VIOLATED)
_08321_/A1                              2.500000    2.644999   -0.144999 (VIOLATED)
_08255_/A1                              2.500000    2.644997   -0.144997 (VIOLATED)
_08164_/Z                               2.500000    2.644989   -0.144989 (VIOLATED)
_08277_/A1                              2.500000    2.644989   -0.144989 (VIOLATED)
wire209/I                               2.500000    2.643708   -0.143708 (VIOLATED)
_07331_/A2                              2.500000    2.643687   -0.143687 (VIOLATED)
_07336_/A2                              2.500000    2.643682   -0.143682 (VIOLATED)
_07086_/Z                               2.500000    2.643668   -0.143668 (VIOLATED)
_07088_/A2                              2.500000    2.643668   -0.143668 (VIOLATED)
_07275_/A2                              2.500000    2.643668   -0.143668 (VIOLATED)
_07281_/A2                              2.500000    2.643668   -0.143668 (VIOLATED)
_12274_/ZN                              2.500000    2.643307   -0.143307 (VIOLATED)
_12275_/A3                              2.500000    2.643307   -0.143307 (VIOLATED)
_12372_/A4                              2.500000    2.643307   -0.143307 (VIOLATED)
_12373_/B                               2.500000    2.643307   -0.143307 (VIOLATED)
_12471_/A3                              2.500000    2.643307   -0.143307 (VIOLATED)
_12472_/A2                              2.500000    2.643307   -0.143307 (VIOLATED)
_08220_/A2                              2.500000    2.643285   -0.143285 (VIOLATED)
_08197_/A2                              2.500000    2.643284   -0.143284 (VIOLATED)
_08152_/A2                              2.500000    2.643282   -0.143282 (VIOLATED)
_08175_/A2                              2.500000    2.643280   -0.143280 (VIOLATED)
_08126_/A2                              2.500000    2.643268   -0.143268 (VIOLATED)
_08034_/Z                               2.500000    2.643258   -0.143258 (VIOLATED)
_08035_/A2                              2.500000    2.643258   -0.143258 (VIOLATED)
_08076_/A2                              2.500000    2.643258   -0.143258 (VIOLATED)
_08099_/A2                              2.500000    2.643258   -0.143258 (VIOLATED)
_08242_/A2                              2.500000    2.643258   -0.143258 (VIOLATED)
_08264_/A2                              2.500000    2.643258   -0.143258 (VIOLATED)
_13228_/ZN                              2.500000    2.641450   -0.141450 (VIOLATED)
_13229_/I                               2.500000    2.641450   -0.141450 (VIOLATED)
_13278_/A1                              2.500000    2.641450   -0.141450 (VIOLATED)
_13283_/A1                              2.500000    2.641450   -0.141450 (VIOLATED)
_13287_/A1                              2.500000    2.641450   -0.141450 (VIOLATED)
_13291_/A1                              2.500000    2.641450   -0.141450 (VIOLATED)
_13295_/A1                              2.500000    2.641450   -0.141450 (VIOLATED)
_14539_/RN                              2.500000    2.640962   -0.140962 (VIOLATED)
_14540_/RN                              2.500000    2.640962   -0.140962 (VIOLATED)
_14541_/RN                              2.500000    2.640962   -0.140962 (VIOLATED)
_14555_/RN                              2.500000    2.640962   -0.140962 (VIOLATED)
_14556_/RN                              2.500000    2.640962   -0.140962 (VIOLATED)
_14571_/RN                              2.500000    2.640962   -0.140962 (VIOLATED)
_14572_/RN                              2.500000    2.640962   -0.140962 (VIOLATED)
_14603_/RN                              2.500000    2.640962   -0.140962 (VIOLATED)
_14904_/RN                              2.500000    2.640962   -0.140962 (VIOLATED)
_14905_/RN                              2.500000    2.640962   -0.140962 (VIOLATED)
fanout553/Z                             2.500000    2.640962   -0.140962 (VIOLATED)
_08234_/ZN                              2.500000    2.637682   -0.137682 (VIOLATED)
_08235_/I3                              2.500000    2.637682   -0.137682 (VIOLATED)
_14177_/RN                              2.500000    2.635583   -0.135583 (VIOLATED)
_14178_/RN                              2.500000    2.635583   -0.135583 (VIOLATED)
_14193_/RN                              2.500000    2.635583   -0.135583 (VIOLATED)
_14209_/RN                              2.500000    2.635583   -0.135583 (VIOLATED)
_14225_/RN                              2.500000    2.635583   -0.135583 (VIOLATED)
_14241_/RN                              2.500000    2.635583   -0.135583 (VIOLATED)
_14257_/RN                              2.500000    2.635583   -0.135583 (VIOLATED)
_14273_/RN                              2.500000    2.635583   -0.135583 (VIOLATED)
_14353_/RN                              2.500000    2.635583   -0.135583 (VIOLATED)
_14400_/RN                              2.500000    2.635583   -0.135583 (VIOLATED)
fanout491/Z                             2.500000    2.635583   -0.135583 (VIOLATED)
_11901_/A1                              2.500000    2.635416   -0.135415 (VIOLATED)
_11899_/B                               2.500000    2.635415   -0.135415 (VIOLATED)
_12098_/I0                              2.500000    2.635406   -0.135406 (VIOLATED)
_12100_/B2                              2.500000    2.635406   -0.135406 (VIOLATED)
_12328_/B2                              2.500000    2.635406   -0.135406 (VIOLATED)
_12411_/A1                              2.500000    2.635406   -0.135406 (VIOLATED)
_12413_/A1                              2.500000    2.635406   -0.135406 (VIOLATED)
_12510_/A1                              2.500000    2.635406   -0.135406 (VIOLATED)
_12529_/A1                              2.500000    2.635406   -0.135406 (VIOLATED)
_12672_/B2                              2.500000    2.635406   -0.135406 (VIOLATED)
fanout319/Z                             2.500000    2.635406   -0.135406 (VIOLATED)
_13142_/B2                              2.500000    2.634479   -0.134479 (VIOLATED)
_13114_/A2                              2.500000    2.634479   -0.134479 (VIOLATED)
_13141_/B2                              2.500000    2.634477   -0.134477 (VIOLATED)
fanout277/I                             2.500000    2.634466   -0.134466 (VIOLATED)
_12877_/A2                              2.500000    2.634455   -0.134455 (VIOLATED)
_12698_/A2                              2.500000    2.634440   -0.134440 (VIOLATED)
_12699_/A2                              2.500000    2.634440   -0.134440 (VIOLATED)
_12701_/A2                              2.500000    2.634440   -0.134440 (VIOLATED)
_12802_/A3                              2.500000    2.634440   -0.134440 (VIOLATED)
fanout278/Z                             2.500000    2.634440   -0.134440 (VIOLATED)
_14543_/RN                              2.500000    2.632171   -0.132171 (VIOLATED)
_14544_/RN                              2.500000    2.632171   -0.132171 (VIOLATED)
_14559_/RN                              2.500000    2.632171   -0.132171 (VIOLATED)
_14560_/RN                              2.500000    2.632171   -0.132171 (VIOLATED)
_14563_/RN                              2.500000    2.632171   -0.132171 (VIOLATED)
_14575_/RN                              2.500000    2.632171   -0.132171 (VIOLATED)
_14579_/RN                              2.500000    2.632171   -0.132171 (VIOLATED)
_14854_/RN                              2.500000    2.632171   -0.132171 (VIOLATED)
_14908_/RN                              2.500000    2.632171   -0.132171 (VIOLATED)
_14909_/RN                              2.500000    2.632171   -0.132171 (VIOLATED)
fanout556/Z                             2.500000    2.632171   -0.132171 (VIOLATED)
_07242_/A1                              2.500000    2.632027   -0.132027 (VIOLATED)
_07232_/C                               2.500000    2.632027   -0.132027 (VIOLATED)
_07159_/C                               2.500000    2.632024   -0.132024 (VIOLATED)
_07169_/A1                              2.500000    2.632024   -0.132024 (VIOLATED)
_07278_/C                               2.500000    2.632018   -0.132018 (VIOLATED)
_07279_/A1                              2.500000    2.632013   -0.132013 (VIOLATED)
_06834_/Z                               2.500000    2.632003   -0.132003 (VIOLATED)
_06835_/I                               2.500000    2.632003   -0.132003 (VIOLATED)
_07093_/A1                              2.500000    2.632003   -0.132003 (VIOLATED)
_07101_/C                               2.500000    2.632003   -0.132003 (VIOLATED)
_07287_/A1                              2.500000    2.632003   -0.132003 (VIOLATED)
_11902_/B2                              2.500000    2.631766   -0.131766 (VIOLATED)
_11571_/A2                              2.500000    2.631763   -0.131763 (VIOLATED)
_11572_/B2                              2.500000    2.631762   -0.131762 (VIOLATED)
_11901_/A2                              2.500000    2.631761   -0.131761 (VIOLATED)
_11732_/A2                              2.500000    2.631759   -0.131759 (VIOLATED)
_11733_/B2                              2.500000    2.631758   -0.131758 (VIOLATED)
_11838_/B2                              2.500000    2.631758   -0.131758 (VIOLATED)
_11837_/A2                              2.500000    2.631756   -0.131756 (VIOLATED)
_11737_/A1                              2.500000    2.631712   -0.131712 (VIOLATED)
fanout395/I                             2.500000    2.631665   -0.131665 (VIOLATED)
fanout396/Z                             2.500000    2.631665   -0.131665 (VIOLATED)
_07288_/ZN                              2.500000    2.629699   -0.129699 (VIOLATED)
_07289_/A2                              2.500000    2.629699   -0.129699 (VIOLATED)
_07438_/A2                              2.500000    2.629699   -0.129699 (VIOLATED)
_08908_/S                               2.500000    2.625038   -0.125038 (VIOLATED)
_08914_/S                               2.500000    2.625036   -0.125036 (VIOLATED)
_08912_/S                               2.500000    2.625036   -0.125036 (VIOLATED)
_08905_/Z                               2.500000    2.625020   -0.125020 (VIOLATED)
_08922_/S                               2.500000    2.625020   -0.125020 (VIOLATED)
_08924_/S                               2.500000    2.625020   -0.125020 (VIOLATED)
max_cap63/I                             2.500000    2.625020   -0.125020 (VIOLATED)
_07099_/A1                              2.500000    2.623076   -0.123076 (VIOLATED)
_06837_/A1                              2.500000    2.623075   -0.123075 (VIOLATED)
_07087_/A1                              2.500000    2.623075   -0.123075 (VIOLATED)
_06886_/A1                              2.500000    2.623075   -0.123074 (VIOLATED)
_06877_/A1                              2.500000    2.623072   -0.123072 (VIOLATED)
_06920_/A1                              2.500000    2.623071   -0.123071 (VIOLATED)
_06921_/A1                              2.500000    2.623071   -0.123071 (VIOLATED)
_06859_/I                               2.500000    2.623062   -0.123062 (VIOLATED)
_07005_/A1                              2.500000    2.623062   -0.123062 (VIOLATED)
_08065_/B                               2.500000    2.623062   -0.123062 (VIOLATED)
fanout576/Z                             2.500000    2.623062   -0.123062 (VIOLATED)
_14170_/RN                              2.500000    2.621019   -0.121019 (VIOLATED)
_14172_/RN                              2.500000    2.621019   -0.121019 (VIOLATED)
_14186_/RN                              2.500000    2.621019   -0.121019 (VIOLATED)
_14188_/RN                              2.500000    2.621019   -0.121019 (VIOLATED)
_14202_/RN                              2.500000    2.621019   -0.121019 (VIOLATED)
_14218_/RN                              2.500000    2.621019   -0.121019 (VIOLATED)
_14234_/RN                              2.500000    2.621019   -0.121019 (VIOLATED)
_14394_/RN                              2.500000    2.621019   -0.121019 (VIOLATED)
_14410_/RN                              2.500000    2.621019   -0.121019 (VIOLATED)
_14412_/RN                              2.500000    2.621019   -0.121019 (VIOLATED)
fanout485/Z                             2.500000    2.621019   -0.121019 (VIOLATED)
_08385_/A1                              2.500000    2.620680   -0.120680 (VIOLATED)
_08341_/A1                              2.500000    2.620680   -0.120680 (VIOLATED)
_08363_/A1                              2.500000    2.620680   -0.120680 (VIOLATED)
_08407_/A1                              2.500000    2.620679   -0.120679 (VIOLATED)
_08297_/A1                              2.500000    2.620678   -0.120678 (VIOLATED)
_08319_/A1                              2.500000    2.620673   -0.120673 (VIOLATED)
_08048_/A1                              2.500000    2.620669   -0.120669 (VIOLATED)
_08253_/A1                              2.500000    2.620668   -0.120668 (VIOLATED)
_08275_/A1                              2.500000    2.620663   -0.120663 (VIOLATED)
_08046_/Z                               2.500000    2.620647   -0.120647 (VIOLATED)
_08231_/A1                              2.500000    2.620647   -0.120647 (VIOLATED)
_08344_/ZN                              2.500000    2.615161   -0.115161 (VIOLATED)
_08345_/I3                              2.500000    2.615161   -0.115161 (VIOLATED)
_11671_/I                               2.500000    2.613085   -0.113085 (VIOLATED)
_12404_/A2                              2.500000    2.613085   -0.113085 (VIOLATED)
_12407_/A3                              2.500000    2.613085   -0.113085 (VIOLATED)
_12502_/A3                              2.500000    2.613085   -0.113085 (VIOLATED)
_12571_/A2                              2.500000    2.613085   -0.113085 (VIOLATED)
_12649_/A1                              2.500000    2.613085   -0.113085 (VIOLATED)
_12710_/A1                              2.500000    2.613085   -0.113085 (VIOLATED)
_12711_/A2                              2.500000    2.613085   -0.113085 (VIOLATED)
_12808_/A1                              2.500000    2.613085   -0.113085 (VIOLATED)
_12809_/A2                              2.500000    2.613085   -0.113085 (VIOLATED)
fanout379/Z                             2.500000    2.613085   -0.113085 (VIOLATED)
_10039_/Z                               2.500000    2.611991   -0.111991 (VIOLATED)
_10040_/S                               2.500000    2.611991   -0.111991 (VIOLATED)
_10042_/S                               2.500000    2.611991   -0.111991 (VIOLATED)
_10058_/S                               2.500000    2.611991   -0.111991 (VIOLATED)
_10063_/S                               2.500000    2.611991   -0.111991 (VIOLATED)
max_cap34/I                             2.500000    2.611991   -0.111991 (VIOLATED)
_12105_/A1                              2.500000    2.611766   -0.111766 (VIOLATED)
_11570_/A1                              2.500000    2.611764   -0.111764 (VIOLATED)
_11572_/A1                              2.500000    2.611763   -0.111763 (VIOLATED)
_11741_/A1                              2.500000    2.611762   -0.111762 (VIOLATED)
_11275_/ZN                              2.500000    2.611753   -0.111752 (VIOLATED)
_11276_/I                               2.500000    2.611753   -0.111752 (VIOLATED)
_11739_/A1                              2.500000    2.611753   -0.111752 (VIOLATED)
_11312_/ZN                              2.500000    2.611274   -0.111274 (VIOLATED)
_11317_/A1                              2.500000    2.611274   -0.111274 (VIOLATED)
_11330_/A3                              2.500000    2.611274   -0.111274 (VIOLATED)
wire79/I                                2.500000    2.611274   -0.111274 (VIOLATED)
_14753_/RN                              2.500000    2.610230   -0.110230 (VIOLATED)
_14754_/RN                              2.500000    2.610230   -0.110230 (VIOLATED)
_14755_/RN                              2.500000    2.610230   -0.110230 (VIOLATED)
_14756_/RN                              2.500000    2.610230   -0.110230 (VIOLATED)
_14757_/RN                              2.500000    2.610230   -0.110230 (VIOLATED)
_14768_/RN                              2.500000    2.610230   -0.110230 (VIOLATED)
_14769_/RN                              2.500000    2.610230   -0.110230 (VIOLATED)
_14771_/RN                              2.500000    2.610230   -0.110230 (VIOLATED)
fanout460/I                             2.500000    2.610230   -0.110230 (VIOLATED)
fanout461/I                             2.500000    2.610230   -0.110230 (VIOLATED)
fanout462/Z                             2.500000    2.610230   -0.110230 (VIOLATED)
_13007_/A2                              2.500000    2.606501   -0.106501 (VIOLATED)
_12959_/A2                              2.500000    2.606498   -0.106498 (VIOLATED)
_12892_/A2                              2.500000    2.606498   -0.106498 (VIOLATED)
_12284_/A2                              2.500000    2.606493   -0.106493 (VIOLATED)
_12827_/A2                              2.500000    2.606493   -0.106493 (VIOLATED)
_12349_/A2                              2.500000    2.606492   -0.106492 (VIOLATED)
_12453_/A2                              2.500000    2.606489   -0.106489 (VIOLATED)
_12530_/A2                              2.500000    2.606488   -0.106487 (VIOLATED)
_12283_/Z                               2.500000    2.606470   -0.106470 (VIOLATED)
_12673_/A2                              2.500000    2.606470   -0.106470 (VIOLATED)
_12735_/A2                              2.500000    2.606470   -0.106470 (VIOLATED)
_08055_/I                               2.500000    2.605957   -0.105957 (VIOLATED)
_08105_/I                               2.500000    2.605955   -0.105955 (VIOLATED)
_08144_/I                               2.500000    2.605949   -0.105949 (VIOLATED)
_08034_/I                               2.500000    2.605947   -0.105947 (VIOLATED)
_08019_/I                               2.500000    2.605931   -0.105931 (VIOLATED)
_08044_/I                               2.500000    2.605929   -0.105929 (VIOLATED)
_08401_/A2                              2.500000    2.605927   -0.105927 (VIOLATED)
_08357_/A2                              2.500000    2.605923   -0.105923 (VIOLATED)
_08018_/Z                               2.500000    2.605914   -0.105914 (VIOLATED)
_08335_/A2                              2.500000    2.605914   -0.105914 (VIOLATED)
_08379_/A2                              2.500000    2.605914   -0.105914 (VIOLATED)
_08429_/S1                              2.500000    2.604946   -0.104946 (VIOLATED)
_08430_/S1                              2.500000    2.604946   -0.104946 (VIOLATED)
_08437_/S1                              2.500000    2.604946   -0.104946 (VIOLATED)
_08442_/S1                              2.500000    2.604946   -0.104946 (VIOLATED)
_08443_/S1                              2.500000    2.604946   -0.104946 (VIOLATED)
_08457_/S1                              2.500000    2.604946   -0.104946 (VIOLATED)
_08458_/S1                              2.500000    2.604946   -0.104946 (VIOLATED)
_08462_/S1                              2.500000    2.604946   -0.104946 (VIOLATED)
_08463_/S1                              2.500000    2.604946   -0.104946 (VIOLATED)
_08469_/S1                              2.500000    2.604946   -0.104946 (VIOLATED)
fanout591/Z                             2.500000    2.604946   -0.104946 (VIOLATED)
_08125_/A1                              2.500000    2.597531   -0.097531 (VIOLATED)
_08098_/A1                              2.500000    2.597530   -0.097530 (VIOLATED)
_08032_/A1                              2.500000    2.597529   -0.097529 (VIOLATED)
_08075_/A1                              2.500000    2.597528   -0.097528 (VIOLATED)
_08290_/A1                              2.500000    2.597514   -0.097514 (VIOLATED)
_08017_/Z                               2.500000    2.597506   -0.097506 (VIOLATED)
_08312_/A1                              2.500000    2.597506   -0.097506 (VIOLATED)
_08334_/A1                              2.500000    2.597506   -0.097506 (VIOLATED)
_08356_/A1                              2.500000    2.597506   -0.097506 (VIOLATED)
_08378_/A1                              2.500000    2.597506   -0.097506 (VIOLATED)
_08400_/A1                              2.500000    2.597506   -0.097506 (VIOLATED)
_12728_/A2                              2.500000    2.596735   -0.096735 (VIOLATED)
_12822_/A2                              2.500000    2.596734   -0.096734 (VIOLATED)
_12280_/I                               2.500000    2.596731   -0.096731 (VIOLATED)
_12529_/A2                              2.500000    2.596728   -0.096728 (VIOLATED)
_12510_/A2                              2.500000    2.596712   -0.096712 (VIOLATED)
_12329_/A2                              2.500000    2.596706   -0.096706 (VIOLATED)
_12207_/A2                              2.500000    2.596697   -0.096697 (VIOLATED)
_11974_/A2                              2.500000    2.596684   -0.096684 (VIOLATED)
_11973_/Z                               2.500000    2.596675   -0.096675 (VIOLATED)
_12106_/A3                              2.500000    2.596675   -0.096675 (VIOLATED)
_12579_/A2                              2.500000    2.596675   -0.096675 (VIOLATED)
_08167_/A1                              2.500000    2.594661   -0.094661 (VIOLATED)
_08212_/A1                              2.500000    2.594660   -0.094660 (VIOLATED)
_08189_/A1                              2.500000    2.594660   -0.094660 (VIOLATED)
_08054_/Z                               2.500000    2.594651   -0.094651 (VIOLATED)
_08064_/A1                              2.500000    2.594651   -0.094651 (VIOLATED)
_08091_/A1                              2.500000    2.594651   -0.094651 (VIOLATED)
_08117_/A1                              2.500000    2.594651   -0.094651 (VIOLATED)
_08140_/A1                              2.500000    2.594651   -0.094651 (VIOLATED)
_08234_/A1                              2.500000    2.594651   -0.094651 (VIOLATED)
_08373_/A1                              2.500000    2.594651   -0.094651 (VIOLATED)
_08395_/A1                              2.500000    2.594651   -0.094651 (VIOLATED)
_12547_/A3                              2.500000    2.592765   -0.092765 (VIOLATED)
_12678_/A2                              2.500000    2.592765   -0.092765 (VIOLATED)
_12679_/A2                              2.500000    2.592765   -0.092765 (VIOLATED)
_12546_/ZN                              2.500000    2.592764   -0.092764 (VIOLATED)
_11820_/Z                               2.500000    2.589968   -0.089968 (VIOLATED)
_11847_/A1                              2.500000    2.589968   -0.089968 (VIOLATED)
_11925_/A1                              2.500000    2.589968   -0.089968 (VIOLATED)
_11927_/A2                              2.500000    2.589968   -0.089968 (VIOLATED)
_11928_/A1                              2.500000    2.589968   -0.089968 (VIOLATED)
_12027_/B                               2.500000    2.589968   -0.089968 (VIOLATED)
_08693_/I0                              2.500000    2.589770   -0.089770 (VIOLATED)
_08728_/I0                              2.500000    2.589769   -0.089769 (VIOLATED)
_08659_/I1                              2.500000    2.589769   -0.089769 (VIOLATED)
_08762_/I0                              2.500000    2.589765   -0.089764 (VIOLATED)
_08519_/I1                              2.500000    2.589757   -0.089757 (VIOLATED)
_08554_/I0                              2.500000    2.589756   -0.089756 (VIOLATED)
_08623_/I0                              2.500000    2.589756   -0.089756 (VIOLATED)
_08589_/I0                              2.500000    2.589746   -0.089746 (VIOLATED)
_13235_/A1                              2.500000    2.589719   -0.089719 (VIOLATED)
_14730_/Q                               2.500000    2.589719   -0.089719 (VIOLATED)
_07736_/A2                              2.500000    2.589484   -0.089484 (VIOLATED)
_07797_/A2                              2.500000    2.589483   -0.089483 (VIOLATED)
_07793_/A2                              2.500000    2.589480   -0.089480 (VIOLATED)
_07872_/A2                              2.500000    2.589475   -0.089475 (VIOLATED)
_07866_/A2                              2.500000    2.589473   -0.089473 (VIOLATED)
_07863_/A2                              2.500000    2.589468   -0.089468 (VIOLATED)
_07665_/Z                               2.500000    2.589457   -0.089457 (VIOLATED)
_07667_/A2                              2.500000    2.589457   -0.089457 (VIOLATED)
_07904_/A2                              2.500000    2.589457   -0.089457 (VIOLATED)
_07908_/A2                              2.500000    2.589457   -0.089457 (VIOLATED)
_07911_/A2                              2.500000    2.589457   -0.089457 (VIOLATED)
_08821_/I1                              2.500000    2.583785   -0.083785 (VIOLATED)
_08892_/I0                              2.500000    2.583784   -0.083784 (VIOLATED)
_08857_/I1                              2.500000    2.583783   -0.083783 (VIOLATED)
_08926_/I0                              2.500000    2.583778   -0.083778 (VIOLATED)
_08995_/I1                              2.500000    2.583767   -0.083767 (VIOLATED)
_08961_/I1                              2.500000    2.583764   -0.083763 (VIOLATED)
_09030_/I0                              2.500000    2.583755   -0.083755 (VIOLATED)
_09064_/I0                              2.500000    2.583755   -0.083755 (VIOLATED)
_13609_/C2                              2.500000    2.583742   -0.083742 (VIOLATED)
_13614_/A1                              2.500000    2.583742   -0.083742 (VIOLATED)
_14833_/Q                               2.500000    2.583742   -0.083742 (VIOLATED)
_08309_/A1                              2.500000    2.578791   -0.078791 (VIOLATED)
_08375_/A1                              2.500000    2.578789   -0.078789 (VIOLATED)
_08397_/A1                              2.500000    2.578789   -0.078789 (VIOLATED)
_08353_/A1                              2.500000    2.578787   -0.078787 (VIOLATED)
_08331_/A1                              2.500000    2.578785   -0.078785 (VIOLATED)
_08287_/A1                              2.500000    2.578780   -0.078780 (VIOLATED)
_08265_/A1                              2.500000    2.578767   -0.078767 (VIOLATED)
_08021_/Z                               2.500000    2.578758   -0.078758 (VIOLATED)
_08024_/A1                              2.500000    2.578758   -0.078758 (VIOLATED)
_08072_/A1                              2.500000    2.578758   -0.078758 (VIOLATED)
_08095_/A1                              2.500000    2.578758   -0.078758 (VIOLATED)
_12645_/ZN                              2.500000    2.578529   -0.078529 (VIOLATED)
_12654_/A2                              2.500000    2.578529   -0.078529 (VIOLATED)
_12687_/A1                              2.500000    2.578529   -0.078529 (VIOLATED)
_12689_/A1                              2.500000    2.578529   -0.078529 (VIOLATED)
_14398_/RN                              2.500000    2.576156   -0.076156 (VIOLATED)
_14332_/RN                              2.500000    2.576147   -0.076147 (VIOLATED)
_14340_/RN                              2.500000    2.576137   -0.076137 (VIOLATED)
_14404_/RN                              2.500000    2.576137   -0.076137 (VIOLATED)
fanout496/I                             2.500000    2.576137   -0.076137 (VIOLATED)
fanout498/I                             2.500000    2.576137   -0.076137 (VIOLATED)
fanout499/Z                             2.500000    2.576137   -0.076137 (VIOLATED)
_11313_/A1                              2.500000    2.570548   -0.070548 (VIOLATED)
_11309_/A1                              2.500000    2.570547   -0.070547 (VIOLATED)
_11305_/A1                              2.500000    2.570547   -0.070546 (VIOLATED)
_11334_/B                               2.500000    2.570544   -0.070544 (VIOLATED)
_11316_/A1                              2.500000    2.570544   -0.070544 (VIOLATED)
_11279_/A1                              2.500000    2.570543   -0.070543 (VIOLATED)
_11452_/B                               2.500000    2.570533   -0.070533 (VIOLATED)
_11501_/A1                              2.500000    2.570533   -0.070533 (VIOLATED)
_11510_/B                               2.500000    2.570533   -0.070533 (VIOLATED)
fanout453/I                             2.500000    2.570533   -0.070533 (VIOLATED)
fanout454/Z                             2.500000    2.570533   -0.070533 (VIOLATED)
_12094_/C                               2.500000    2.567970   -0.067970 (VIOLATED)
_12091_/A1                              2.500000    2.567970   -0.067969 (VIOLATED)
_12294_/B                               2.500000    2.567966   -0.067966 (VIOLATED)
_12299_/B                               2.500000    2.567965   -0.067965 (VIOLATED)
_12396_/C                               2.500000    2.567962   -0.067962 (VIOLATED)
_12175_/A1                              2.500000    2.567956   -0.067956 (VIOLATED)
_12176_/A1                              2.500000    2.567955   -0.067955 (VIOLATED)
_12384_/A1                              2.500000    2.567948   -0.067948 (VIOLATED)
fanout409/I                             2.500000    2.567938   -0.067938 (VIOLATED)
fanout407/I                             2.500000    2.567928   -0.067927 (VIOLATED)
fanout410/Z                             2.500000    2.567928   -0.067927 (VIOLATED)
_14168_/RN                              2.500000    2.564343   -0.064343 (VIOLATED)
_14184_/RN                              2.500000    2.564342   -0.064343 (VIOLATED)
_14200_/RN                              2.500000    2.564342   -0.064342 (VIOLATED)
_14216_/RN                              2.500000    2.564340   -0.064340 (VIOLATED)
_14232_/RN                              2.500000    2.564338   -0.064338 (VIOLATED)
_14167_/RN                              2.500000    2.564327   -0.064327 (VIOLATED)
_14183_/RN                              2.500000    2.564327   -0.064327 (VIOLATED)
_14248_/RN                              2.500000    2.564327   -0.064327 (VIOLATED)
_14375_/RN                              2.500000    2.564327   -0.064327 (VIOLATED)
_14391_/RN                              2.500000    2.564327   -0.064327 (VIOLATED)
fanout482/Z                             2.500000    2.564327   -0.064327 (VIOLATED)
_14751_/RN                              2.500000    2.561170   -0.061170 (VIOLATED)
_14750_/RN                              2.500000    2.561168   -0.061168 (VIOLATED)
_09078_/A1                              2.500000    2.561159   -0.061159 (VIOLATED)
_09097_/A1                              2.500000    2.561159   -0.061159 (VIOLATED)
_14777_/RN                              2.500000    2.561159   -0.061159 (VIOLATED)
_14778_/RN                              2.500000    2.561159   -0.061159 (VIOLATED)
_14779_/RN                              2.500000    2.561159   -0.061159 (VIOLATED)
_14780_/RN                              2.500000    2.561159   -0.061159 (VIOLATED)
_14781_/RN                              2.500000    2.561159   -0.061159 (VIOLATED)
_14948_/RN                              2.500000    2.561159   -0.061159 (VIOLATED)
fanout463/Z                             2.500000    2.561159   -0.061159 (VIOLATED)
_12100_/ZN                              2.500000    2.556695   -0.056695 (VIOLATED)
_12101_/A3                              2.500000    2.556695   -0.056695 (VIOLATED)
_12172_/A2                              2.500000    2.556695   -0.056695 (VIOLATED)
_12173_/A2                              2.500000    2.556695   -0.056695 (VIOLATED)
_12540_/ZN                              2.500000    2.554706   -0.054706 (VIOLATED)
_12544_/A1                              2.500000    2.554706   -0.054706 (VIOLATED)
_12666_/I                               2.500000    2.554706   -0.054706 (VIOLATED)
_12739_/A2                              2.500000    2.554706   -0.054706 (VIOLATED)
_12740_/A2                              2.500000    2.554706   -0.054706 (VIOLATED)
_12833_/A1                              2.500000    2.554706   -0.054706 (VIOLATED)
_07890_/C1                              2.500000    2.542122   -0.042122 (VIOLATED)
_07892_/C1                              2.500000    2.542121   -0.042121 (VIOLATED)
_07715_/C1                              2.500000    2.542120   -0.042120 (VIOLATED)
_07721_/C1                              2.500000    2.542116   -0.042116 (VIOLATED)
_07832_/C1                              2.500000    2.542112   -0.042112 (VIOLATED)
_07776_/C1                              2.500000    2.542109   -0.042109 (VIOLATED)
_07782_/C1                              2.500000    2.542107   -0.042107 (VIOLATED)
_07837_/C1                              2.500000    2.542100   -0.042100 (VIOLATED)
_07714_/Z                               2.500000    2.542089   -0.042089 (VIOLATED)
_07834_/C1                              2.500000    2.542089   -0.042089 (VIOLATED)
_07923_/A2                              2.500000    2.542089   -0.042089 (VIOLATED)
_12153_/A2                              2.500000    2.541761   -0.041761 (VIOLATED)
_12050_/A3                              2.500000    2.541757   -0.041757 (VIOLATED)
_12457_/A3                              2.500000    2.541750   -0.041750 (VIOLATED)
_12459_/A2                              2.500000    2.541748   -0.041747 (VIOLATED)
_12631_/A3                              2.500000    2.541743   -0.041743 (VIOLATED)
_12556_/A2                              2.500000    2.541732   -0.041732 (VIOLATED)
_12555_/A2                              2.500000    2.541722   -0.041722 (VIOLATED)
_12552_/A3                              2.500000    2.541716   -0.041716 (VIOLATED)
_12551_/B1                              2.500000    2.541713   -0.041713 (VIOLATED)
_12633_/A2                              2.500000    2.541692   -0.041692 (VIOLATED)
fanout275/Z                             2.500000    2.541692   -0.041692 (VIOLATED)
_11537_/A2                              2.500000    2.538446   -0.038446 (VIOLATED)
_11566_/A2                              2.500000    2.538446   -0.038446 (VIOLATED)
_11567_/A2                              2.500000    2.538446   -0.038446 (VIOLATED)
_11568_/A2                              2.500000    2.538446   -0.038446 (VIOLATED)
_11569_/A2                              2.500000    2.538446   -0.038446 (VIOLATED)
_11675_/A3                              2.500000    2.538446   -0.038446 (VIOLATED)
_11730_/A2                              2.500000    2.538446   -0.038446 (VIOLATED)
_11835_/A2                              2.500000    2.538446   -0.038446 (VIOLATED)
_11899_/A2                              2.500000    2.538446   -0.038446 (VIOLATED)
_12294_/A1                              2.500000    2.538446   -0.038446 (VIOLATED)
fanout404/Z                             2.500000    2.538446   -0.038446 (VIOLATED)
_08322_/ZN                              2.500000    2.536403   -0.036403 (VIOLATED)
_08323_/I3                              2.500000    2.536403   -0.036403 (VIOLATED)
_14747_/RN                              2.500000    2.535114   -0.035114 (VIOLATED)
_14746_/RN                              2.500000    2.535112   -0.035112 (VIOLATED)
_14748_/RN                              2.500000    2.535106   -0.035106 (VIOLATED)
_14749_/RN                              2.500000    2.535102   -0.035102 (VIOLATED)
fanout476/I                             2.500000    2.535066   -0.035066 (VIOLATED)
fanout479/I                             2.500000    2.535066   -0.035066 (VIOLATED)
fanout480/Z                             2.500000    2.535066   -0.035066 (VIOLATED)
_07767_/A1                              2.500000    2.533976   -0.033976 (VIOLATED)
_07766_/A2                              2.500000    2.533976   -0.033975 (VIOLATED)
_07822_/A2                              2.500000    2.533975   -0.033975 (VIOLATED)
_07823_/A1                              2.500000    2.533974   -0.033974 (VIOLATED)
_07860_/A2                              2.500000    2.533972   -0.033971 (VIOLATED)
_07933_/A2                              2.500000    2.533970   -0.033970 (VIOLATED)
_07861_/A1                              2.500000    2.533969   -0.033969 (VIOLATED)
_07934_/A1                              2.500000    2.533969   -0.033969 (VIOLATED)
_07680_/Z                               2.500000    2.533960   -0.033960 (VIOLATED)
_07697_/A2                              2.500000    2.533960   -0.033960 (VIOLATED)
_07698_/A1                              2.500000    2.533960   -0.033960 (VIOLATED)
_10721_/S                               2.500000    2.527515   -0.027515 (VIOLATED)
_10723_/S                               2.500000    2.527514   -0.027514 (VIOLATED)
_10714_/Z                               2.500000    2.527497   -0.027497 (VIOLATED)
_10727_/S                               2.500000    2.527497   -0.027497 (VIOLATED)
_10729_/S                               2.500000    2.527497   -0.027497 (VIOLATED)
_10731_/S                               2.500000    2.527497   -0.027497 (VIOLATED)
max_cap82/I                             2.500000    2.527497   -0.027497 (VIOLATED)
_08204_/A1                              2.500000    2.525628   -0.025628 (VIOLATED)
_08158_/A1                              2.500000    2.525628   -0.025628 (VIOLATED)
_08181_/A1                              2.500000    2.525625   -0.025625 (VIOLATED)
_08226_/A1                              2.500000    2.525621   -0.025621 (VIOLATED)
_08132_/A1                              2.500000    2.525613   -0.025613 (VIOLATED)
_08108_/A1                              2.500000    2.525600   -0.025600 (VIOLATED)
_08270_/A1                              2.500000    2.525589   -0.025588 (VIOLATED)
_08082_/Z                               2.500000    2.525580   -0.025580 (VIOLATED)
_08083_/A1                              2.500000    2.525580   -0.025580 (VIOLATED)
_08248_/A1                              2.500000    2.525580   -0.025580 (VIOLATED)
_08292_/A1                              2.500000    2.525580   -0.025580 (VIOLATED)
_11381_/ZN                              2.500000    2.525506   -0.025506 (VIOLATED)
_11382_/A2                              2.500000    2.525506   -0.025506 (VIOLATED)
_11400_/B                               2.500000    2.525506   -0.025506 (VIOLATED)
_11401_/A3                              2.500000    2.525506   -0.025506 (VIOLATED)
_11404_/A3                              2.500000    2.525506   -0.025506 (VIOLATED)
_11408_/A2                              2.500000    2.525506   -0.025506 (VIOLATED)
_12513_/A2                              2.500000    2.523517   -0.023517 (VIOLATED)
_12584_/A1                              2.500000    2.523517   -0.023517 (VIOLATED)
_12505_/Z                               2.500000    2.523516   -0.023516 (VIOLATED)
_12583_/A1                              2.500000    2.523516   -0.023516 (VIOLATED)
_09394_/A2                              2.500000    2.521152   -0.021152 (VIOLATED)
_09398_/A2                              2.500000    2.521151   -0.021150 (VIOLATED)
_09400_/A2                              2.500000    2.521149   -0.021149 (VIOLATED)
_09402_/A2                              2.500000    2.521144   -0.021144 (VIOLATED)
_09404_/A2                              2.500000    2.521137   -0.021137 (VIOLATED)
_09390_/A2                              2.500000    2.521126   -0.021126 (VIOLATED)
_09396_/A2                              2.500000    2.521125   -0.021125 (VIOLATED)
_09389_/A2                              2.500000    2.521125   -0.021124 (VIOLATED)
_09388_/Z                               2.500000    2.521115   -0.021115 (VIOLATED)
_09391_/A2                              2.500000    2.521115   -0.021115 (VIOLATED)
_09392_/A2                              2.500000    2.521115   -0.021115 (VIOLATED)
_08189_/ZN                              2.500000    2.520730   -0.020730 (VIOLATED)
_08190_/I3                              2.500000    2.520730   -0.020730 (VIOLATED)
_09314_/S                               2.500000    2.517993   -0.017993 (VIOLATED)
_09316_/S                               2.500000    2.517993   -0.017993 (VIOLATED)
_09318_/I                               2.500000    2.517991   -0.017991 (VIOLATED)
_09301_/I                               2.500000    2.517990   -0.017990 (VIOLATED)
_09310_/S                               2.500000    2.517988   -0.017988 (VIOLATED)
_09312_/S                               2.500000    2.517982   -0.017982 (VIOLATED)
_09300_/ZN                              2.500000    2.517968   -0.017968 (VIOLATED)
_12265_/A2                              2.500000    2.516927   -0.016927 (VIOLATED)
_12271_/A2                              2.500000    2.516927   -0.016927 (VIOLATED)
_12272_/A2                              2.500000    2.516927   -0.016927 (VIOLATED)
_12049_/A2                              2.500000    2.516920   -0.016920 (VIOLATED)
_12142_/A3                              2.500000    2.516920   -0.016920 (VIOLATED)
_12268_/A2                              2.500000    2.516920   -0.016920 (VIOLATED)
_12360_/I                               2.500000    2.516920   -0.016920 (VIOLATED)
_12459_/B1                              2.500000    2.516920   -0.016920 (VIOLATED)
_12460_/A2                              2.500000    2.516920   -0.016920 (VIOLATED)
_12461_/A2                              2.500000    2.516920   -0.016920 (VIOLATED)
fanout271/Z                             2.500000    2.516920   -0.016920 (VIOLATED)
_09354_/A2                              2.500000    2.516482   -0.016482 (VIOLATED)
_09355_/A2                              2.500000    2.516482   -0.016481 (VIOLATED)
_09361_/A2                              2.500000    2.516480   -0.016480 (VIOLATED)
_09367_/A2                              2.500000    2.516479   -0.016479 (VIOLATED)
_09369_/A2                              2.500000    2.516479   -0.016479 (VIOLATED)
_09359_/A2                              2.500000    2.516471   -0.016471 (VIOLATED)
_09363_/A2                              2.500000    2.516471   -0.016471 (VIOLATED)
_09365_/A2                              2.500000    2.516471   -0.016471 (VIOLATED)
_09353_/Z                               2.500000    2.516461   -0.016461 (VIOLATED)
_09356_/A2                              2.500000    2.516461   -0.016461 (VIOLATED)
_09357_/A2                              2.500000    2.516461   -0.016461 (VIOLATED)
_08366_/ZN                              2.500000    2.514054   -0.014054 (VIOLATED)
_08367_/I3                              2.500000    2.514054   -0.014054 (VIOLATED)
_11222_/B                               2.500000    2.511996   -0.011996 (VIOLATED)
_11210_/C                               2.500000    2.511996   -0.011996 (VIOLATED)
_11218_/B2                              2.500000    2.511995   -0.011995 (VIOLATED)
_12525_/A1                              2.500000    2.511994   -0.011994 (VIOLATED)
_11202_/A1                              2.500000    2.511983   -0.011983 (VIOLATED)
_11201_/A1                              2.500000    2.511982   -0.011982 (VIOLATED)
_13156_/A2                              2.500000    2.511969   -0.011969 (VIOLATED)
_11176_/A1                              2.500000    2.511960   -0.011960 (VIOLATED)
_13155_/A1                              2.500000    2.511960   -0.011960 (VIOLATED)
_13181_/A1                              2.500000    2.511960   -0.011960 (VIOLATED)
fanout263/Z                             2.500000    2.511960   -0.011960 (VIOLATED)
_08809_/I1                              2.500000    2.509427   -0.009427 (VIOLATED)
_08845_/I1                              2.500000    2.509426   -0.009426 (VIOLATED)
_08880_/I0                              2.500000    2.509424   -0.009424 (VIOLATED)
_08914_/I0                              2.500000    2.509421   -0.009421 (VIOLATED)
_08949_/I1                              2.500000    2.509417   -0.009417 (VIOLATED)
_08983_/I1                              2.500000    2.509417   -0.009417 (VIOLATED)
_09018_/I0                              2.500000    2.509412   -0.009412 (VIOLATED)
_09052_/I0                              2.500000    2.509406   -0.009406 (VIOLATED)
_13579_/C2                              2.500000    2.509396   -0.009396 (VIOLATED)
_13584_/A1                              2.500000    2.509396   -0.009396 (VIOLATED)
_14827_/Q                               2.500000    2.509396   -0.009396 (VIOLATED)
_09635_/S                               2.500000    2.508513   -0.008513 (VIOLATED)
_09631_/S                               2.500000    2.508512   -0.008513 (VIOLATED)
_09633_/S                               2.500000    2.508509   -0.008509 (VIOLATED)
_09629_/S                               2.500000    2.508507   -0.008507 (VIOLATED)
_09619_/ZN                              2.500000    2.508498   -0.008498 (VIOLATED)
_09620_/I                               2.500000    2.508498   -0.008498 (VIOLATED)
_09637_/I                               2.500000    2.508498   -0.008498 (VIOLATED)
_12526_/A2                              2.500000    2.503121   -0.003121 (VIOLATED)
_11226_/A1                              2.500000    2.503119   -0.003119 (VIOLATED)
_11037_/C                               2.500000    2.503111   -0.003111 (VIOLATED)
_11040_/B2                              2.500000    2.503111   -0.003111 (VIOLATED)
_11120_/A1                              2.500000    2.503111   -0.003111 (VIOLATED)
_11123_/B2                              2.500000    2.503111   -0.003111 (VIOLATED)
_11131_/C                               2.500000    2.503111   -0.003111 (VIOLATED)
_11134_/B2                              2.500000    2.503111   -0.003111 (VIOLATED)
_11235_/B                               2.500000    2.503111   -0.003111 (VIOLATED)
_11244_/A1                              2.500000    2.503111   -0.003111 (VIOLATED)
fanout257/Z                             2.500000    2.503111   -0.003111 (VIOLATED)

max fanout

Pin                                   Limit Fanout  Slack
---------------------------------------------------------
clkbuf_leaf_30_clk/Z                     10     22    -12 (VIOLATED)
clkbuf_leaf_36_clk/Z                     10     21    -11 (VIOLATED)
clkbuf_leaf_39_clk/Z                     10     21    -11 (VIOLATED)
clkbuf_leaf_40_clk/Z                     10     21    -11 (VIOLATED)
clkbuf_leaf_68_clk/Z                     10     21    -11 (VIOLATED)
clkbuf_leaf_37_clk/Z                     10     20    -10 (VIOLATED)
clkbuf_leaf_38_clk/Z                     10     20    -10 (VIOLATED)
clkbuf_leaf_44_clk/Z                     10     20    -10 (VIOLATED)
clkbuf_leaf_45_clk/Z                     10     20    -10 (VIOLATED)
clkbuf_leaf_49_clk/Z                     10     20    -10 (VIOLATED)
clkbuf_leaf_52_clk/Z                     10     20    -10 (VIOLATED)
clkbuf_leaf_5_clk/Z                      10     20    -10 (VIOLATED)
clkbuf_leaf_69_clk/Z                     10     20    -10 (VIOLATED)
clkbuf_leaf_0_clk/Z                      10     19     -9 (VIOLATED)
clkbuf_leaf_10_clk/Z                     10     19     -9 (VIOLATED)
clkbuf_leaf_11_clk/Z                     10     19     -9 (VIOLATED)
clkbuf_leaf_15_clk/Z                     10     19     -9 (VIOLATED)
clkbuf_leaf_1_clk/Z                      10     19     -9 (VIOLATED)
clkbuf_leaf_2_clk/Z                      10     19     -9 (VIOLATED)
clkbuf_leaf_31_clk/Z                     10     19     -9 (VIOLATED)
clkbuf_leaf_35_clk/Z                     10     19     -9 (VIOLATED)
clkbuf_leaf_42_clk/Z                     10     19     -9 (VIOLATED)
clkbuf_leaf_43_clk/Z                     10     19     -9 (VIOLATED)
clkbuf_leaf_46_clk/Z                     10     19     -9 (VIOLATED)
clkbuf_leaf_47_clk/Z                     10     19     -9 (VIOLATED)
clkbuf_leaf_48_clk/Z                     10     19     -9 (VIOLATED)
clkbuf_leaf_4_clk/Z                      10     19     -9 (VIOLATED)
clkbuf_leaf_50_clk/Z                     10     19     -9 (VIOLATED)
clkbuf_leaf_60_clk/Z                     10     19     -9 (VIOLATED)
clkbuf_leaf_61_clk/Z                     10     19     -9 (VIOLATED)
clkbuf_leaf_62_clk/Z                     10     19     -9 (VIOLATED)
clkbuf_leaf_63_clk/Z                     10     19     -9 (VIOLATED)
clkbuf_leaf_64_clk/Z                     10     19     -9 (VIOLATED)
clkbuf_leaf_65_clk/Z                     10     19     -9 (VIOLATED)
clkbuf_leaf_67_clk/Z                     10     19     -9 (VIOLATED)
clkbuf_leaf_6_clk/Z                      10     19     -9 (VIOLATED)
clkbuf_leaf_70_clk/Z                     10     19     -9 (VIOLATED)
clkbuf_leaf_72_clk/Z                     10     19     -9 (VIOLATED)
clkbuf_leaf_73_clk/Z                     10     19     -9 (VIOLATED)
clkbuf_leaf_16_clk/Z                     10     18     -8 (VIOLATED)
clkbuf_leaf_20_clk/Z                     10     18     -8 (VIOLATED)
clkbuf_leaf_21_clk/Z                     10     18     -8 (VIOLATED)
clkbuf_leaf_22_clk/Z                     10     18     -8 (VIOLATED)
clkbuf_leaf_24_clk/Z                     10     18     -8 (VIOLATED)
clkbuf_leaf_25_clk/Z                     10     18     -8 (VIOLATED)
clkbuf_leaf_26_clk/Z                     10     18     -8 (VIOLATED)
clkbuf_leaf_27_clk/Z                     10     18     -8 (VIOLATED)
clkbuf_leaf_28_clk/Z                     10     18     -8 (VIOLATED)
clkbuf_leaf_29_clk/Z                     10     18     -8 (VIOLATED)
clkbuf_leaf_33_clk/Z                     10     18     -8 (VIOLATED)
clkbuf_leaf_34_clk/Z                     10     18     -8 (VIOLATED)
clkbuf_leaf_3_clk/Z                      10     18     -8 (VIOLATED)
clkbuf_leaf_51_clk/Z                     10     18     -8 (VIOLATED)
clkbuf_leaf_58_clk/Z                     10     18     -8 (VIOLATED)
clkbuf_leaf_66_clk/Z                     10     18     -8 (VIOLATED)
clkbuf_leaf_71_clk/Z                     10     18     -8 (VIOLATED)
clkbuf_leaf_7_clk/Z                      10     18     -8 (VIOLATED)
clkbuf_leaf_9_clk/Z                      10     18     -8 (VIOLATED)
clkbuf_leaf_41_clk/Z                     10     17     -7 (VIOLATED)
clkbuf_leaf_74_clk/Z                     10     17     -7 (VIOLATED)
clkbuf_leaf_8_clk/Z                      10     17     -7 (VIOLATED)
clkbuf_leaf_12_clk/Z                     10     16     -6 (VIOLATED)
clkbuf_leaf_18_clk/Z                     10     16     -6 (VIOLATED)
clkbuf_leaf_19_clk/Z                     10     16     -6 (VIOLATED)
clkbuf_leaf_23_clk/Z                     10     16     -6 (VIOLATED)
clkbuf_leaf_32_clk/Z                     10     16     -6 (VIOLATED)
clkbuf_leaf_55_clk/Z                     10     16     -6 (VIOLATED)
clkbuf_leaf_17_clk/Z                     10     15     -5 (VIOLATED)
clkbuf_leaf_53_clk/Z                     10     15     -5 (VIOLATED)
clkbuf_leaf_54_clk/Z                     10     15     -5 (VIOLATED)
clkbuf_leaf_57_clk/Z                     10     15     -5 (VIOLATED)
clkbuf_leaf_59_clk/Z                     10     15     -5 (VIOLATED)
clkbuf_leaf_56_clk/Z                     10     14     -4 (VIOLATED)
clkbuf_leaf_13_clk/Z                     10     13     -3 (VIOLATED)
clkbuf_leaf_14_clk/Z                     10     13     -3 (VIOLATED)



===========================================================================
report_parasitic_annotation -report_unannotated
============================================================================
Found 61 unannotated drivers.
 _14978_/Z
 _14979_/Z
 clkload0/Z
 clkload1/Z
 clkload10/Z
 clkload11/ZN
 clkload12/ZN
 clkload13/ZN
 clkload14/ZN
 clkload15/Z
 clkload16/Z
 clkload17/Z
 clkload18/ZN
 clkload19/ZN
 clkload2/Z
 clkload20/Z
 clkload21/ZN
 clkload22/ZN
 clkload23/Z
 clkload24/ZN
 clkload25/Z
 clkload26/ZN
 clkload27/Z
 clkload28/ZN
 clkload29/Z
 clkload3/Z
 clkload30/Z
 clkload31/ZN
 clkload32/Z
 clkload33/ZN
 clkload34/ZN
 clkload35/ZN
 clkload36/ZN
 clkload37/Z
 clkload38/Z
 clkload39/ZN
 clkload4/Z
 clkload40/ZN
 clkload41/Z
 clkload42/ZN
 clkload43/ZN
 clkload44/ZN
 clkload45/ZN
 clkload46/ZN
 clkload47/ZN
 clkload48/Z
 clkload49/Z
 clkload5/Z
 clkload50/ZN
 clkload51/Z
 clkload52/Z
 clkload53/Z
 clkload54/ZN
 clkload55/ZN
 clkload56/ZN
 clkload57/Z
 clkload58/ZN
 clkload6/Z
 clkload7/Z
 clkload8/ZN
 clkload9/Z
Found 0 partially unannotated drivers.

===========================================================================
max slew violation count 2311
max fanout violation count 75
max cap violation count 0
============================================================================

===========================================================================
check_setup -verbose -unconstrained_endpoints -multiple_clock -no_clock -no_input_delay -loops -generated_clocks
===========================================================================
