
===========================================================================
report_checks -unconstrained
===========================================================================
======================= nom_ss_125C_4v50 Corner ===================================

Startpoint: _14847_ (rising edge-triggered flip-flop clocked by clk)
Endpoint: _14601_ (recovery check against rising-edge clock clk)
Path Group: asynchronous
Path Type: max

Fanout         Cap        Slew       Delay        Time   Description
---------------------------------------------------------------------------------------------
                                  0.000000    0.000000   clock clk (rise edge)
                                  0.000000    0.000000   clock source latency
     2    0.094134    0.000000    0.000000    0.000000 ^ clk (in)
                                                         clk (net)
                      0.026928    0.011014    0.011014 ^ clkbuf_0_clk/I (gf180mcu_fd_sc_mcu7t5v0__clkbuf_16)
     8    0.212434    0.453941    0.580274    0.591288 ^ clkbuf_0_clk/Z (gf180mcu_fd_sc_mcu7t5v0__clkbuf_16)
                                                         clknet_0_clk (net)
                      0.454016    0.008698    0.599986 ^ clkbuf_3_0_0_clk/I (gf180mcu_fd_sc_mcu7t5v0__clkbuf_8)
     2    0.071257    0.342149    0.592454    1.192440 ^ clkbuf_3_0_0_clk/Z (gf180mcu_fd_sc_mcu7t5v0__clkbuf_8)
                                                         clknet_3_0_0_clk (net)
                      0.342151    0.001961    1.194401 ^ clkbuf_4_1__f_clk/I (gf180mcu_fd_sc_mcu7t5v0__clkbuf_16)
     5    0.097737    0.276770    0.532139    1.726540 ^ clkbuf_4_1__f_clk/Z (gf180mcu_fd_sc_mcu7t5v0__clkbuf_16)
                                                         clknet_4_1__leaf_clk (net)
                      0.276781    0.003069    1.729609 ^ clkbuf_leaf_2_clk/I (gf180mcu_fd_sc_mcu7t5v0__clkbuf_8)
    20    0.098866    0.426192    0.607447    2.337055 ^ clkbuf_leaf_2_clk/Z (gf180mcu_fd_sc_mcu7t5v0__clkbuf_8)
                                                         clknet_leaf_2_clk (net)
                      0.426202    0.003123    2.340178 ^ _14847_/CLK (gf180mcu_fd_sc_mcu7t5v0__dffrnq_1)
     2    0.013962    0.544257    1.899707    4.239885 ^ _14847_/Q (gf180mcu_fd_sc_mcu7t5v0__dffrnq_1)
                                                         rst_n_fir (net)
                      0.544257    0.000326    4.240211 ^ max_length894/I (gf180mcu_fd_sc_mcu7t5v0__clkbuf_1)
     1    0.025860    0.784852    0.773968    5.014179 ^ max_length894/Z (gf180mcu_fd_sc_mcu7t5v0__clkbuf_1)
                                                         net893 (net)
                      0.784855    0.001476    5.015655 ^ wire575/I (gf180mcu_fd_sc_mcu7t5v0__clkbuf_1)
     1    0.033721    0.997258    0.927880    5.943535 ^ wire575/Z (gf180mcu_fd_sc_mcu7t5v0__clkbuf_1)
                                                         net575 (net)
                      0.997272    0.002094    5.945629 ^ fanout573/I (gf180mcu_fd_sc_mcu7t5v0__dlyb_1)
     5    0.063472    1.820124    2.691651    8.637280 ^ fanout573/Z (gf180mcu_fd_sc_mcu7t5v0__dlyb_1)
                                                         net573 (net)
                      1.820146    0.003537    8.640818 ^ fanout560/I (gf180mcu_fd_sc_mcu7t5v0__dlyb_1)
     4    0.049930    1.457279    2.483519   11.124336 ^ fanout560/Z (gf180mcu_fd_sc_mcu7t5v0__dlyb_1)
                                                         net560 (net)
                      1.457279    0.000612   11.124949 ^ max_length561/I (gf180mcu_fd_sc_mcu7t5v0__buf_2)
     2    0.022752    0.394553    0.568826   11.693774 ^ max_length561/Z (gf180mcu_fd_sc_mcu7t5v0__buf_2)
                                                         net561 (net)
                      0.394553    0.000631   11.694405 ^ wire819/I (gf180mcu_fd_sc_mcu7t5v0__buf_1)
     3    0.037634    1.114624    0.933928   12.628332 ^ wire819/Z (gf180mcu_fd_sc_mcu7t5v0__buf_1)
                                                         net818 (net)
                      1.114624    0.000803   12.629135 ^ fanout545/I (gf180mcu_fd_sc_mcu7t5v0__dlyb_1)
    10    0.084293    2.383976    3.019411   15.648546 ^ fanout545/Z (gf180mcu_fd_sc_mcu7t5v0__dlyb_1)
                                                         net545 (net)
                      2.383976    0.001098   15.649644 ^ fanout544/I (gf180mcu_fd_sc_mcu7t5v0__dlyb_1)
     5    0.045621    1.342743    2.398322   18.047966 ^ fanout544/Z (gf180mcu_fd_sc_mcu7t5v0__dlyb_1)
                                                         net544 (net)
                      1.342743    0.000929   18.048895 ^ fanout543/I (gf180mcu_fd_sc_mcu7t5v0__dlyb_1)
     7    0.065752    1.882380    2.731797   20.780691 ^ fanout543/Z (gf180mcu_fd_sc_mcu7t5v0__dlyb_1)
                                                         net543 (net)
                      1.882380    0.000801   20.781492 ^ _14601_/RN (gf180mcu_fd_sc_mcu7t5v0__dffrnq_1)
                                             20.781492   data arrival time

                                 62.500000   62.500000   clock clk (rise edge)
                                  0.000000   62.500000   clock source latency
     2    0.094134    0.000000    0.000000   62.500000 ^ clk (in)
                                                         clk (net)
                      0.026928    0.011013   62.511017 ^ clkbuf_0_clk/I (gf180mcu_fd_sc_mcu7t5v0__clkbuf_16)
     8    0.212434    0.453941    0.580272   63.091286 ^ clkbuf_0_clk/Z (gf180mcu_fd_sc_mcu7t5v0__clkbuf_16)
                                                         clknet_0_clk (net)
                      0.454019    0.008860   63.100147 ^ clkbuf_3_7_0_clk/I (gf180mcu_fd_sc_mcu7t5v0__clkbuf_8)
     2    0.070570    0.340021    0.591065   63.691212 ^ clkbuf_3_7_0_clk/Z (gf180mcu_fd_sc_mcu7t5v0__clkbuf_8)
                                                         clknet_3_7_0_clk (net)
                      0.340024    0.002117   63.693329 ^ clkbuf_4_14__f_clk/I (gf180mcu_fd_sc_mcu7t5v0__clkbuf_16)
     5    0.087740    0.261963    0.520409   64.213737 ^ clkbuf_4_14__f_clk/Z (gf180mcu_fd_sc_mcu7t5v0__clkbuf_16)
                                                         clknet_4_14__leaf_clk (net)
                      0.261964    0.001101   64.214836 ^ clkbuf_leaf_30_clk/I (gf180mcu_fd_sc_mcu7t5v0__clkbuf_8)
    18    0.098463    0.425404    0.603947   64.818787 ^ clkbuf_leaf_30_clk/Z (gf180mcu_fd_sc_mcu7t5v0__clkbuf_8)
                                                         clknet_leaf_30_clk (net)
                      0.425409    0.002274   64.821060 ^ _14601_/CLK (gf180mcu_fd_sc_mcu7t5v0__dffrnq_1)
                                 -0.250000   64.571060   clock uncertainty
                                  0.000000   64.571060   clock reconvergence pessimism
                                  0.190455   64.761520   library recovery time
                                             64.761520   data required time
---------------------------------------------------------------------------------------------
                                             64.761520   data required time
                                            -20.781492   data arrival time
---------------------------------------------------------------------------------------------
                                             43.980026   slack (MET)


Startpoint: _14873_ (rising edge-triggered flip-flop clocked by clk)
Endpoint: _14893_ (rising edge-triggered flip-flop clocked by clk)
Path Group: clk
Path Type: max

Fanout         Cap        Slew       Delay        Time   Description
---------------------------------------------------------------------------------------------
                                  0.000000    0.000000   clock clk (rise edge)
                                  0.000000    0.000000   clock source latency
     2    0.094134    0.000000    0.000000    0.000000 ^ clk (in)
                                                         clk (net)
                      0.026928    0.011014    0.011014 ^ clkbuf_0_clk/I (gf180mcu_fd_sc_mcu7t5v0__clkbuf_16)
     8    0.212434    0.453941    0.580274    0.591288 ^ clkbuf_0_clk/Z (gf180mcu_fd_sc_mcu7t5v0__clkbuf_16)
                                                         clknet_0_clk (net)
                      0.454019    0.008859    0.600147 ^ clkbuf_3_7_0_clk/I (gf180mcu_fd_sc_mcu7t5v0__clkbuf_8)
     2    0.070570    0.340021    0.591066    1.191213 ^ clkbuf_3_7_0_clk/Z (gf180mcu_fd_sc_mcu7t5v0__clkbuf_8)
                                                         clknet_3_7_0_clk (net)
                      0.340024    0.002115    1.193328 ^ clkbuf_4_14__f_clk/I (gf180mcu_fd_sc_mcu7t5v0__clkbuf_16)
     5    0.087740    0.261963    0.520412    1.713740 ^ clkbuf_4_14__f_clk/Z (gf180mcu_fd_sc_mcu7t5v0__clkbuf_16)
                                                         clknet_4_14__leaf_clk (net)
                      0.261964    0.001184    1.714924 ^ clkbuf_leaf_56_clk/I (gf180mcu_fd_sc_mcu7t5v0__clkbuf_8)
     7    0.112210    0.468911    0.632054    2.346978 ^ clkbuf_leaf_56_clk/Z (gf180mcu_fd_sc_mcu7t5v0__clkbuf_8)
                                                         clknet_leaf_56_clk (net)
                      0.468911    0.000274    2.347252 ^ _14873_/CLK (gf180mcu_fd_sc_mcu7t5v0__dffrnq_1)
     3    0.016234    0.360357    1.487204    3.834456 v _14873_/Q (gf180mcu_fd_sc_mcu7t5v0__dffrnq_1)
                                                         fir_inst.control.cnt[0] (net)
                      0.360357    0.000117    3.834574 v max_length365/I (gf180mcu_fd_sc_mcu7t5v0__buf_2)
     1    0.006889    0.151562    0.413765    4.248339 v max_length365/Z (gf180mcu_fd_sc_mcu7t5v0__buf_2)
                                                         net365 (net)
                      0.151562    0.000150    4.248489 v wire864/I (gf180mcu_fd_sc_mcu7t5v0__clkbuf_1)
     1    0.038668    1.070096    0.896364    5.144853 v wire864/Z (gf180mcu_fd_sc_mcu7t5v0__clkbuf_1)
                                                         net863 (net)
                      1.070113    0.002483    5.147336 v fanout359/I (gf180mcu_fd_sc_mcu7t5v0__dlyb_1)
     5    0.075480    1.420087    3.087254    8.234591 v fanout359/Z (gf180mcu_fd_sc_mcu7t5v0__dlyb_1)
                                                         net359 (net)
                      1.420087    0.001368    8.235958 v fanout355/I (gf180mcu_fd_sc_mcu7t5v0__dlyb_1)
    10    0.100349    1.778277    3.466230   11.702188 v fanout355/Z (gf180mcu_fd_sc_mcu7t5v0__dlyb_1)
                                                         net355 (net)
                      1.778315    0.004659   11.706847 v fanout353/I (gf180mcu_fd_sc_mcu7t5v0__dlyb_1)
    10    0.106102    1.864033    3.646237   15.353085 v fanout353/Z (gf180mcu_fd_sc_mcu7t5v0__dlyb_1)
                                                         net353 (net)
                      1.864033    0.001037   15.354122 v _06842_/I (gf180mcu_fd_sc_mcu7t5v0__clkinv_1)
     3    0.016793    0.835681    0.792909   16.147032 ^ _06842_/ZN (gf180mcu_fd_sc_mcu7t5v0__clkinv_1)
                                                         _01305_ (net)
                      0.835681    0.000322   16.147352 ^ _06855_/A2 (gf180mcu_fd_sc_mcu7t5v0__nand2_1)
     5    0.055753    1.530632    1.047781   17.195133 v _06855_/ZN (gf180mcu_fd_sc_mcu7t5v0__nand2_1)
                                                         _01318_ (net)
                      1.530637    0.001590   17.196722 v _06856_/I (gf180mcu_fd_sc_mcu7t5v0__buf_1)
    10    0.099696    1.644517    1.811289   19.008011 v _06856_/Z (gf180mcu_fd_sc_mcu7t5v0__buf_1)
                                                         _01319_ (net)
                      1.644517    0.000634   19.008646 v _06857_/I (gf180mcu_fd_sc_mcu7t5v0__buf_1)
    10    0.090675    1.503199    1.755167   20.763813 v _06857_/Z (gf180mcu_fd_sc_mcu7t5v0__buf_1)
                                                         _01320_ (net)
                      1.503206    0.001855   20.765667 v _07047_/A2 (gf180mcu_fd_sc_mcu7t5v0__aoi21_1)
     4    0.034645    2.309475    1.685605   22.451271 ^ _07047_/ZN (gf180mcu_fd_sc_mcu7t5v0__aoi21_1)
                                                         _01509_ (net)
                      2.309475    0.000520   22.451792 ^ _07048_/I (gf180mcu_fd_sc_mcu7t5v0__buf_2)
     3    0.038540    0.605537    0.709088   23.160881 ^ _07048_/Z (gf180mcu_fd_sc_mcu7t5v0__buf_2)
                                                         _01510_ (net)
                      0.605538    0.001283   23.162163 ^ wire703/I (gf180mcu_fd_sc_mcu7t5v0__buf_2)
     8    0.082228    1.178024    0.972477   24.134640 ^ wire703/Z (gf180mcu_fd_sc_mcu7t5v0__buf_2)
                                                         net702 (net)
                      1.178052    0.003251   24.137890 ^ _07049_/I (gf180mcu_fd_sc_mcu7t5v0__buf_2)
     5    0.057735    0.851584    0.827026   24.964916 ^ _07049_/Z (gf180mcu_fd_sc_mcu7t5v0__buf_2)
                                                         _01511_ (net)
                      0.851584    0.000799   24.965715 ^ _07125_/I (gf180mcu_fd_sc_mcu7t5v0__buf_1)
     1    0.018517    0.603474    0.689335   25.655050 ^ _07125_/Z (gf180mcu_fd_sc_mcu7t5v0__buf_1)
                                                         _01586_ (net)
                      0.603474    0.000885   25.655935 ^ wire684/I (gf180mcu_fd_sc_mcu7t5v0__buf_2)
     7    0.069759    1.009615    0.876359   26.532293 ^ wire684/Z (gf180mcu_fd_sc_mcu7t5v0__buf_2)
                                                         net683 (net)
                      1.009689    0.004803   26.537096 ^ _07389_/I (gf180mcu_fd_sc_mcu7t5v0__buf_1)
     6    0.054443    1.570940    1.259018   27.796114 ^ _07389_/Z (gf180mcu_fd_sc_mcu7t5v0__buf_1)
                                                         _01846_ (net)
                      1.570940    0.001005   27.797119 ^ wire679/I (gf180mcu_fd_sc_mcu7t5v0__buf_2)
     5    0.061860    0.907620    0.872994   28.670115 ^ wire679/Z (gf180mcu_fd_sc_mcu7t5v0__buf_2)
                                                         net678 (net)
                      0.907686    0.004297   28.674412 ^ _07392_/B1 (gf180mcu_fd_sc_mcu7t5v0__aoi222_1)
     1    0.016838    1.205282    0.685274   29.359686 v _07392_/ZN (gf180mcu_fd_sc_mcu7t5v0__aoi222_1)
                                                         _01849_ (net)
                      1.205282    0.000753   29.360439 v _07395_/I0 (gf180mcu_fd_sc_mcu7t5v0__mux2_2)
     1    0.006733    0.280519    0.875010   30.235449 v _07395_/Z (gf180mcu_fd_sc_mcu7t5v0__mux2_2)
                                                         _01852_ (net)
                      0.280519    0.000139   30.235588 v _07403_/A2 (gf180mcu_fd_sc_mcu7t5v0__aoi211_1)
     1    0.013745    1.756015    0.981039   31.216627 ^ _07403_/ZN (gf180mcu_fd_sc_mcu7t5v0__aoi211_1)
                                                         _01860_ (net)
                      1.756015    0.000430   31.217056 ^ _07404_/B (gf180mcu_fd_sc_mcu7t5v0__aoi21_1)
     3    0.042017    1.465052    1.238803   32.455860 v _07404_/ZN (gf180mcu_fd_sc_mcu7t5v0__aoi21_1)
                                                         _01861_ (net)
                      1.465053    0.002508   32.458366 v _07444_/A1 (gf180mcu_fd_sc_mcu7t5v0__and2_1)
     1    0.005415    0.247595    0.795424   33.253792 v _07444_/Z (gf180mcu_fd_sc_mcu7t5v0__and2_1)
                                                         _01900_ (net)
                      0.247595    0.000060   33.253853 v _07446_/A3 (gf180mcu_fd_sc_mcu7t5v0__oai31_1)
     2    0.012159    1.723968    1.173746   34.427597 ^ _07446_/ZN (gf180mcu_fd_sc_mcu7t5v0__oai31_1)
                                                         _01902_ (net)
                      1.723968    0.000124   34.427723 ^ _07521_/A1 (gf180mcu_fd_sc_mcu7t5v0__aoi21_1)
     2    0.014096    0.759617    0.518227   34.945950 v _07521_/ZN (gf180mcu_fd_sc_mcu7t5v0__aoi21_1)
                                                         _01976_ (net)
                      0.759617    0.000263   34.946213 v _07584_/A1 (gf180mcu_fd_sc_mcu7t5v0__oai21_1)
     3    0.019151    1.302910    0.954838   35.901051 ^ _07584_/ZN (gf180mcu_fd_sc_mcu7t5v0__oai21_1)
                                                         _02038_ (net)
                      1.302910    0.000178   35.901226 ^ _07706_/A1 (gf180mcu_fd_sc_mcu7t5v0__oai221_1)
     1    0.004193    0.648992    0.484583   36.385811 v _07706_/ZN (gf180mcu_fd_sc_mcu7t5v0__oai221_1)
                                                         _02158_ (net)
                      0.648992    0.000082   36.385891 v _07708_/A1 (gf180mcu_fd_sc_mcu7t5v0__and2_1)
     3    0.018796    0.409081    0.754046   37.139938 v _07708_/Z (gf180mcu_fd_sc_mcu7t5v0__and2_1)
                                                         _02160_ (net)
                      0.409081    0.000131   37.140068 v _07829_/A1 (gf180mcu_fd_sc_mcu7t5v0__oai211_1)
     1    0.005392    0.747106    0.489180   37.629250 ^ _07829_/ZN (gf180mcu_fd_sc_mcu7t5v0__oai211_1)
                                                         _02279_ (net)
                      0.747106    0.000053   37.629303 ^ _07830_/B (gf180mcu_fd_sc_mcu7t5v0__oai21_1)
     2    0.014413    0.875119    0.508749   38.138054 v _07830_/ZN (gf180mcu_fd_sc_mcu7t5v0__oai21_1)
                                                         _02280_ (net)
                      0.875119    0.000369   38.138420 v _07887_/A1 (gf180mcu_fd_sc_mcu7t5v0__oai21_1)
     3    0.022483    1.482872    1.088413   39.226833 ^ _07887_/ZN (gf180mcu_fd_sc_mcu7t5v0__oai21_1)
                                                         _02336_ (net)
                      1.482872    0.000355   39.227188 ^ _07937_/A1 (gf180mcu_fd_sc_mcu7t5v0__xor2_1)
     1    0.005885    0.702099    0.832788   40.059978 ^ _07937_/Z (gf180mcu_fd_sc_mcu7t5v0__xor2_1)
                                                         _02386_ (net)
                      0.702099    0.000131   40.060108 ^ _07938_/I (gf180mcu_fd_sc_mcu7t5v0__buf_1)
     1    0.003497    0.219893    0.439961   40.500069 ^ _07938_/Z (gf180mcu_fd_sc_mcu7t5v0__buf_1)
                                                         fir_inst.delay_line.sample_o[15] (net)
                      0.219893    0.000064   40.500134 ^ _14893_/D (gf180mcu_fd_sc_mcu7t5v0__dffrnq_1)
                                             40.500134   data arrival time

                                 62.500000   62.500000   clock clk (rise edge)
                                  0.000000   62.500000   clock source latency
     2    0.094134    0.000000    0.000000   62.500000 ^ clk (in)
                                                         clk (net)
                      0.026928    0.011013   62.511017 ^ clkbuf_0_clk/I (gf180mcu_fd_sc_mcu7t5v0__clkbuf_16)
     8    0.212434    0.453941    0.580272   63.091286 ^ clkbuf_0_clk/Z (gf180mcu_fd_sc_mcu7t5v0__clkbuf_16)
                                                         clknet_0_clk (net)
                      0.453978    0.006175   63.097462 ^ clkbuf_3_6_0_clk/I (gf180mcu_fd_sc_mcu7t5v0__clkbuf_8)
     2    0.074349    0.351727    0.598696   63.696159 ^ clkbuf_3_6_0_clk/Z (gf180mcu_fd_sc_mcu7t5v0__clkbuf_8)
                                                         clknet_3_6_0_clk (net)
                      0.351729    0.001904   63.698063 ^ clkbuf_4_12__f_clk/I (gf180mcu_fd_sc_mcu7t5v0__clkbuf_16)
     5    0.092569    0.269262    0.528750   64.226814 ^ clkbuf_4_12__f_clk/Z (gf180mcu_fd_sc_mcu7t5v0__clkbuf_16)
                                                         clknet_4_12__leaf_clk (net)
                      0.269264    0.001378   64.228188 ^ clkbuf_leaf_28_clk/I (gf180mcu_fd_sc_mcu7t5v0__clkbuf_8)
    17    0.096634    0.419701    0.601851   64.830040 ^ clkbuf_leaf_28_clk/Z (gf180mcu_fd_sc_mcu7t5v0__clkbuf_8)
                                                         clknet_leaf_28_clk (net)
                      0.419706    0.002373   64.832413 ^ _14893_/CLK (gf180mcu_fd_sc_mcu7t5v0__dffrnq_1)
                                 -0.250000   64.582420   clock uncertainty
                                  0.000000   64.582420   clock reconvergence pessimism
                                 -0.546546   64.035873   library setup time
                                             64.035873   data required time
---------------------------------------------------------------------------------------------
                                             64.035873   data required time
                                            -40.500134   data arrival time
---------------------------------------------------------------------------------------------
                                             23.535742   slack (MET)




===========================================================================
report_checks --slack_max -0.01
============================================================================
======================= nom_ss_125C_4v50 Corner ===================================

No paths found.


===========================================================================
 report_check_types -max_slew -max_cap -max_fanout -violators
============================================================================
======================= nom_ss_125C_4v50 Corner ===================================

max slew

Pin                                        Limit        Slew       Slack
------------------------------------------------------------------------
_07244_/ZN                              2.500000    4.290640   -1.790640 (VIOLATED)
_07245_/A2                              2.500000    4.290640   -1.790640 (VIOLATED)
_07104_/ZN                              2.500000    3.960031   -1.460031 (VIOLATED)
_07105_/A2                              2.500000    3.960031   -1.460031 (VIOLATED)
_07174_/A2                              2.500000    3.960031   -1.460031 (VIOLATED)
_08064_/ZN                              2.500000    3.762250   -1.262250 (VIOLATED)
_08069_/I3                              2.500000    3.762250   -1.262250 (VIOLATED)
_06866_/I                               2.500000    3.724426   -1.224425 (VIOLATED)
_07203_/C                               2.500000    3.724425   -1.224425 (VIOLATED)
_07409_/A1                              2.500000    3.724425   -1.224425 (VIOLATED)
_06863_/C                               2.500000    3.724423   -1.224423 (VIOLATED)
_07223_/B2                              2.500000    3.724424   -1.224424 (VIOLATED)
_07355_/B2                              2.500000    3.724423   -1.224423 (VIOLATED)
_07413_/B2                              2.500000    3.724422   -1.224422 (VIOLATED)
_07344_/B                               2.500000    3.724421   -1.224420 (VIOLATED)
_06862_/Z                               2.500000    3.724408   -1.224408 (VIOLATED)
_06874_/A1                              2.500000    3.724408   -1.224408 (VIOLATED)
_06958_/A1                              2.500000    3.724408   -1.224408 (VIOLATED)
_07171_/ZN                              2.500000    3.643788   -1.143788 (VIOLATED)
_07172_/A2                              2.500000    3.643788   -1.143788 (VIOLATED)
_08091_/ZN                              2.500000    3.594429   -1.094429 (VIOLATED)
_08092_/I3                              2.500000    3.594429   -1.094429 (VIOLATED)
_09725_/ZN                              2.500000    3.582320   -1.082320 (VIOLATED)
_09726_/A2                              2.500000    3.582320   -1.082320 (VIOLATED)
_13301_/A2                              2.500000    3.582320   -1.082320 (VIOLATED)
_10021_/A2                              2.500000    3.579984   -1.079984 (VIOLATED)
_10116_/A2                              2.500000    3.579984   -1.079984 (VIOLATED)
_10247_/A2                              2.500000    3.579983   -1.079982 (VIOLATED)
_10583_/A2                              2.500000    3.579982   -1.079981 (VIOLATED)
_10080_/A2                              2.500000    3.579980   -1.079980 (VIOLATED)
_10347_/A2                              2.500000    3.579974   -1.079974 (VIOLATED)
_10018_/Z                               2.500000    3.579960   -1.079960 (VIOLATED)
_10019_/A2                              2.500000    3.579960   -1.079960 (VIOLATED)
_10023_/A2                              2.500000    3.579960   -1.079960 (VIOLATED)
_10095_/A2                              2.500000    3.579960   -1.079960 (VIOLATED)
_10482_/A2                              2.500000    3.579960   -1.079960 (VIOLATED)
_07923_/B2                              2.500000    3.495901   -0.995901 (VIOLATED)
_07812_/B2                              2.500000    3.495899   -0.995899 (VIOLATED)
_07850_/B2                              2.500000    3.495900   -0.995900 (VIOLATED)
_07756_/B2                              2.500000    3.495896   -0.995896 (VIOLATED)
_07687_/B2                              2.500000    3.495891   -0.995891 (VIOLATED)
_07420_/B2                              2.500000    3.495882   -0.995882 (VIOLATED)
_07624_/B2                              2.500000    3.495878   -0.995878 (VIOLATED)
_07539_/B                               2.500000    3.495876   -0.995876 (VIOLATED)
_06866_/Z                               2.500000    3.495862   -0.995862 (VIOLATED)
_06876_/A1                              2.500000    3.495862   -0.995862 (VIOLATED)
_07491_/A2                              2.500000    3.495862   -0.995862 (VIOLATED)
_06870_/ZN                              2.500000    3.495494   -0.995494 (VIOLATED)
_06871_/C                               2.500000    3.495494   -0.995494 (VIOLATED)
_06881_/A2                              2.500000    3.495494   -0.995494 (VIOLATED)
_06947_/A2                              2.500000    3.495494   -0.995494 (VIOLATED)
_06957_/A1                              2.500000    3.495494   -0.995494 (VIOLATED)
_07046_/I                               2.500000    3.495494   -0.995494 (VIOLATED)
_07267_/A1                              2.500000    3.495494   -0.995494 (VIOLATED)
_08140_/ZN                              2.500000    3.380460   -0.880459 (VIOLATED)
_08141_/I3                              2.500000    3.380460   -0.880459 (VIOLATED)
_08086_/ZN                              2.500000    3.345087   -0.845087 (VIOLATED)
_08092_/I2                              2.500000    3.345087   -0.845087 (VIOLATED)
_13066_/A1                              2.500000    3.343211   -0.843211 (VIOLATED)
_13068_/A1                              2.500000    3.343211   -0.843211 (VIOLATED)
_12932_/B1                              2.500000    3.343210   -0.843210 (VIOLATED)
_12934_/A2                              2.500000    3.343209   -0.843209 (VIOLATED)
_12933_/A2                              2.500000    3.343208   -0.843208 (VIOLATED)
_12998_/A3                              2.500000    3.343207   -0.843207 (VIOLATED)
_12807_/A2                              2.500000    3.343205   -0.843205 (VIOLATED)
_12808_/A2                              2.500000    3.343204   -0.843204 (VIOLATED)
_12702_/I                               2.500000    3.343192   -0.843192 (VIOLATED)
_12878_/A2                              2.500000    3.343192   -0.843192 (VIOLATED)
fanout281/Z                             2.500000    3.343192   -0.843192 (VIOLATED)
_10255_/A2                              2.500000    3.318384   -0.818384 (VIOLATED)
_10253_/A2                              2.500000    3.318382   -0.818381 (VIOLATED)
_10082_/A2                              2.500000    3.318372   -0.818372 (VIOLATED)
_10213_/A2                              2.500000    3.318368   -0.818368 (VIOLATED)
_10012_/A2                              2.500000    3.318362   -0.818362 (VIOLATED)
_10046_/A2                              2.500000    3.318362   -0.818362 (VIOLATED)
_10011_/Z                               2.500000    3.318348   -0.818348 (VIOLATED)
_10061_/A2                              2.500000    3.318348   -0.818348 (VIOLATED)
_10249_/A2                              2.500000    3.318348   -0.818348 (VIOLATED)
_10313_/A2                              2.500000    3.318348   -0.818348 (VIOLATED)
_10449_/A2                              2.500000    3.318348   -0.818348 (VIOLATED)
_07092_/A2                              2.500000    3.278151   -0.778151 (VIOLATED)
_07152_/B2                              2.500000    3.278148   -0.778148 (VIOLATED)
_07226_/B2                              2.500000    3.278147   -0.778147 (VIOLATED)
_07348_/B2                              2.500000    3.278148   -0.778148 (VIOLATED)
_07074_/A1                              2.500000    3.278141   -0.778141 (VIOLATED)
_06823_/Z                               2.500000    3.278124   -0.778124 (VIOLATED)
_06827_/A1                              2.500000    3.278124   -0.778124 (VIOLATED)
_06957_/C                               2.500000    3.278124   -0.778124 (VIOLATED)
_06993_/B2                              2.500000    3.278124   -0.778124 (VIOLATED)
_07041_/I                               2.500000    3.278124   -0.778124 (VIOLATED)
_07503_/A1                              2.500000    3.278124   -0.778124 (VIOLATED)
_14396_/RN                              2.500000    3.252035   -0.752035 (VIOLATED)
_14411_/RN                              2.500000    3.252034   -0.752034 (VIOLATED)
_14315_/RN                              2.500000    3.252030   -0.752030 (VIOLATED)
_14348_/RN                              2.500000    3.252030   -0.752030 (VIOLATED)
_14268_/RN                              2.500000    3.252028   -0.752028 (VIOLATED)
_14362_/RN                              2.500000    3.252027   -0.752027 (VIOLATED)
_14378_/RN                              2.500000    3.252020   -0.752020 (VIOLATED)
_14266_/RN                              2.500000    3.252017   -0.752017 (VIOLATED)
_14346_/RN                              2.500000    3.252017   -0.752017 (VIOLATED)
fanout488/I                             2.500000    3.252006   -0.752006 (VIOLATED)
fanout489/Z                             2.500000    3.252006   -0.752006 (VIOLATED)
_07764_/A2                              2.500000    3.185208   -0.685208 (VIOLATED)
_07760_/A2                              2.500000    3.185207   -0.685207 (VIOLATED)
_07691_/A2                              2.500000    3.185203   -0.685203 (VIOLATED)
_07684_/A2                              2.500000    3.185200   -0.685200 (VIOLATED)
_07749_/I                               2.500000    3.185198   -0.685198 (VIOLATED)
_07184_/Z                               2.500000    3.185182   -0.685182 (VIOLATED)
_07191_/A2                              2.500000    3.185182   -0.685182 (VIOLATED)
_07195_/A2                              2.500000    3.185182   -0.685182 (VIOLATED)
_07453_/A2                              2.500000    3.185182   -0.685182 (VIOLATED)
_07457_/A2                              2.500000    3.185182   -0.685182 (VIOLATED)
_07695_/A2                              2.500000    3.185182   -0.685182 (VIOLATED)
_09208_/I                               2.500000    3.171214   -0.671214 (VIOLATED)
_09571_/A1                              2.500000    3.171210   -0.671210 (VIOLATED)
_09155_/A2                              2.500000    3.171206   -0.671206 (VIOLATED)
_09153_/Z                               2.500000    3.171195   -0.671195 (VIOLATED)
_09608_/A1                              2.500000    3.171195   -0.671195 (VIOLATED)
_09643_/A1                              2.500000    3.171195   -0.671195 (VIOLATED)
_09678_/A1                              2.500000    3.171195   -0.671195 (VIOLATED)
_09713_/A1                              2.500000    3.171195   -0.671195 (VIOLATED)
_13307_/A1                              2.500000    3.171195   -0.671195 (VIOLATED)
_13319_/A1                              2.500000    3.171195   -0.671195 (VIOLATED)
_07047_/B                               2.500000    3.166555   -0.666555 (VIOLATED)
_06833_/A2                              2.500000    3.166552   -0.666552 (VIOLATED)
_07022_/A3                              2.500000    3.166551   -0.666551 (VIOLATED)
_07295_/B2                              2.500000    3.166551   -0.666551 (VIOLATED)
_06925_/A1                              2.500000    3.166548   -0.666548 (VIOLATED)
_06822_/ZN                              2.500000    3.166538   -0.666538 (VIOLATED)
_06823_/I                               2.500000    3.166538   -0.666538 (VIOLATED)
_06870_/A1                              2.500000    3.166538   -0.666538 (VIOLATED)
_06904_/B2                              2.500000    3.166538   -0.666538 (VIOLATED)
_07392_/A2                              2.500000    3.136526   -0.636526 (VIOLATED)
_07523_/I                               2.500000    3.136526   -0.636526 (VIOLATED)
_07530_/A2                              2.500000    3.136525   -0.636525 (VIOLATED)
_07398_/A2                              2.500000    3.136524   -0.636524 (VIOLATED)
_07394_/A2                              2.500000    3.136519   -0.636519 (VIOLATED)
_07527_/A2                              2.500000    3.136520   -0.636520 (VIOLATED)
_07121_/Z                               2.500000    3.136505   -0.636505 (VIOLATED)
_07124_/A2                              2.500000    3.136505   -0.636505 (VIOLATED)
_07127_/A2                              2.500000    3.136505   -0.636505 (VIOLATED)
_07198_/A2                              2.500000    3.136505   -0.636505 (VIOLATED)
_07462_/A2                              2.500000    3.136505   -0.636505 (VIOLATED)
_07615_/A1                              2.500000    3.133227   -0.633227 (VIOLATED)
_07608_/C                               2.500000    3.133225   -0.633225 (VIOLATED)
_07544_/C                               2.500000    3.133222   -0.633222 (VIOLATED)
_07553_/A1                              2.500000    3.133219   -0.633219 (VIOLATED)
_07665_/I                               2.500000    3.133217   -0.633217 (VIOLATED)
_07671_/A2                              2.500000    3.133216   -0.633216 (VIOLATED)
_07543_/Z                               2.500000    3.133205   -0.633205 (VIOLATED)
_07674_/A2                              2.500000    3.133205   -0.633205 (VIOLATED)
_07740_/A2                              2.500000    3.133205   -0.633205 (VIOLATED)
_07743_/A2                              2.500000    3.133205   -0.633205 (VIOLATED)
_07800_/A2                              2.500000    3.133205   -0.633205 (VIOLATED)
_07542_/A1                              2.500000    3.129415   -0.629415 (VIOLATED)
_07544_/A1                              2.500000    3.129415   -0.629415 (VIOLATED)
_07548_/S                               2.500000    3.129415   -0.629415 (VIOLATED)
_07602_/A1                              2.500000    3.129415   -0.629415 (VIOLATED)
_07605_/C                               2.500000    3.129415   -0.629415 (VIOLATED)
_07610_/S                               2.500000    3.129415   -0.629415 (VIOLATED)
_07613_/A2                              2.500000    3.129415   -0.629415 (VIOLATED)
_07614_/A2                              2.500000    3.129415   -0.629415 (VIOLATED)
_07668_/S                               2.500000    3.129415   -0.629415 (VIOLATED)
_07737_/S                               2.500000    3.129415   -0.629415 (VIOLATED)
fanout356/Z                             2.500000    3.129415   -0.629415 (VIOLATED)
_09217_/Z                               2.500000    3.128336   -0.628336 (VIOLATED)
_09219_/A1                              2.500000    3.128336   -0.628336 (VIOLATED)
_09257_/A1                              2.500000    3.128336   -0.628336 (VIOLATED)
_09293_/A1                              2.500000    3.128336   -0.628336 (VIOLATED)
_09330_/A1                              2.500000    3.128336   -0.628336 (VIOLATED)
_09365_/A1                              2.500000    3.128336   -0.628336 (VIOLATED)
_09400_/A1                              2.500000    3.128336   -0.628336 (VIOLATED)
_09435_/A1                              2.500000    3.128336   -0.628336 (VIOLATED)
_09472_/A1                              2.500000    3.128336   -0.628336 (VIOLATED)
_09507_/A1                              2.500000    3.128336   -0.628336 (VIOLATED)
_09542_/A1                              2.500000    3.128336   -0.628336 (VIOLATED)
_07883_/A2                              2.500000    3.111833   -0.611833 (VIOLATED)
_07885_/A1                              2.500000    3.111833   -0.611833 (VIOLATED)
_07886_/A1                              2.500000    3.111833   -0.611833 (VIOLATED)
_07843_/ZN                              2.500000    3.111831   -0.611831 (VIOLATED)
_06917_/ZN                              2.500000    3.106077   -0.606077 (VIOLATED)
_06941_/A2                              2.500000    3.106077   -0.606077 (VIOLATED)
_07035_/A2                              2.500000    3.106077   -0.606077 (VIOLATED)
_07109_/A2                              2.500000    3.106077   -0.606077 (VIOLATED)
_06900_/ZN                              2.500000    3.101314   -0.601314 (VIOLATED)
_06902_/A2                              2.500000    3.101314   -0.601314 (VIOLATED)
_07072_/A2                              2.500000    3.101314   -0.601314 (VIOLATED)
_07151_/A2                              2.500000    3.101314   -0.601314 (VIOLATED)
_07225_/A2                              2.500000    3.101314   -0.601314 (VIOLATED)
_07294_/A2                              2.500000    3.101314   -0.601314 (VIOLATED)
_07346_/I                               2.500000    3.101314   -0.601314 (VIOLATED)
_07088_/B                               2.500000    3.100885   -0.600885 (VIOLATED)
_07084_/I                               2.500000    3.100882   -0.600882 (VIOLATED)
_07095_/B1                              2.500000    3.100881   -0.600881 (VIOLATED)
_07100_/B                               2.500000    3.100878   -0.600878 (VIOLATED)
_06928_/B                               2.500000    3.100869   -0.600869 (VIOLATED)
_06922_/A2                              2.500000    3.100863   -0.600863 (VIOLATED)
_06936_/B1                              2.500000    3.100855   -0.600855 (VIOLATED)
_07010_/B1                              2.500000    3.100846   -0.600846 (VIOLATED)
_06920_/ZN                              2.500000    3.100836   -0.600836 (VIOLATED)
_06837_/A1                              2.500000    3.092030   -0.592030 (VIOLATED)
_06886_/A1                              2.500000    3.092031   -0.592031 (VIOLATED)
_07099_/A1                              2.500000    3.092030   -0.592030 (VIOLATED)
_06859_/I                               2.500000    3.092006   -0.592006 (VIOLATED)
_06921_/A1                              2.500000    3.092007   -0.592007 (VIOLATED)
_08027_/A1                              2.500000    3.092006   -0.592006 (VIOLATED)
_08065_/B                               2.500000    3.092002   -0.592002 (VIOLATED)
_06920_/A1                              2.500000    3.091977   -0.591977 (VIOLATED)
_07005_/A1                              2.500000    3.091977   -0.591977 (VIOLATED)
_06877_/A1                              2.500000    3.091944   -0.591943 (VIOLATED)
fanout576/Z                             2.500000    3.091944   -0.591943 (VIOLATED)
_11963_/A1                              2.500000    3.090523   -0.590523 (VIOLATED)
_11965_/A1                              2.500000    3.090524   -0.590524 (VIOLATED)
_11836_/A1                              2.500000    3.090519   -0.590519 (VIOLATED)
_11838_/A1                              2.500000    3.090519   -0.590519 (VIOLATED)
_11514_/ZN                              2.500000    3.090505   -0.590505 (VIOLATED)
_11515_/A1                              2.500000    3.090505   -0.590505 (VIOLATED)
_11575_/B2                              2.500000    3.090505   -0.590505 (VIOLATED)
_11681_/A1                              2.500000    3.090505   -0.590505 (VIOLATED)
_11682_/A1                              2.500000    3.090505   -0.590505 (VIOLATED)
_12112_/A1                              2.500000    3.090505   -0.590505 (VIOLATED)
_12416_/A1                              2.500000    3.090505   -0.590505 (VIOLATED)
_14564_/RN                              2.500000    3.088421   -0.588421 (VIOLATED)
_14502_/RN                              2.500000    3.088419   -0.588419 (VIOLATED)
_14843_/RN                              2.500000    3.088419   -0.588419 (VIOLATED)
_14518_/RN                              2.500000    3.088417   -0.588417 (VIOLATED)
_14874_/RN                              2.500000    3.088413   -0.588413 (VIOLATED)
_14875_/RN                              2.500000    3.088406   -0.588406 (VIOLATED)
_14877_/RN                              2.500000    3.088384   -0.588384 (VIOLATED)
_14644_/RN                              2.500000    3.088375   -0.588374 (VIOLATED)
_14844_/RN                              2.500000    3.088357   -0.588357 (VIOLATED)
fanout500/I                             2.500000    3.088357   -0.588357 (VIOLATED)
fanout501/Z                             2.500000    3.088357   -0.588357 (VIOLATED)
_06827_/ZN                              2.500000    3.069801   -0.569800 (VIOLATED)
_06884_/C                               2.500000    3.069801   -0.569800 (VIOLATED)
_06885_/A2                              2.500000    3.069801   -0.569800 (VIOLATED)
_06972_/S                               2.500000    3.069801   -0.569800 (VIOLATED)
_07039_/A2                              2.500000    3.069801   -0.569800 (VIOLATED)
wire194/I                               2.500000    3.069801   -0.569800 (VIOLATED)
_14276_/RN                              2.500000    3.069115   -0.569115 (VIOLATED)
_14278_/RN                              2.500000    3.069113   -0.569113 (VIOLATED)
_14324_/RN                              2.500000    3.069112   -0.569111 (VIOLATED)
_14308_/RN                              2.500000    3.069109   -0.569109 (VIOLATED)
_14325_/RN                              2.500000    3.069108   -0.569108 (VIOLATED)
_14293_/RN                              2.500000    3.069106   -0.569106 (VIOLATED)
_14309_/RN                              2.500000    3.069106   -0.569106 (VIOLATED)
_14292_/RN                              2.500000    3.069104   -0.569104 (VIOLATED)
_14326_/RN                              2.500000    3.069084   -0.569084 (VIOLATED)
fanout496/I                             2.500000    3.069084   -0.569084 (VIOLATED)
fanout497/Z                             2.500000    3.069084   -0.569084 (VIOLATED)
_07677_/A1                              2.500000    3.065945   -0.565945 (VIOLATED)
_07422_/Z                               2.500000    3.065935   -0.565935 (VIOLATED)
_07426_/C                               2.500000    3.065935   -0.565935 (VIOLATED)
_07427_/A1                              2.500000    3.065935   -0.565935 (VIOLATED)
_07541_/A2                              2.500000    3.065935   -0.565935 (VIOLATED)
_07545_/S1                              2.500000    3.065935   -0.565935 (VIOLATED)
_07600_/S1                              2.500000    3.065935   -0.565935 (VIOLATED)
_07746_/A1                              2.500000    3.065935   -0.565935 (VIOLATED)
_07803_/A1                              2.500000    3.065935   -0.565935 (VIOLATED)
_07869_/A1                              2.500000    3.065935   -0.565935 (VIOLATED)
_07914_/A1                              2.500000    3.065935   -0.565935 (VIOLATED)
_11806_/A2                              2.500000    3.059127   -0.559127 (VIOLATED)
_11807_/A2                              2.500000    3.059127   -0.559127 (VIOLATED)
_11809_/A2                              2.500000    3.059127   -0.559127 (VIOLATED)
_11746_/A3                              2.500000    3.059122   -0.559122 (VIOLATED)
_11640_/A2                              2.500000    3.059118   -0.559118 (VIOLATED)
_11880_/A2                              2.500000    3.059108   -0.559108 (VIOLATED)
_11877_/A2                              2.500000    3.059108   -0.559107 (VIOLATED)
_11995_/A3                              2.500000    3.059108   -0.559108 (VIOLATED)
_12062_/I                               2.500000    3.059094   -0.559094 (VIOLATED)
_12065_/A2                              2.500000    3.059094   -0.559094 (VIOLATED)
fanout293/Z                             2.500000    3.059094   -0.559094 (VIOLATED)
_14162_/RN                              2.500000    3.053017   -0.553017 (VIOLATED)
_14197_/RN                              2.500000    3.053017   -0.553017 (VIOLATED)
_14213_/RN                              2.500000    3.053017   -0.553017 (VIOLATED)
_14229_/RN                              2.500000    3.053017   -0.553017 (VIOLATED)
_14245_/RN                              2.500000    3.053017   -0.553017 (VIOLATED)
_14261_/RN                              2.500000    3.053017   -0.553017 (VIOLATED)
_14865_/RN                              2.500000    3.053017   -0.553017 (VIOLATED)
_14878_/RN                              2.500000    3.053017   -0.553017 (VIOLATED)
_14879_/RN                              2.500000    3.053017   -0.553017 (VIOLATED)
_14883_/RN                              2.500000    3.053017   -0.553017 (VIOLATED)
fanout481/Z                             2.500000    3.053017   -0.553017 (VIOLATED)
_07243_/B                               2.500000    3.049810   -0.549810 (VIOLATED)
_07244_/A1                              2.500000    3.049810   -0.549810 (VIOLATED)
_07170_/B                               2.500000    3.049797   -0.549797 (VIOLATED)
_07171_/A1                              2.500000    3.049796   -0.549796 (VIOLATED)
fanout628/I                             2.500000    3.049793   -0.549793 (VIOLATED)
_07438_/A1                              2.500000    3.049791   -0.549791 (VIOLATED)
_07103_/B                               2.500000    3.049783   -0.549782 (VIOLATED)
_07104_/A1                              2.500000    3.049779   -0.549779 (VIOLATED)
_09727_/A1                              2.500000    3.049762   -0.549762 (VIOLATED)
fanout629/Z                             2.500000    3.049762   -0.549762 (VIOLATED)
_08117_/ZN                              2.500000    3.047585   -0.547584 (VIOLATED)
_08118_/I3                              2.500000    3.047585   -0.547584 (VIOLATED)
_09261_/A1                              2.500000    3.031192   -0.531192 (VIOLATED)
_09297_/A1                              2.500000    3.031189   -0.531189 (VIOLATED)
_09225_/A1                              2.500000    3.031184   -0.531184 (VIOLATED)
_09404_/A1                              2.500000    3.031178   -0.531178 (VIOLATED)
_09439_/A1                              2.500000    3.031177   -0.531177 (VIOLATED)
_09334_/A1                              2.500000    3.031177   -0.531176 (VIOLATED)
_09369_/A1                              2.500000    3.031174   -0.531174 (VIOLATED)
_09223_/Z                               2.500000    3.031163   -0.531163 (VIOLATED)
_09476_/A1                              2.500000    3.031163   -0.531163 (VIOLATED)
_09511_/A1                              2.500000    3.031163   -0.531163 (VIOLATED)
_09546_/A1                              2.500000    3.031163   -0.531163 (VIOLATED)
_14280_/RN                              2.500000    3.026406   -0.526406 (VIOLATED)
_14296_/RN                              2.500000    3.026406   -0.526406 (VIOLATED)
_14294_/RN                              2.500000    3.026404   -0.526404 (VIOLATED)
_14310_/RN                              2.500000    3.026401   -0.526401 (VIOLATED)
_14279_/RN                              2.500000    3.026390   -0.526390 (VIOLATED)
_14281_/RN                              2.500000    3.026390   -0.526390 (VIOLATED)
_14297_/RN                              2.500000    3.026390   -0.526390 (VIOLATED)
_14342_/RN                              2.500000    3.026390   -0.526390 (VIOLATED)
_14388_/RN                              2.500000    3.026390   -0.526390 (VIOLATED)
_14404_/RN                              2.500000    3.026390   -0.526390 (VIOLATED)
fanout496/Z                             2.500000    3.026390   -0.526390 (VIOLATED)
fanout507/I                             2.500000    3.007771   -0.507771 (VIOLATED)
_14351_/RN                              2.500000    3.007771   -0.507770 (VIOLATED)
_14367_/RN                              2.500000    3.007770   -0.507770 (VIOLATED)
_14383_/RN                              2.500000    3.007767   -0.507767 (VIOLATED)
_14399_/RN                              2.500000    3.007761   -0.507761 (VIOLATED)
_14274_/RN                              2.500000    3.007754   -0.507754 (VIOLATED)
_14207_/RN                              2.500000    3.007753   -0.507753 (VIOLATED)
_14223_/RN                              2.500000    3.007736   -0.507736 (VIOLATED)
_14239_/RN                              2.500000    3.007736   -0.507736 (VIOLATED)
fanout506/I                             2.500000    3.007736   -0.507736 (VIOLATED)
fanout508/Z                             2.500000    3.007736   -0.507736 (VIOLATED)
_09180_/A2                              2.500000    3.002826   -0.502826 (VIOLATED)
_13329_/A1                              2.500000    3.002817   -0.502817 (VIOLATED)
_13301_/A1                              2.500000    3.002814   -0.502814 (VIOLATED)
_09223_/I                               2.500000    3.002803   -0.502803 (VIOLATED)
_09581_/A1                              2.500000    3.002803   -0.502803 (VIOLATED)
_09618_/A1                              2.500000    3.002803   -0.502802 (VIOLATED)
_09653_/A1                              2.500000    3.002800   -0.502800 (VIOLATED)
_09724_/I                               2.500000    3.002797   -0.502797 (VIOLATED)
_09178_/Z                               2.500000    3.002786   -0.502786 (VIOLATED)
_09688_/A1                              2.500000    3.002786   -0.502786 (VIOLATED)
_09723_/A1                              2.500000    3.002786   -0.502786 (VIOLATED)
_10796_/Z                               2.500000    2.981609   -0.481609 (VIOLATED)
_10801_/A1                              2.500000    2.981609   -0.481609 (VIOLATED)
_10809_/B                               2.500000    2.981609   -0.481609 (VIOLATED)
_10815_/B                               2.500000    2.981609   -0.481609 (VIOLATED)
_10837_/A1                              2.500000    2.981609   -0.481609 (VIOLATED)
_10921_/A1                              2.500000    2.981609   -0.481609 (VIOLATED)
_10932_/A1                              2.500000    2.981609   -0.481609 (VIOLATED)
_10943_/A1                              2.500000    2.981609   -0.481609 (VIOLATED)
_11122_/A1                              2.500000    2.981609   -0.481609 (VIOLATED)
_11133_/A1                              2.500000    2.981609   -0.481609 (VIOLATED)
_11157_/A1                              2.500000    2.981609   -0.481609 (VIOLATED)
_14432_/RN                              2.500000    2.977089   -0.477089 (VIOLATED)
_14435_/RN                              2.500000    2.977087   -0.477087 (VIOLATED)
_14595_/RN                              2.500000    2.977084   -0.477084 (VIOLATED)
_14431_/RN                              2.500000    2.977074   -0.477074 (VIOLATED)
_14447_/RN                              2.500000    2.977074   -0.477074 (VIOLATED)
_14463_/RN                              2.500000    2.977074   -0.477074 (VIOLATED)
_14496_/RN                              2.500000    2.977074   -0.477074 (VIOLATED)
_14499_/RN                              2.500000    2.977074   -0.477074 (VIOLATED)
_14515_/RN                              2.500000    2.977074   -0.477074 (VIOLATED)
_14531_/RN                              2.500000    2.977074   -0.477074 (VIOLATED)
fanout549/Z                             2.500000    2.977074   -0.477074 (VIOLATED)
_09119_/ZN                              2.500000    2.976302   -0.476302 (VIOLATED)
_09120_/A3                              2.500000    2.976302   -0.476302 (VIOLATED)
_09298_/A2                              2.500000    2.976302   -0.476302 (VIOLATED)
_09440_/A2                              2.500000    2.976302   -0.476302 (VIOLATED)
_09582_/I                               2.500000    2.976302   -0.476302 (VIOLATED)
_06927_/A2                              2.500000    2.973977   -0.473977 (VIOLATED)
_06981_/A2                              2.500000    2.973977   -0.473977 (VIOLATED)
_06982_/A2                              2.500000    2.973976   -0.473976 (VIOLATED)
_06836_/A1                              2.500000    2.973976   -0.473976 (VIOLATED)
_06919_/S                               2.500000    2.973976   -0.473976 (VIOLATED)
_06984_/S                               2.500000    2.973975   -0.473975 (VIOLATED)
_06935_/S                               2.500000    2.973974   -0.473974 (VIOLATED)
_06842_/I                               2.500000    2.973963   -0.473964 (VIOLATED)
_06889_/A2                              2.500000    2.973963   -0.473964 (VIOLATED)
_06895_/A2                              2.500000    2.973963   -0.473964 (VIOLATED)
fanout353/Z                             2.500000    2.973963   -0.473964 (VIOLATED)
_13528_/ZN                              2.500000    2.966186   -0.466186 (VIOLATED)
_13529_/A2                              2.500000    2.966186   -0.466186 (VIOLATED)
_13619_/A2                              2.500000    2.966186   -0.466186 (VIOLATED)
_13624_/A2                              2.500000    2.966186   -0.466186 (VIOLATED)
max_cap196/I                            2.500000    2.966186   -0.466186 (VIOLATED)
_09396_/A1                              2.500000    2.965617   -0.465617 (VIOLATED)
_09431_/A1                              2.500000    2.965618   -0.465618 (VIOLATED)
_09326_/A1                              2.500000    2.965616   -0.465616 (VIOLATED)
_09361_/A1                              2.500000    2.965613   -0.465613 (VIOLATED)
_09503_/A1                              2.500000    2.965609   -0.465609 (VIOLATED)
_09468_/A1                              2.500000    2.965603   -0.465603 (VIOLATED)
_09538_/A1                              2.500000    2.965600   -0.465600 (VIOLATED)
_09211_/Z                               2.500000    2.965580   -0.465580 (VIOLATED)
_09213_/A1                              2.500000    2.965580   -0.465580 (VIOLATED)
_09253_/A1                              2.500000    2.965580   -0.465580 (VIOLATED)
_09289_/A1                              2.500000    2.965580   -0.465580 (VIOLATED)
_11336_/A1                              2.500000    2.959192   -0.459192 (VIOLATED)
_11273_/A1                              2.500000    2.959191   -0.459191 (VIOLATED)
_11363_/A1                              2.500000    2.959191   -0.459191 (VIOLATED)
_11429_/A1                              2.500000    2.959191   -0.459191 (VIOLATED)
_11269_/Z                               2.500000    2.959178   -0.459178 (VIOLATED)
_11456_/A1                              2.500000    2.959178   -0.459178 (VIOLATED)
_11536_/C2                              2.500000    2.959178   -0.459178 (VIOLATED)
_11575_/A1                              2.500000    2.959178   -0.459178 (VIOLATED)
_11733_/A1                              2.500000    2.959178   -0.459178 (VIOLATED)
_12114_/A1                              2.500000    2.959178   -0.459178 (VIOLATED)
_12330_/A1                              2.500000    2.959178   -0.459178 (VIOLATED)
_14732_/RN                              2.500000    2.944267   -0.444267 (VIOLATED)
_14730_/RN                              2.500000    2.944267   -0.444266 (VIOLATED)
_14731_/RN                              2.500000    2.944267   -0.444266 (VIOLATED)
_14686_/RN                              2.500000    2.944257   -0.444257 (VIOLATED)
_14687_/RN                              2.500000    2.944257   -0.444257 (VIOLATED)
_14688_/RN                              2.500000    2.944257   -0.444257 (VIOLATED)
_14689_/RN                              2.500000    2.944257   -0.444257 (VIOLATED)
_14742_/RN                              2.500000    2.944257   -0.444257 (VIOLATED)
_14743_/RN                              2.500000    2.944257   -0.444257 (VIOLATED)
_14745_/RN                              2.500000    2.944257   -0.444257 (VIOLATED)
fanout564/Z                             2.500000    2.944257   -0.444257 (VIOLATED)
_09386_/S                               2.500000    2.940455   -0.440455 (VIOLATED)
_09384_/S                               2.500000    2.940454   -0.440454 (VIOLATED)
_09382_/S                               2.500000    2.940451   -0.440451 (VIOLATED)
_09371_/I                               2.500000    2.940450   -0.440450 (VIOLATED)
_09388_/I                               2.500000    2.940450   -0.440450 (VIOLATED)
_09380_/S                               2.500000    2.940449   -0.440449 (VIOLATED)
_09370_/ZN                              2.500000    2.940436   -0.440436 (VIOLATED)
_14568_/RN                              2.500000    2.936895   -0.436895 (VIOLATED)
_14426_/RN                              2.500000    2.936894   -0.436894 (VIOLATED)
_14585_/RN                              2.500000    2.936894   -0.436894 (VIOLATED)
_14439_/RN                              2.500000    2.936894   -0.436894 (VIOLATED)
_14425_/RN                              2.500000    2.936893   -0.436893 (VIOLATED)
_14423_/RN                              2.500000    2.936884   -0.436884 (VIOLATED)
_14565_/RN                              2.500000    2.936884   -0.436884 (VIOLATED)
_14631_/RN                              2.500000    2.936884   -0.436884 (VIOLATED)
_14633_/RN                              2.500000    2.936884   -0.436884 (VIOLATED)
_14649_/RN                              2.500000    2.936884   -0.436884 (VIOLATED)
fanout539/Z                             2.500000    2.936884   -0.436884 (VIOLATED)
_07798_/B1                              2.500000    2.927191   -0.427191 (VIOLATED)
_07791_/B1                              2.500000    2.927190   -0.427190 (VIOLATED)
_07870_/B1                              2.500000    2.927187   -0.427187 (VIOLATED)
_07864_/B1                              2.500000    2.927183   -0.427183 (VIOLATED)
_07902_/B1                              2.500000    2.927182   -0.427182 (VIOLATED)
_07909_/B1                              2.500000    2.927182   -0.427182 (VIOLATED)
_07868_/B1                              2.500000    2.927181   -0.427181 (VIOLATED)
_07913_/B1                              2.500000    2.927179   -0.427179 (VIOLATED)
wire732/I                               2.500000    2.927178   -0.427178 (VIOLATED)
_07731_/Z                               2.500000    2.927166   -0.427166 (VIOLATED)
_07732_/B1                              2.500000    2.927166   -0.427166 (VIOLATED)
_14452_/RN                              2.500000    2.923844   -0.423844 (VIOLATED)
_14516_/RN                              2.500000    2.923843   -0.423843 (VIOLATED)
_14436_/RN                              2.500000    2.923842   -0.423842 (VIOLATED)
_14420_/RN                              2.500000    2.923841   -0.423841 (VIOLATED)
_14405_/RN                              2.500000    2.923838   -0.423838 (VIOLATED)
_14165_/RN                              2.500000    2.923829   -0.423829 (VIOLATED)
_14181_/RN                              2.500000    2.923829   -0.423829 (VIOLATED)
_14277_/RN                              2.500000    2.923829   -0.423829 (VIOLATED)
_14517_/RN                              2.500000    2.923829   -0.423829 (VIOLATED)
_14628_/RN                              2.500000    2.923829   -0.423829 (VIOLATED)
fanout500/Z                             2.500000    2.923829   -0.423829 (VIOLATED)
_14283_/RN                              2.500000    2.922441   -0.422441 (VIOLATED)
_14414_/RN                              2.500000    2.922440   -0.422440 (VIOLATED)
_14190_/RN                              2.500000    2.922438   -0.422438 (VIOLATED)
_14174_/RN                              2.500000    2.922436   -0.422436 (VIOLATED)
_14468_/RN                              2.500000    2.922426   -0.422426 (VIOLATED)
_14469_/RN                              2.500000    2.922426   -0.422426 (VIOLATED)
_14484_/RN                              2.500000    2.922426   -0.422426 (VIOLATED)
_14485_/RN                              2.500000    2.922426   -0.422426 (VIOLATED)
_14500_/RN                              2.500000    2.922426   -0.422426 (VIOLATED)
_14501_/RN                              2.500000    2.922426   -0.422426 (VIOLATED)
fanout502/Z                             2.500000    2.922426   -0.422426 (VIOLATED)
_12053_/A2                              2.500000    2.914213   -0.414213 (VIOLATED)
_12148_/A2                              2.500000    2.914212   -0.414212 (VIOLATED)
_12149_/A2                              2.500000    2.914212   -0.414211 (VIOLATED)
_12147_/B1                              2.500000    2.914210   -0.414210 (VIOLATED)
_12144_/A3                              2.500000    2.914205   -0.414205 (VIOLATED)
_12257_/A3                              2.500000    2.914196   -0.414196 (VIOLATED)
_11816_/A2                              2.500000    2.914189   -0.414189 (VIOLATED)
_11985_/A2                              2.500000    2.914188   -0.414188 (VIOLATED)
_11864_/A3                              2.500000    2.914168   -0.414168 (VIOLATED)
_12259_/A2                              2.500000    2.914150   -0.414150 (VIOLATED)
fanout283/Z                             2.500000    2.914150   -0.414150 (VIOLATED)
_14679_/RN                              2.500000    2.911601   -0.411601 (VIOLATED)
_14680_/RN                              2.500000    2.911601   -0.411601 (VIOLATED)
_14681_/RN                              2.500000    2.911601   -0.411601 (VIOLATED)
_14682_/RN                              2.500000    2.911601   -0.411601 (VIOLATED)
_14683_/RN                              2.500000    2.911601   -0.411601 (VIOLATED)
_14685_/RN                              2.500000    2.911601   -0.411601 (VIOLATED)
_14693_/RN                              2.500000    2.911601   -0.411601 (VIOLATED)
_14694_/RN                              2.500000    2.911601   -0.411601 (VIOLATED)
_14696_/RN                              2.500000    2.911601   -0.411601 (VIOLATED)
_14716_/RN                              2.500000    2.911601   -0.411601 (VIOLATED)
fanout531/Z                             2.500000    2.911601   -0.411601 (VIOLATED)
_07898_/C                               2.500000    2.910866   -0.410866 (VIOLATED)
_07725_/C                               2.500000    2.910864   -0.410864 (VIOLATED)
_07726_/A1                              2.500000    2.910863   -0.410863 (VIOLATED)
_07840_/C                               2.500000    2.910861   -0.410861 (VIOLATED)
_07785_/C                               2.500000    2.910861   -0.410860 (VIOLATED)
_07786_/A1                              2.500000    2.910860   -0.410860 (VIOLATED)
_07458_/Z                               2.500000    2.910850   -0.410850 (VIOLATED)
_07459_/S                               2.500000    2.910850   -0.410850 (VIOLATED)
_07533_/C                               2.500000    2.910850   -0.410850 (VIOLATED)
_07596_/C                               2.500000    2.910850   -0.410850 (VIOLATED)
_07657_/C                               2.500000    2.910850   -0.410850 (VIOLATED)
_11263_/A1                              2.500000    2.903504   -0.403504 (VIOLATED)
_11260_/A1                              2.500000    2.903504   -0.403504 (VIOLATED)
_11275_/I                               2.500000    2.903500   -0.403500 (VIOLATED)
_11918_/A1                              2.500000    2.903499   -0.403499 (VIOLATED)
_11842_/A1                              2.500000    2.903498   -0.403498 (VIOLATED)
_11673_/A1                              2.500000    2.903486   -0.403486 (VIOLATED)
_11911_/A1                              2.500000    2.903486   -0.403486 (VIOLATED)
_11915_/A1                              2.500000    2.903486   -0.403486 (VIOLATED)
_11974_/A1                              2.500000    2.903486   -0.403486 (VIOLATED)
_12107_/A1                              2.500000    2.903486   -0.403486 (VIOLATED)
fanout334/Z                             2.500000    2.903486   -0.403486 (VIOLATED)
_14384_/RN                              2.500000    2.899533   -0.399533 (VIOLATED)
_14240_/RN                              2.500000    2.899532   -0.399532 (VIOLATED)
_14272_/RN                              2.500000    2.899532   -0.399532 (VIOLATED)
_14352_/RN                              2.500000    2.899532   -0.399532 (VIOLATED)
_14267_/RN                              2.500000    2.899527   -0.399526 (VIOLATED)
_14299_/RN                              2.500000    2.899525   -0.399525 (VIOLATED)
_14255_/RN                              2.500000    2.899525   -0.399525 (VIOLATED)
_14347_/RN                              2.500000    2.899524   -0.399524 (VIOLATED)
_14331_/RN                              2.500000    2.899524   -0.399524 (VIOLATED)
fanout491/I                             2.500000    2.899513   -0.399513 (VIOLATED)
fanout492/Z                             2.500000    2.899513   -0.399513 (VIOLATED)
_14442_/RN                              2.500000    2.898952   -0.398952 (VIOLATED)
_14441_/RN                              2.500000    2.898951   -0.398951 (VIOLATED)
_14458_/RN                              2.500000    2.898950   -0.398950 (VIOLATED)
_14474_/RN                              2.500000    2.898950   -0.398950 (VIOLATED)
_14457_/RN                              2.500000    2.898948   -0.398948 (VIOLATED)
_14455_/RN                              2.500000    2.898935   -0.398935 (VIOLATED)
_14471_/RN                              2.500000    2.898935   -0.398935 (VIOLATED)
_14473_/RN                              2.500000    2.898935   -0.398935 (VIOLATED)
_14487_/RN                              2.500000    2.898935   -0.398935 (VIOLATED)
_14503_/RN                              2.500000    2.898935   -0.398935 (VIOLATED)
fanout538/Z                             2.500000    2.898935   -0.398935 (VIOLATED)
_07215_/A2                              2.500000    2.898099   -0.398099 (VIOLATED)
_07216_/A2                              2.500000    2.898099   -0.398099 (VIOLATED)
_07231_/A2                              2.500000    2.898099   -0.398099 (VIOLATED)
_07230_/A2                              2.500000    2.898098   -0.398098 (VIOLATED)
_07234_/S                               2.500000    2.898095   -0.398095 (VIOLATED)
_06824_/A2                              2.500000    2.898086   -0.398086 (VIOLATED)
_07212_/S                               2.500000    2.898086   -0.398086 (VIOLATED)
_07221_/S                               2.500000    2.898086   -0.398086 (VIOLATED)
_07238_/S                               2.500000    2.898086   -0.398086 (VIOLATED)
_07328_/S                               2.500000    2.898086   -0.398086 (VIOLATED)
fanout351/Z                             2.500000    2.898086   -0.398086 (VIOLATED)
_11748_/A2                              2.500000    2.897802   -0.397802 (VIOLATED)
_11754_/A2                              2.500000    2.897801   -0.397801 (VIOLATED)
_11751_/A2                              2.500000    2.897800   -0.397800 (VIOLATED)
_11578_/A2                              2.500000    2.897796   -0.397796 (VIOLATED)
_11641_/A3                              2.500000    2.897794   -0.397794 (VIOLATED)
_11866_/A3                              2.500000    2.897773   -0.397773 (VIOLATED)
_11870_/B1                              2.500000    2.897773   -0.397773 (VIOLATED)
_11871_/A2                              2.500000    2.897773   -0.397773 (VIOLATED)
_11872_/A2                              2.500000    2.897773   -0.397773 (VIOLATED)
_11996_/I                               2.500000    2.897773   -0.397773 (VIOLATED)
fanout297/Z                             2.500000    2.897773   -0.397773 (VIOLATED)
_09394_/A1                              2.500000    2.889652   -0.389652 (VIOLATED)
_09429_/A1                              2.500000    2.889652   -0.389652 (VIOLATED)
_09359_/A1                              2.500000    2.889649   -0.389649 (VIOLATED)
_09324_/A1                              2.500000    2.889648   -0.389648 (VIOLATED)
_09251_/A1                              2.500000    2.889629   -0.389629 (VIOLATED)
_09208_/Z                               2.500000    2.889612   -0.389612 (VIOLATED)
_09210_/A1                              2.500000    2.889612   -0.389612 (VIOLATED)
_09287_/A1                              2.500000    2.889612   -0.389612 (VIOLATED)
_09466_/A1                              2.500000    2.889612   -0.389612 (VIOLATED)
_09501_/A1                              2.500000    2.889612   -0.389612 (VIOLATED)
_09536_/A1                              2.500000    2.889612   -0.389612 (VIOLATED)
_12376_/A3                              2.500000    2.878917   -0.378917 (VIOLATED)
_12518_/A2                              2.500000    2.878917   -0.378917 (VIOLATED)
_12519_/A2                              2.500000    2.878917   -0.378917 (VIOLATED)
_12375_/ZN                              2.500000    2.878916   -0.378916 (VIOLATED)
_14212_/RN                              2.500000    2.868907   -0.368907 (VIOLATED)
_14214_/RN                              2.500000    2.868907   -0.368907 (VIOLATED)
_14228_/RN                              2.500000    2.868907   -0.368907 (VIOLATED)
_14340_/RN                              2.500000    2.868907   -0.368907 (VIOLATED)
_14341_/RN                              2.500000    2.868907   -0.368907 (VIOLATED)
_14356_/RN                              2.500000    2.868907   -0.368907 (VIOLATED)
_14357_/RN                              2.500000    2.868907   -0.368907 (VIOLATED)
_14372_/RN                              2.500000    2.868907   -0.368907 (VIOLATED)
_14373_/RN                              2.500000    2.868907   -0.368907 (VIOLATED)
fanout479/I                             2.500000    2.868907   -0.368907 (VIOLATED)
fanout480/Z                             2.500000    2.868907   -0.368907 (VIOLATED)
_09421_/S                               2.500000    2.868414   -0.368414 (VIOLATED)
_09419_/S                               2.500000    2.868414   -0.368414 (VIOLATED)
_09415_/S                               2.500000    2.868412   -0.368412 (VIOLATED)
_09417_/S                               2.500000    2.868407   -0.368407 (VIOLATED)
_09406_/I                               2.500000    2.868407   -0.368407 (VIOLATED)
_09423_/I                               2.500000    2.868406   -0.368406 (VIOLATED)
_09405_/ZN                              2.500000    2.868394   -0.368394 (VIOLATED)
_11533_/B                               2.500000    2.866254   -0.366254 (VIOLATED)
_11677_/A1                              2.500000    2.866253   -0.366253 (VIOLATED)
_11268_/I                               2.500000    2.866243   -0.366243 (VIOLATED)
_11825_/I0                              2.500000    2.866243   -0.366243 (VIOLATED)
_11827_/B2                              2.500000    2.866243   -0.366243 (VIOLATED)
_11968_/B                               2.500000    2.866243   -0.366243 (VIOLATED)
_11970_/A1                              2.500000    2.866243   -0.366243 (VIOLATED)
_12113_/A1                              2.500000    2.866243   -0.366243 (VIOLATED)
_12207_/A1                              2.500000    2.866243   -0.366243 (VIOLATED)
_12282_/A1                              2.500000    2.866243   -0.366243 (VIOLATED)
fanout328/Z                             2.500000    2.866243   -0.366243 (VIOLATED)
_08069_/S1                              2.500000    2.863479   -0.363479 (VIOLATED)
_08092_/S1                              2.500000    2.863477   -0.363477 (VIOLATED)
_08190_/S1                              2.500000    2.863477   -0.363477 (VIOLATED)
_08118_/S1                              2.500000    2.863477   -0.363476 (VIOLATED)
_08213_/S1                              2.500000    2.863476   -0.363476 (VIOLATED)
_08168_/S1                              2.500000    2.863475   -0.363475 (VIOLATED)
_08235_/S1                              2.500000    2.863475   -0.363475 (VIOLATED)
_08141_/S1                              2.500000    2.863474   -0.363473 (VIOLATED)
_08068_/Z                               2.500000    2.863451   -0.363451 (VIOLATED)
_08257_/S1                              2.500000    2.863451   -0.363451 (VIOLATED)
_08279_/S1                              2.500000    2.863451   -0.363451 (VIOLATED)
_14660_/RN                              2.500000    2.861137   -0.361137 (VIOLATED)
_14692_/RN                              2.500000    2.861137   -0.361137 (VIOLATED)
_14695_/RN                              2.500000    2.861137   -0.361137 (VIOLATED)
_14697_/RN                              2.500000    2.861137   -0.361137 (VIOLATED)
_14710_/RN                              2.500000    2.861137   -0.361137 (VIOLATED)
_14711_/RN                              2.500000    2.861137   -0.361137 (VIOLATED)
_14712_/RN                              2.500000    2.861137   -0.361137 (VIOLATED)
_14713_/RN                              2.500000    2.861137   -0.361137 (VIOLATED)
_14714_/RN                              2.500000    2.861137   -0.361137 (VIOLATED)
_14715_/RN                              2.500000    2.861137   -0.361137 (VIOLATED)
fanout529/Z                             2.500000    2.861137   -0.361137 (VIOLATED)
_07330_/S                               2.500000    2.853585   -0.353584 (VIOLATED)
_07480_/S                               2.500000    2.853584   -0.353584 (VIOLATED)
_07166_/S                               2.500000    2.853575   -0.353575 (VIOLATED)
_07240_/S                               2.500000    2.853575   -0.353575 (VIOLATED)
_07326_/S                               2.500000    2.853575   -0.353575 (VIOLATED)
_07335_/S                               2.500000    2.853575   -0.353575 (VIOLATED)
fanout351/I                             2.500000    2.853575   -0.353575 (VIOLATED)
fanout352/Z                             2.500000    2.853575   -0.353575 (VIOLATED)
_14489_/RN                              2.500000    2.844191   -0.344190 (VIOLATED)
_14505_/RN                              2.500000    2.844190   -0.344190 (VIOLATED)
_14581_/RN                              2.500000    2.844188   -0.344188 (VIOLATED)
_14519_/RN                              2.500000    2.844180   -0.344180 (VIOLATED)
_14520_/RN                              2.500000    2.844180   -0.344180 (VIOLATED)
_14521_/RN                              2.500000    2.844180   -0.344180 (VIOLATED)
_14597_/RN                              2.500000    2.844180   -0.344180 (VIOLATED)
_14613_/RN                              2.500000    2.844180   -0.344180 (VIOLATED)
_14629_/RN                              2.500000    2.844180   -0.344180 (VIOLATED)
_14876_/RN                              2.500000    2.844180   -0.344180 (VIOLATED)
fanout504/Z                             2.500000    2.844180   -0.344180 (VIOLATED)
_09314_/S                               2.500000    2.838914   -0.338914 (VIOLATED)
_09316_/S                               2.500000    2.838914   -0.338914 (VIOLATED)
_09310_/S                               2.500000    2.838912   -0.338912 (VIOLATED)
_09318_/I                               2.500000    2.838911   -0.338911 (VIOLATED)
_09301_/I                               2.500000    2.838910   -0.338910 (VIOLATED)
_09312_/S                               2.500000    2.838909   -0.338909 (VIOLATED)
_09300_/ZN                              2.500000    2.838895   -0.338895 (VIOLATED)
_14198_/RN                              2.500000    2.835001   -0.335001 (VIOLATED)
_14196_/RN                              2.500000    2.835000   -0.335000 (VIOLATED)
_14164_/RN                              2.500000    2.834995   -0.334995 (VIOLATED)
_14180_/RN                              2.500000    2.834994   -0.334994 (VIOLATED)
_14161_/RN                              2.500000    2.834984   -0.334984 (VIOLATED)
_14244_/RN                              2.500000    2.834984   -0.334984 (VIOLATED)
_14260_/RN                              2.500000    2.834984   -0.334984 (VIOLATED)
_14262_/RN                              2.500000    2.834984   -0.334984 (VIOLATED)
_14358_/RN                              2.500000    2.834984   -0.334984 (VIOLATED)
_14374_/RN                              2.500000    2.834984   -0.334984 (VIOLATED)
fanout479/Z                             2.500000    2.834984   -0.334984 (VIOLATED)
_14809_/RN                              2.500000    2.826273   -0.326273 (VIOLATED)
_14810_/RN                              2.500000    2.826272   -0.326272 (VIOLATED)
_14812_/RN                              2.500000    2.826271   -0.326271 (VIOLATED)
_14811_/RN                              2.500000    2.826267   -0.326267 (VIOLATED)
fanout567/I                             2.500000    2.826263   -0.326263 (VIOLATED)
_14814_/RN                              2.500000    2.826262   -0.326261 (VIOLATED)
_08516_/A2                              2.500000    2.826260   -0.326260 (VIOLATED)
_14855_/RN                              2.500000    2.826248   -0.326248 (VIOLATED)
_14805_/RN                              2.500000    2.826233   -0.326233 (VIOLATED)
fanout569/I                             2.500000    2.826233   -0.326233 (VIOLATED)
fanout570/Z                             2.500000    2.826233   -0.326233 (VIOLATED)
_14666_/RN                              2.500000    2.826090   -0.326090 (VIOLATED)
_14667_/RN                              2.500000    2.826090   -0.326090 (VIOLATED)
_14669_/RN                              2.500000    2.826087   -0.326087 (VIOLATED)
_14670_/RN                              2.500000    2.826086   -0.326086 (VIOLATED)
_14668_/RN                              2.500000    2.826084   -0.326084 (VIOLATED)
_14663_/RN                              2.500000    2.826083   -0.326083 (VIOLATED)
_14662_/RN                              2.500000    2.826073   -0.326073 (VIOLATED)
_14708_/RN                              2.500000    2.826073   -0.326073 (VIOLATED)
_14709_/RN                              2.500000    2.826073   -0.326073 (VIOLATED)
fanout527/I                             2.500000    2.826073   -0.326073 (VIOLATED)
fanout528/Z                             2.500000    2.826073   -0.326073 (VIOLATED)
_06996_/A2                              2.500000    2.823436   -0.323436 (VIOLATED)
_06892_/A2                              2.500000    2.823429   -0.323429 (VIOLATED)
_06909_/A2                              2.500000    2.823425   -0.323425 (VIOLATED)
_06910_/A2                              2.500000    2.823422   -0.323422 (VIOLATED)
_07069_/A2                              2.500000    2.823419   -0.323419 (VIOLATED)
_06853_/Z                               2.500000    2.823408   -0.323408 (VIOLATED)
_06854_/I                               2.500000    2.823408   -0.323408 (VIOLATED)
_07079_/A2                              2.500000    2.823408   -0.323408 (VIOLATED)
_07080_/A2                              2.500000    2.823408   -0.323408 (VIOLATED)
_07290_/A2                              2.500000    2.823408   -0.323408 (VIOLATED)
_07299_/A2                              2.500000    2.823408   -0.323408 (VIOLATED)
_07067_/I                               2.500000    2.820654   -0.320654 (VIOLATED)
_07226_/C                               2.500000    2.820651   -0.320651 (VIOLATED)
_07152_/C                               2.500000    2.820651   -0.320650 (VIOLATED)
_07302_/C                               2.500000    2.820644   -0.320644 (VIOLATED)
_07296_/A1                              2.500000    2.820643   -0.320643 (VIOLATED)
_06891_/ZN                              2.500000    2.820630   -0.320630 (VIOLATED)
_06905_/A1                              2.500000    2.820630   -0.320630 (VIOLATED)
_06913_/C                               2.500000    2.820630   -0.320630 (VIOLATED)
_06986_/S                               2.500000    2.820630   -0.320630 (VIOLATED)
_06852_/A2                              2.500000    2.819162   -0.319162 (VIOLATED)
_07272_/S                               2.500000    2.819162   -0.319162 (VIOLATED)
_07138_/S                               2.500000    2.819152   -0.319152 (VIOLATED)
_07141_/A2                              2.500000    2.819152   -0.319152 (VIOLATED)
_07142_/A2                              2.500000    2.819152   -0.319152 (VIOLATED)
_07147_/S                               2.500000    2.819152   -0.319152 (VIOLATED)
_07157_/A2                              2.500000    2.819152   -0.319152 (VIOLATED)
_07158_/A2                              2.500000    2.819152   -0.319152 (VIOLATED)
_07160_/S                               2.500000    2.819152   -0.319152 (VIOLATED)
_07274_/S                               2.500000    2.819152   -0.319152 (VIOLATED)
fanout349/Z                             2.500000    2.819152   -0.319152 (VIOLATED)
fanout354/I                             2.500000    2.815564   -0.315564 (VIOLATED)
fanout353/I                             2.500000    2.815561   -0.315560 (VIOLATED)
_07012_/A2                              2.500000    2.815556   -0.315556 (VIOLATED)
_07090_/S                               2.500000    2.815557   -0.315556 (VIOLATED)
_06932_/S                               2.500000    2.815555   -0.315555 (VIOLATED)
_07013_/A2                              2.500000    2.815551   -0.315550 (VIOLATED)
_07477_/A2                              2.500000    2.815548   -0.315548 (VIOLATED)
_06901_/A2                              2.500000    2.815545   -0.315545 (VIOLATED)
_06950_/A2                              2.500000    2.815536   -0.315536 (VIOLATED)
_06954_/A2                              2.500000    2.815536   -0.315536 (VIOLATED)
fanout355/Z                             2.500000    2.815536   -0.315536 (VIOLATED)
_07670_/A2                              2.500000    2.812649   -0.312649 (VIOLATED)
_07733_/I                               2.500000    2.812649   -0.312648 (VIOLATED)
_07666_/A2                              2.500000    2.812648   -0.312647 (VIOLATED)
_07739_/A2                              2.500000    2.812645   -0.312645 (VIOLATED)
_07742_/A2                              2.500000    2.812645   -0.312645 (VIOLATED)
_07601_/A1                              2.500000    2.812644   -0.312643 (VIOLATED)
_07673_/A2                              2.500000    2.812641   -0.312641 (VIOLATED)
_07430_/Z                               2.500000    2.812632   -0.312632 (VIOLATED)
_07432_/A1                              2.500000    2.812632   -0.312632 (VIOLATED)
_07488_/A1                              2.500000    2.812632   -0.312632 (VIOLATED)
_07546_/A1                              2.500000    2.812632   -0.312632 (VIOLATED)
_09351_/S                               2.500000    2.803473   -0.303473 (VIOLATED)
_09349_/S                               2.500000    2.803472   -0.303472 (VIOLATED)
_09345_/S                               2.500000    2.803470   -0.303470 (VIOLATED)
_09347_/S                               2.500000    2.803462   -0.303462 (VIOLATED)
_09335_/ZN                              2.500000    2.803450   -0.303450 (VIOLATED)
_09336_/I                               2.500000    2.803450   -0.303450 (VIOLATED)
_09353_/I                               2.500000    2.803450   -0.303450 (VIOLATED)
_11672_/A2                              2.500000    2.803083   -0.303083 (VIOLATED)
_11734_/A2                              2.500000    2.803083   -0.303083 (VIOLATED)
_11735_/A2                              2.500000    2.803083   -0.303083 (VIOLATED)
_11737_/A2                              2.500000    2.803083   -0.303083 (VIOLATED)
_11738_/A2                              2.500000    2.803083   -0.303083 (VIOLATED)
_11903_/A2                              2.500000    2.803083   -0.303083 (VIOLATED)
_11962_/A2                              2.500000    2.803083   -0.303083 (VIOLATED)
_12193_/A3                              2.500000    2.803083   -0.303083 (VIOLATED)
_12946_/A1                              2.500000    2.803083   -0.303083 (VIOLATED)
_12947_/A1                              2.500000    2.803083   -0.303083 (VIOLATED)
fanout390/Z                             2.500000    2.803083   -0.303083 (VIOLATED)
_14334_/RN                              2.500000    2.796818   -0.296817 (VIOLATED)
_14350_/RN                              2.500000    2.796818   -0.296817 (VIOLATED)
_14335_/RN                              2.500000    2.796817   -0.296817 (VIOLATED)
_14302_/RN                              2.500000    2.796816   -0.296816 (VIOLATED)
_14336_/RN                              2.500000    2.796816   -0.296816 (VIOLATED)
_14318_/RN                              2.500000    2.796811   -0.296811 (VIOLATED)
_14333_/RN                              2.500000    2.796802   -0.296801 (VIOLATED)
_14366_/RN                              2.500000    2.796802   -0.296801 (VIOLATED)
_14382_/RN                              2.500000    2.796802   -0.296801 (VIOLATED)
_14398_/RN                              2.500000    2.796802   -0.296801 (VIOLATED)
fanout507/Z                             2.500000    2.796802   -0.296801 (VIOLATED)
_14305_/RN                              2.500000    2.796678   -0.296678 (VIOLATED)
_14320_/RN                              2.500000    2.796677   -0.296677 (VIOLATED)
_14321_/RN                              2.500000    2.796677   -0.296677 (VIOLATED)
_14339_/RN                              2.500000    2.796676   -0.296676 (VIOLATED)
_14306_/RN                              2.500000    2.796675   -0.296675 (VIOLATED)
_14322_/RN                              2.500000    2.796674   -0.296674 (VIOLATED)
_14338_/RN                              2.500000    2.796670   -0.296670 (VIOLATED)
_14259_/RN                              2.500000    2.796660   -0.296660 (VIOLATED)
_14275_/RN                              2.500000    2.796660   -0.296660 (VIOLATED)
_14337_/RN                              2.500000    2.796660   -0.296660 (VIOLATED)
fanout511/Z                             2.500000    2.796660   -0.296660 (VIOLATED)
_06996_/B1                              2.500000    2.795158   -0.295158 (VIOLATED)
_06983_/A2                              2.500000    2.795157   -0.295157 (VIOLATED)
_06892_/B1                              2.500000    2.795155   -0.295155 (VIOLATED)
_06909_/B1                              2.500000    2.795150   -0.295150 (VIOLATED)
_06856_/Z                               2.500000    2.795140   -0.295140 (VIOLATED)
_06857_/I                               2.500000    2.795140   -0.295140 (VIOLATED)
_06910_/B1                              2.500000    2.795140   -0.295140 (VIOLATED)
_07069_/B1                              2.500000    2.795140   -0.295140 (VIOLATED)
_07079_/B1                              2.500000    2.795140   -0.295140 (VIOLATED)
_07080_/B1                              2.500000    2.795140   -0.295140 (VIOLATED)
_07290_/B1                              2.500000    2.795140   -0.295140 (VIOLATED)
_12394_/A1                              2.500000    2.791817   -0.291817 (VIOLATED)
_12497_/B2                              2.500000    2.791816   -0.291815 (VIOLATED)
_12493_/A1                              2.500000    2.791814   -0.291814 (VIOLATED)
_12563_/A2                              2.500000    2.791812   -0.291812 (VIOLATED)
_12642_/A2                              2.500000    2.791809   -0.291809 (VIOLATED)
_12641_/A1                              2.500000    2.791808   -0.291808 (VIOLATED)
_12802_/A2                              2.500000    2.791808   -0.291808 (VIOLATED)
_12801_/A1                              2.500000    2.791805   -0.291805 (VIOLATED)
_12562_/A1                              2.500000    2.791795   -0.291794 (VIOLATED)
_12701_/A1                              2.500000    2.791795   -0.291794 (VIOLATED)
fanout394/Z                             2.500000    2.791795   -0.291794 (VIOLATED)
_13554_/S1                              2.500000    2.788033   -0.288033 (VIOLATED)
_13545_/S1                              2.500000    2.788031   -0.288031 (VIOLATED)
_13607_/S1                              2.500000    2.788030   -0.288030 (VIOLATED)
_13627_/S1                              2.500000    2.788029   -0.288029 (VIOLATED)
_13622_/S1                              2.500000    2.788029   -0.288029 (VIOLATED)
_07995_/A2                              2.500000    2.788019   -0.288019 (VIOLATED)
_13504_/A1                              2.500000    2.788019   -0.288019 (VIOLATED)
_13508_/A2                              2.500000    2.788019   -0.288019 (VIOLATED)
_13611_/S1                              2.500000    2.788019   -0.288019 (VIOLATED)
_13612_/S1                              2.500000    2.788019   -0.288019 (VIOLATED)
fanout581/Z                             2.500000    2.788019   -0.288019 (VIOLATED)
_14510_/RN                              2.500000    2.786071   -0.286071 (VIOLATED)
_14509_/RN                              2.500000    2.786070   -0.286070 (VIOLATED)
_14507_/RN                              2.500000    2.786070   -0.286070 (VIOLATED)
_14523_/RN                              2.500000    2.786069   -0.286069 (VIOLATED)
_14525_/RN                              2.500000    2.786069   -0.286069 (VIOLATED)
_14508_/RN                              2.500000    2.786057   -0.286057 (VIOLATED)
_14588_/RN                              2.500000    2.786057   -0.286057 (VIOLATED)
_14604_/RN                              2.500000    2.786057   -0.286057 (VIOLATED)
_14632_/RN                              2.500000    2.786057   -0.286057 (VIOLATED)
_14648_/RN                              2.500000    2.786057   -0.286057 (VIOLATED)
fanout515/Z                             2.500000    2.786057   -0.286057 (VIOLATED)
_07085_/S                               2.500000    2.782992   -0.282992 (VIOLATED)
_07280_/S                               2.500000    2.782992   -0.282992 (VIOLATED)
_07097_/S                               2.500000    2.782991   -0.282991 (VIOLATED)
_07094_/S                               2.500000    2.782984   -0.282984 (VIOLATED)
_07164_/S                               2.500000    2.782984   -0.282983 (VIOLATED)
fanout349/I                             2.500000    2.782983   -0.282983 (VIOLATED)
_07285_/S                               2.500000    2.782970   -0.282970 (VIOLATED)
fanout350/Z                             2.500000    2.782970   -0.282970 (VIOLATED)
_09145_/A2                              2.500000    2.780103   -0.280103 (VIOLATED)
_09201_/I                               2.500000    2.780103   -0.280103 (VIOLATED)
_13303_/A1                              2.500000    2.780100   -0.280100 (VIOLATED)
_09567_/A1                              2.500000    2.780099   -0.280099 (VIOLATED)
_09604_/A1                              2.500000    2.780096   -0.280096 (VIOLATED)
_09143_/Z                               2.500000    2.780087   -0.280087 (VIOLATED)
_09639_/A1                              2.500000    2.780087   -0.280087 (VIOLATED)
_09674_/A1                              2.500000    2.780087   -0.280087 (VIOLATED)
_09709_/A1                              2.500000    2.780087   -0.280087 (VIOLATED)
_13315_/A1                              2.500000    2.780087   -0.280087 (VIOLATED)
_07576_/A2                              2.500000    2.779311   -0.279311 (VIOLATED)
_07638_/A2                              2.500000    2.779311   -0.279311 (VIOLATED)
_07575_/ZN                              2.500000    2.779310   -0.279310 (VIOLATED)
_07517_/A2                              2.500000    2.770933   -0.270933 (VIOLATED)
_07519_/A1                              2.500000    2.770933   -0.270933 (VIOLATED)
_07520_/A1                              2.500000    2.770933   -0.270933 (VIOLATED)
_07475_/ZN                              2.500000    2.770931   -0.270931 (VIOLATED)
_07022_/ZN                              2.500000    2.769596   -0.269596 (VIOLATED)
_07023_/A4                              2.500000    2.769596   -0.269596 (VIOLATED)
wire208/I                               2.500000    2.769596   -0.269596 (VIOLATED)
_10351_/S                               2.500000    2.768940   -0.268940 (VIOLATED)
_10353_/S                               2.500000    2.768939   -0.268939 (VIOLATED)
_10357_/S                               2.500000    2.768935   -0.268935 (VIOLATED)
_10359_/S                               2.500000    2.768922   -0.268922 (VIOLATED)
max_length106/I                         2.500000    2.768884   -0.268884 (VIOLATED)
_10338_/Z                               2.500000    2.768869   -0.268869 (VIOLATED)
_10349_/S                               2.500000    2.768869   -0.268869 (VIOLATED)
_09320_/A1                              2.500000    2.767998   -0.267997 (VIOLATED)
_09390_/A1                              2.500000    2.767997   -0.267997 (VIOLATED)
_09425_/A1                              2.500000    2.767996   -0.267996 (VIOLATED)
_09355_/A1                              2.500000    2.767995   -0.267995 (VIOLATED)
_09497_/A1                              2.500000    2.767993   -0.267993 (VIOLATED)
_14285_/RN                              2.500000    2.767989   -0.267989 (VIOLATED)
_14286_/RN                              2.500000    2.767989   -0.267989 (VIOLATED)
_14287_/RN                              2.500000    2.767989   -0.267989 (VIOLATED)
_14301_/RN                              2.500000    2.767989   -0.267989 (VIOLATED)
_14303_/RN                              2.500000    2.767989   -0.267989 (VIOLATED)
_14317_/RN                              2.500000    2.767989   -0.267989 (VIOLATED)
_14424_/RN                              2.500000    2.767989   -0.267989 (VIOLATED)
_14440_/RN                              2.500000    2.767989   -0.267989 (VIOLATED)
_14456_/RN                              2.500000    2.767989   -0.267989 (VIOLATED)
_14472_/RN                              2.500000    2.767989   -0.267989 (VIOLATED)
fanout513/Z                             2.500000    2.767989   -0.267989 (VIOLATED)
_09462_/A1                              2.500000    2.767988   -0.267988 (VIOLATED)
_09201_/Z                               2.500000    2.767979   -0.267979 (VIOLATED)
_09204_/A1                              2.500000    2.767979   -0.267979 (VIOLATED)
_09247_/A1                              2.500000    2.767979   -0.267979 (VIOLATED)
_09283_/A1                              2.500000    2.767979   -0.267979 (VIOLATED)
_09532_/A1                              2.500000    2.767979   -0.267979 (VIOLATED)
_13161_/B                               2.500000    2.755889   -0.255889 (VIOLATED)
_13067_/A1                              2.500000    2.755884   -0.255884 (VIOLATED)
_12960_/A1                              2.500000    2.755871   -0.255870 (VIOLATED)
_12893_/B                               2.500000    2.755869   -0.255869 (VIOLATED)
_12826_/B                               2.500000    2.755867   -0.255867 (VIOLATED)
_13006_/B                               2.500000    2.755863   -0.255863 (VIOLATED)
_13008_/A1                              2.500000    2.755862   -0.255862 (VIOLATED)
_12205_/A2                              2.500000    2.755856   -0.255856 (VIOLATED)
fanout367/I                             2.500000    2.755847   -0.255847 (VIOLATED)
fanout366/I                             2.500000    2.755832   -0.255832 (VIOLATED)
fanout368/Z                             2.500000    2.755832   -0.255832 (VIOLATED)
max_cap147/I                            2.500000    2.753564   -0.253564 (VIOLATED)
_08627_/S                               2.500000    2.753551   -0.253551 (VIOLATED)
_08629_/S                               2.500000    2.753549   -0.253549 (VIOLATED)
_08625_/S                               2.500000    2.753541   -0.253541 (VIOLATED)
_08631_/S                               2.500000    2.753532   -0.253532 (VIOLATED)
_08622_/Z                               2.500000    2.753516   -0.253516 (VIOLATED)
_08637_/S                               2.500000    2.753516   -0.253516 (VIOLATED)
_10700_/S                               2.500000    2.743081   -0.243080 (VIOLATED)
max_cap86/I                             2.500000    2.743071   -0.243070 (VIOLATED)
_10693_/Z                               2.500000    2.743062   -0.243062 (VIOLATED)
_10694_/S                               2.500000    2.743062   -0.243062 (VIOLATED)
_10696_/S                               2.500000    2.743062   -0.243062 (VIOLATED)
_10698_/S                               2.500000    2.743062   -0.243062 (VIOLATED)
_10702_/S                               2.500000    2.743062   -0.243062 (VIOLATED)
_14824_/RN                              2.500000    2.740995   -0.240995 (VIOLATED)
_14825_/RN                              2.500000    2.740995   -0.240995 (VIOLATED)
_14727_/RN                              2.500000    2.740994   -0.240994 (VIOLATED)
_14726_/RN                              2.500000    2.740993   -0.240993 (VIOLATED)
_14690_/RN                              2.500000    2.740985   -0.240985 (VIOLATED)
_14691_/RN                              2.500000    2.740985   -0.240985 (VIOLATED)
_14723_/RN                              2.500000    2.740985   -0.240985 (VIOLATED)
_14724_/RN                              2.500000    2.740985   -0.240985 (VIOLATED)
_14725_/RN                              2.500000    2.740985   -0.240985 (VIOLATED)
_14728_/RN                              2.500000    2.740985   -0.240985 (VIOLATED)
fanout562/Z                             2.500000    2.740985   -0.240985 (VIOLATED)
_14427_/RN                              2.500000    2.738816   -0.238816 (VIOLATED)
_14429_/RN                              2.500000    2.738816   -0.238816 (VIOLATED)
_14445_/RN                              2.500000    2.738816   -0.238816 (VIOLATED)
_14587_/RN                              2.500000    2.738816   -0.238816 (VIOLATED)
_14589_/RN                              2.500000    2.738816   -0.238816 (VIOLATED)
_14619_/RN                              2.500000    2.738816   -0.238816 (VIOLATED)
_14635_/RN                              2.500000    2.738816   -0.238816 (VIOLATED)
_14637_/RN                              2.500000    2.738816   -0.238816 (VIOLATED)
_14651_/RN                              2.500000    2.738816   -0.238816 (VIOLATED)
_14653_/RN                              2.500000    2.738816   -0.238816 (VIOLATED)
fanout547/Z                             2.500000    2.738816   -0.238816 (VIOLATED)
_12876_/B                               2.500000    2.738644   -0.238644 (VIOLATED)
_12880_/A2                              2.500000    2.738643   -0.238643 (VIOLATED)
_12930_/I                               2.500000    2.738640   -0.238640 (VIOLATED)
_12816_/C                               2.500000    2.738639   -0.238639 (VIOLATED)
_12725_/A1                              2.500000    2.738636   -0.238636 (VIOLATED)
_12855_/A1                              2.500000    2.738635   -0.238635 (VIOLATED)
_12812_/A1                              2.500000    2.738631   -0.238630 (VIOLATED)
_12409_/A1                              2.500000    2.738626   -0.238626 (VIOLATED)
_12504_/A1                              2.500000    2.738621   -0.238621 (VIOLATED)
_12192_/Z                               2.500000    2.738611   -0.238611 (VIOLATED)
_12197_/A1                              2.500000    2.738611   -0.238611 (VIOLATED)
_06846_/ZN                              2.500000    2.738461   -0.238461 (VIOLATED)
_06865_/A2                              2.500000    2.738461   -0.238461 (VIOLATED)
_12386_/A2                              2.500000    2.737671   -0.237671 (VIOLATED)
_12387_/A2                              2.500000    2.737671   -0.237671 (VIOLATED)
_12383_/A3                              2.500000    2.737662   -0.237662 (VIOLATED)
_12385_/B1                              2.500000    2.737662   -0.237662 (VIOLATED)
_12483_/A3                              2.500000    2.737662   -0.237662 (VIOLATED)
_12484_/A2                              2.500000    2.737662   -0.237662 (VIOLATED)
_12559_/A2                              2.500000    2.737662   -0.237662 (VIOLATED)
_12560_/A2                              2.500000    2.737662   -0.237662 (VIOLATED)
_12562_/A2                              2.500000    2.737662   -0.237662 (VIOLATED)
_12642_/A3                              2.500000    2.737662   -0.237662 (VIOLATED)
fanout284/Z                             2.500000    2.737662   -0.237662 (VIOLATED)
_08329_/ZN                              2.500000    2.733861   -0.233861 (VIOLATED)
_08345_/I0                              2.500000    2.733861   -0.233861 (VIOLATED)
_07753_/B1                              2.500000    2.732842   -0.232842 (VIOLATED)
_07816_/B1                              2.500000    2.732841   -0.232841 (VIOLATED)
_07745_/A2                              2.500000    2.732839   -0.232839 (VIOLATED)
_07760_/B1                              2.500000    2.732839   -0.232839 (VIOLATED)
_07764_/B1                              2.500000    2.732839   -0.232839 (VIOLATED)
_07741_/A2                              2.500000    2.732837   -0.232837 (VIOLATED)
_07662_/I                               2.500000    2.732835   -0.232835 (VIOLATED)
_07447_/Z                               2.500000    2.732819   -0.232819 (VIOLATED)
_07453_/B1                              2.500000    2.732819   -0.232819 (VIOLATED)
_07457_/B1                              2.500000    2.732819   -0.232819 (VIOLATED)
_07672_/A2                              2.500000    2.732819   -0.232819 (VIOLATED)
_07497_/A2                              2.500000    2.730857   -0.230857 (VIOLATED)
_07493_/A2                              2.500000    2.730857   -0.230857 (VIOLATED)
_07506_/A2                              2.500000    2.730855   -0.230855 (VIOLATED)
_07337_/A2                              2.500000    2.730853   -0.230853 (VIOLATED)
_07332_/A2                              2.500000    2.730846   -0.230846 (VIOLATED)
_06838_/I                               2.500000    2.730839   -0.230839 (VIOLATED)
_06849_/A2                              2.500000    2.730827   -0.230827 (VIOLATED)
_06837_/ZN                              2.500000    2.730805   -0.230805 (VIOLATED)
_07276_/A2                              2.500000    2.730805   -0.230805 (VIOLATED)
_07282_/A2                              2.500000    2.730805   -0.230805 (VIOLATED)
_14747_/RN                              2.500000    2.728663   -0.228663 (VIOLATED)
_14752_/RN                              2.500000    2.728663   -0.228663 (VIOLATED)
_14753_/RN                              2.500000    2.728663   -0.228663 (VIOLATED)
_14754_/RN                              2.500000    2.728663   -0.228663 (VIOLATED)
_14755_/RN                              2.500000    2.728663   -0.228663 (VIOLATED)
_14756_/RN                              2.500000    2.728663   -0.228663 (VIOLATED)
_14757_/RN                              2.500000    2.728663   -0.228663 (VIOLATED)
_14768_/RN                              2.500000    2.728663   -0.228663 (VIOLATED)
_14769_/RN                              2.500000    2.728663   -0.228663 (VIOLATED)
_14771_/RN                              2.500000    2.728663   -0.228663 (VIOLATED)
fanout465/Z                             2.500000    2.728663   -0.228663 (VIOLATED)
_06825_/A2                              2.500000    2.728165   -0.228165 (VIOLATED)
_07483_/C                               2.500000    2.728164   -0.228164 (VIOLATED)
_07015_/A2                              2.500000    2.728161   -0.228161 (VIOLATED)
_06833_/A1                              2.500000    2.728160   -0.228160 (VIOLATED)
_07947_/A2                              2.500000    2.728158   -0.228158 (VIOLATED)
_06914_/A2                              2.500000    2.728154   -0.228154 (VIOLATED)
_06831_/A1                              2.500000    2.728145   -0.228145 (VIOLATED)
_06847_/A1                              2.500000    2.728145   -0.228145 (VIOLATED)
_06868_/I                               2.500000    2.728145   -0.228145 (VIOLATED)
_06873_/A1                              2.500000    2.728145   -0.228145 (VIOLATED)
fanout343/Z                             2.500000    2.728145   -0.228145 (VIOLATED)
_10867_/Z                               2.500000    2.727642   -0.227642 (VIOLATED)
_10868_/I                               2.500000    2.727642   -0.227642 (VIOLATED)
_11003_/A1                              2.500000    2.727642   -0.227642 (VIOLATED)
_11015_/A1                              2.500000    2.727642   -0.227642 (VIOLATED)
_11041_/A1                              2.500000    2.727642   -0.227642 (VIOLATED)
_11080_/A1                              2.500000    2.727642   -0.227642 (VIOLATED)
_11088_/A1                              2.500000    2.727642   -0.227642 (VIOLATED)
_11096_/A1                              2.500000    2.727642   -0.227642 (VIOLATED)
_11155_/A1                              2.500000    2.727642   -0.227642 (VIOLATED)
_11192_/A1                              2.500000    2.727642   -0.227642 (VIOLATED)
_11221_/C                               2.500000    2.727642   -0.227642 (VIOLATED)
_08373_/ZN                              2.500000    2.727468   -0.227468 (VIOLATED)
_08389_/I0                              2.500000    2.727468   -0.227468 (VIOLATED)
_14206_/RN                              2.500000    2.726238   -0.226237 (VIOLATED)
_14269_/RN                              2.500000    2.726237   -0.226237 (VIOLATED)
_14253_/RN                              2.500000    2.726237   -0.226237 (VIOLATED)
_14173_/RN                              2.500000    2.726234   -0.226234 (VIOLATED)
_14189_/RN                              2.500000    2.726234   -0.226234 (VIOLATED)
_14282_/RN                              2.500000    2.726234   -0.226234 (VIOLATED)
_14314_/RN                              2.500000    2.726233   -0.226233 (VIOLATED)
_14298_/RN                              2.500000    2.726224   -0.226224 (VIOLATED)
_14330_/RN                              2.500000    2.726224   -0.226224 (VIOLATED)
_14332_/RN                              2.500000    2.726224   -0.226224 (VIOLATED)
fanout498/Z                             2.500000    2.726224   -0.226224 (VIOLATED)
_14168_/RN                              2.500000    2.724887   -0.224887 (VIOLATED)
_14184_/RN                              2.500000    2.724885   -0.224885 (VIOLATED)
_14248_/RN                              2.500000    2.724885   -0.224885 (VIOLATED)
_14200_/RN                              2.500000    2.724884   -0.224884 (VIOLATED)
_14232_/RN                              2.500000    2.724884   -0.224884 (VIOLATED)
_14167_/RN                              2.500000    2.724874   -0.224874 (VIOLATED)
_14183_/RN                              2.500000    2.724874   -0.224874 (VIOLATED)
_14359_/RN                              2.500000    2.724874   -0.224874 (VIOLATED)
_14375_/RN                              2.500000    2.724874   -0.224874 (VIOLATED)
_14391_/RN                              2.500000    2.724874   -0.224874 (VIOLATED)
fanout484/Z                             2.500000    2.724874   -0.224874 (VIOLATED)
_06886_/ZN                              2.500000    2.719541   -0.219541 (VIOLATED)
_06887_/A3                              2.500000    2.719541   -0.219541 (VIOLATED)
_06894_/A2                              2.500000    2.719541   -0.219541 (VIOLATED)
_06906_/A2                              2.500000    2.719541   -0.219541 (VIOLATED)
_06908_/A2                              2.500000    2.719541   -0.219541 (VIOLATED)
_07076_/I                               2.500000    2.719541   -0.219541 (VIOLATED)
_07291_/A2                              2.500000    2.719541   -0.219541 (VIOLATED)
_07297_/A2                              2.500000    2.719541   -0.219541 (VIOLATED)
_07298_/A2                              2.500000    2.719541   -0.219541 (VIOLATED)
_08121_/I                               2.500000    2.713870   -0.213870 (VIOLATED)
_08021_/I                               2.500000    2.713870   -0.213870 (VIOLATED)
_07994_/I                               2.500000    2.713857   -0.213857 (VIOLATED)
_08380_/A1                              2.500000    2.713852   -0.213852 (VIOLATED)
_08336_/A1                              2.500000    2.713847   -0.213847 (VIOLATED)
_07993_/Z                               2.500000    2.713839   -0.213839 (VIOLATED)
_08046_/I                               2.500000    2.713839   -0.213839 (VIOLATED)
_08057_/I                               2.500000    2.713839   -0.213839 (VIOLATED)
_08314_/A1                              2.500000    2.713839   -0.213839 (VIOLATED)
_08358_/A1                              2.500000    2.713839   -0.213839 (VIOLATED)
_08402_/A1                              2.500000    2.713839   -0.213839 (VIOLATED)
_14867_/RN                              2.500000    2.709634   -0.209634 (VIOLATED)
_14868_/RN                              2.500000    2.709634   -0.209634 (VIOLATED)
_14869_/RN                              2.500000    2.709634   -0.209634 (VIOLATED)
_14870_/RN                              2.500000    2.709634   -0.209634 (VIOLATED)
_14871_/RN                              2.500000    2.709634   -0.209634 (VIOLATED)
_14872_/RN                              2.500000    2.709634   -0.209634 (VIOLATED)
_14880_/RN                              2.500000    2.709634   -0.209634 (VIOLATED)
_14881_/RN                              2.500000    2.709634   -0.209634 (VIOLATED)
_14882_/RN                              2.500000    2.709634   -0.209634 (VIOLATED)
_14885_/RN                              2.500000    2.709634   -0.209634 (VIOLATED)
fanout525/Z                             2.500000    2.709634   -0.209634 (VIOLATED)
_07416_/A2                              2.500000    2.709564   -0.209564 (VIOLATED)
_07183_/I                               2.500000    2.709563   -0.209563 (VIOLATED)
_07499_/A2                              2.500000    2.709562   -0.209562 (VIOLATED)
_07495_/A2                              2.500000    2.709560   -0.209560 (VIOLATED)
_07504_/A2                              2.500000    2.709554   -0.209554 (VIOLATED)
_07351_/A2                              2.500000    2.709550   -0.209550 (VIOLATED)
_07350_/A2                              2.500000    2.709540   -0.209540 (VIOLATED)
_07343_/A2                              2.500000    2.709534   -0.209534 (VIOLATED)
_07076_/Z                               2.500000    2.709511   -0.209510 (VIOLATED)
_07077_/A2                              2.500000    2.709511   -0.209510 (VIOLATED)
_07078_/A2                              2.500000    2.709511   -0.209510 (VIOLATED)
_14312_/RN                              2.500000    2.707685   -0.207685 (VIOLATED)
_14295_/RN                              2.500000    2.707683   -0.207683 (VIOLATED)
_14311_/RN                              2.500000    2.707683   -0.207683 (VIOLATED)
_14328_/RN                              2.500000    2.707681   -0.207681 (VIOLATED)
_14329_/RN                              2.500000    2.707677   -0.207677 (VIOLATED)
_14313_/RN                              2.500000    2.707676   -0.207676 (VIOLATED)
_14327_/RN                              2.500000    2.707672   -0.207672 (VIOLATED)
_14264_/RN                              2.500000    2.707671   -0.207671 (VIOLATED)
fanout484/I                             2.500000    2.707653   -0.207653 (VIOLATED)
fanout485/I                             2.500000    2.707653   -0.207653 (VIOLATED)
fanout486/Z                             2.500000    2.707653   -0.207653 (VIOLATED)
_09670_/S                               2.500000    2.707421   -0.207421 (VIOLATED)
_09654_/ZN                              2.500000    2.707412   -0.207412 (VIOLATED)
_09655_/I                               2.500000    2.707412   -0.207412 (VIOLATED)
_09664_/S                               2.500000    2.707412   -0.207412 (VIOLATED)
_09666_/S                               2.500000    2.707412   -0.207412 (VIOLATED)
_09668_/S                               2.500000    2.707412   -0.207412 (VIOLATED)
_09672_/I                               2.500000    2.707412   -0.207412 (VIOLATED)
_14433_/RN                              2.500000    2.704312   -0.204312 (VIOLATED)
_14449_/RN                              2.500000    2.704312   -0.204312 (VIOLATED)
_14465_/RN                              2.500000    2.704312   -0.204312 (VIOLATED)
_14497_/RN                              2.500000    2.704312   -0.204312 (VIOLATED)
_14512_/RN                              2.500000    2.704312   -0.204312 (VIOLATED)
_14513_/RN                              2.500000    2.704312   -0.204312 (VIOLATED)
_14528_/RN                              2.500000    2.704312   -0.204312 (VIOLATED)
_14529_/RN                              2.500000    2.704312   -0.204312 (VIOLATED)
_14636_/RN                              2.500000    2.704312   -0.204312 (VIOLATED)
_14652_/RN                              2.500000    2.704312   -0.204312 (VIOLATED)
fanout519/Z                             2.500000    2.704312   -0.204312 (VIOLATED)
_14179_/RN                              2.500000    2.703014   -0.203014 (VIOLATED)
_14195_/RN                              2.500000    2.703011   -0.203011 (VIOLATED)
_14211_/RN                              2.500000    2.703009   -0.203009 (VIOLATED)
_14243_/RN                              2.500000    2.703008   -0.203008 (VIOLATED)
_14227_/RN                              2.500000    2.703006   -0.203005 (VIOLATED)
_14415_/RN                              2.500000    2.703005   -0.203005 (VIOLATED)
_14210_/RN                              2.500000    2.702994   -0.202994 (VIOLATED)
_14226_/RN                              2.500000    2.702994   -0.202994 (VIOLATED)
_14242_/RN                              2.500000    2.702994   -0.202994 (VIOLATED)
_14258_/RN                              2.500000    2.702994   -0.202994 (VIOLATED)
fanout509/Z                             2.500000    2.702994   -0.202994 (VIOLATED)
_09322_/A1                              2.500000    2.700827   -0.200827 (VIOLATED)
_09534_/A1                              2.500000    2.700827   -0.200827 (VIOLATED)
_09464_/A1                              2.500000    2.700827   -0.200826 (VIOLATED)
_09392_/A1                              2.500000    2.700826   -0.200826 (VIOLATED)
_09499_/A1                              2.500000    2.700826   -0.200826 (VIOLATED)
_09427_/A1                              2.500000    2.700824   -0.200824 (VIOLATED)
_09357_/A1                              2.500000    2.700824   -0.200824 (VIOLATED)
_09249_/A1                              2.500000    2.700807   -0.200807 (VIOLATED)
_09285_/A1                              2.500000    2.700804   -0.200804 (VIOLATED)
_09205_/Z                               2.500000    2.700789   -0.200789 (VIOLATED)
_09207_/A1                              2.500000    2.700789   -0.200789 (VIOLATED)
_06850_/Z                               2.500000    2.695934   -0.195933 (VIOLATED)
_06864_/B1                              2.500000    2.695934   -0.195933 (VIOLATED)
_07053_/A2                              2.500000    2.695934   -0.195933 (VIOLATED)
_07057_/A2                              2.500000    2.695934   -0.195933 (VIOLATED)
_07060_/A2                              2.500000    2.695934   -0.195933 (VIOLATED)
_07121_/I                               2.500000    2.695934   -0.195933 (VIOLATED)
_07129_/A2                              2.500000    2.695934   -0.195933 (VIOLATED)
_07131_/A2                              2.500000    2.695934   -0.195933 (VIOLATED)
_07312_/A2                              2.500000    2.695934   -0.195933 (VIOLATED)
_07318_/A2                              2.500000    2.695934   -0.195933 (VIOLATED)
_07321_/A2                              2.500000    2.695934   -0.195933 (VIOLATED)
_11593_/I                               2.500000    2.694151   -0.194151 (VIOLATED)
_12201_/B2                              2.500000    2.694147   -0.194147 (VIOLATED)
_12098_/I1                              2.500000    2.694141   -0.194141 (VIOLATED)
_11962_/B                               2.500000    2.694141   -0.194141 (VIOLATED)
_11837_/A1                              2.500000    2.694141   -0.194141 (VIOLATED)
_11835_/B                               2.500000    2.694140   -0.194140 (VIOLATED)
_11718_/A1                              2.500000    2.694131   -0.194131 (VIOLATED)
_11722_/A1                              2.500000    2.694131   -0.194131 (VIOLATED)
_11964_/A1                              2.500000    2.694131   -0.194131 (VIOLATED)
_12100_/A1                              2.500000    2.694131   -0.194131 (VIOLATED)
fanout323/Z                             2.500000    2.694131   -0.194131 (VIOLATED)
_08322_/ZN                              2.500000    2.693904   -0.193904 (VIOLATED)
_08323_/I3                              2.500000    2.693904   -0.193904 (VIOLATED)
_07481_/ZN                              2.500000    2.692122   -0.192122 (VIOLATED)
_07482_/A2                              2.500000    2.692122   -0.192122 (VIOLATED)
_13113_/B2                              2.500000    2.691121   -0.191120 (VIOLATED)
_13114_/B2                              2.500000    2.691121   -0.191120 (VIOLATED)
_13096_/A1                              2.500000    2.691119   -0.191119 (VIOLATED)
_13098_/A1                              2.500000    2.691118   -0.191118 (VIOLATED)
_12482_/A3                              2.500000    2.691115   -0.191115 (VIOLATED)
_12638_/A2                              2.500000    2.691106   -0.191106 (VIOLATED)
_12639_/A2                              2.500000    2.691106   -0.191106 (VIOLATED)
_12641_/A2                              2.500000    2.691106   -0.191106 (VIOLATED)
fanout281/I                             2.500000    2.691106   -0.191106 (VIOLATED)
fanout282/Z                             2.500000    2.691106   -0.191106 (VIOLATED)
_11984_/ZN                              2.500000    2.691082   -0.191081 (VIOLATED)
_12006_/A2                              2.500000    2.691082   -0.191081 (VIOLATED)
_12043_/B                               2.500000    2.691082   -0.191081 (VIOLATED)
_12044_/A1                              2.500000    2.691082   -0.191081 (VIOLATED)
_12215_/A2                              2.500000    2.691082   -0.191081 (VIOLATED)
_12216_/A2                              2.500000    2.691082   -0.191081 (VIOLATED)
_12218_/A1                              2.500000    2.691082   -0.191081 (VIOLATED)
_12222_/A1                              2.500000    2.691082   -0.191081 (VIOLATED)
_07430_/I                               2.500000    2.690768   -0.190769 (VIOLATED)
_07424_/B1                              2.500000    2.690768   -0.190768 (VIOLATED)
_07334_/A1                              2.500000    2.690767   -0.190767 (VIOLATED)
_07339_/A1                              2.500000    2.690765   -0.190765 (VIOLATED)
_07329_/B1                              2.500000    2.690765   -0.190765 (VIOLATED)
_07481_/B1                              2.500000    2.690765   -0.190765 (VIOLATED)
_07236_/B1                              2.500000    2.690753   -0.190753 (VIOLATED)
_07233_/Z                               2.500000    2.690742   -0.190743 (VIOLATED)
_07273_/B1                              2.500000    2.690742   -0.190743 (VIOLATED)
_07278_/A1                              2.500000    2.690742   -0.190743 (VIOLATED)
_07284_/A1                              2.500000    2.690742   -0.190743 (VIOLATED)
_14430_/RN                              2.500000    2.686779   -0.186779 (VIOLATED)
_14443_/RN                              2.500000    2.686779   -0.186779 (VIOLATED)
_14446_/RN                              2.500000    2.686779   -0.186779 (VIOLATED)
_14459_/RN                              2.500000    2.686779   -0.186779 (VIOLATED)
_14461_/RN                              2.500000    2.686779   -0.186779 (VIOLATED)
_14462_/RN                              2.500000    2.686779   -0.186779 (VIOLATED)
_14475_/RN                              2.500000    2.686779   -0.186779 (VIOLATED)
_14477_/RN                              2.500000    2.686779   -0.186779 (VIOLATED)
_14491_/RN                              2.500000    2.686779   -0.186779 (VIOLATED)
_14493_/RN                              2.500000    2.686779   -0.186779 (VIOLATED)
fanout546/Z                             2.500000    2.686779   -0.186779 (VIOLATED)
_08234_/ZN                              2.500000    2.685451   -0.185451 (VIOLATED)
_08235_/I3                              2.500000    2.685451   -0.185451 (VIOLATED)
_14470_/RN                              2.500000    2.684150   -0.184150 (VIOLATED)
_14454_/RN                              2.500000    2.684150   -0.184149 (VIOLATED)
_14438_/RN                              2.500000    2.684147   -0.184147 (VIOLATED)
_14422_/RN                              2.500000    2.684145   -0.184145 (VIOLATED)
_14580_/RN                              2.500000    2.684131   -0.184131 (VIOLATED)
_14596_/RN                              2.500000    2.684131   -0.184131 (VIOLATED)
_14889_/RN                              2.500000    2.684131   -0.184131 (VIOLATED)
_14890_/RN                              2.500000    2.684131   -0.184131 (VIOLATED)
_14891_/RN                              2.500000    2.684131   -0.184131 (VIOLATED)
_14894_/RN                              2.500000    2.684131   -0.184131 (VIOLATED)
fanout535/Z                             2.500000    2.684131   -0.184131 (VIOLATED)
_14592_/RN                              2.500000    2.679295   -0.179295 (VIOLATED)
_14593_/RN                              2.500000    2.679295   -0.179295 (VIOLATED)
_14608_/RN                              2.500000    2.679295   -0.179295 (VIOLATED)
_14609_/RN                              2.500000    2.679295   -0.179295 (VIOLATED)
_14611_/RN                              2.500000    2.679295   -0.179295 (VIOLATED)
_14623_/RN                              2.500000    2.679295   -0.179295 (VIOLATED)
_14624_/RN                              2.500000    2.679295   -0.179295 (VIOLATED)
_14625_/RN                              2.500000    2.679295   -0.179295 (VIOLATED)
_14639_/RN                              2.500000    2.679295   -0.179295 (VIOLATED)
_14655_/RN                              2.500000    2.679295   -0.179295 (VIOLATED)
fanout551/Z                             2.500000    2.679295   -0.179295 (VIOLATED)
_07239_/B1                              2.500000    2.678742   -0.178742 (VIOLATED)
_07338_/A1                              2.500000    2.678740   -0.178740 (VIOLATED)
_07084_/Z                               2.500000    2.678731   -0.178731 (VIOLATED)
_07089_/A1                              2.500000    2.678731   -0.178731 (VIOLATED)
_07101_/A1                              2.500000    2.678731   -0.178731 (VIOLATED)
_07162_/B1                              2.500000    2.678731   -0.178731 (VIOLATED)
_07165_/B1                              2.500000    2.678731   -0.178731 (VIOLATED)
_07233_/I                               2.500000    2.678731   -0.178731 (VIOLATED)
_07277_/A1                              2.500000    2.678731   -0.178731 (VIOLATED)
_07283_/A1                              2.500000    2.678731   -0.178731 (VIOLATED)
_07333_/A1                              2.500000    2.678731   -0.178731 (VIOLATED)
_10877_/A2                              2.500000    2.677777   -0.177777 (VIOLATED)
_10951_/A2                              2.500000    2.677774   -0.177774 (VIOLATED)
_10845_/A2                              2.500000    2.677773   -0.177773 (VIOLATED)
_10895_/A2                              2.500000    2.677773   -0.177773 (VIOLATED)
_10930_/A2                              2.500000    2.677771   -0.177771 (VIOLATED)
_10822_/A2                              2.500000    2.677771   -0.177771 (VIOLATED)
_10941_/A2                              2.500000    2.677771   -0.177770 (VIOLATED)
_10798_/Z                               2.500000    2.677759   -0.177759 (VIOLATED)
_10799_/I                               2.500000    2.677759   -0.177759 (VIOLATED)
_10807_/I                               2.500000    2.677759   -0.177759 (VIOLATED)
_11225_/C                               2.500000    2.677759   -0.177759 (VIOLATED)
_12861_/ZN                              2.500000    2.677663   -0.177663 (VIOLATED)
_12864_/A1                              2.500000    2.677663   -0.177663 (VIOLATED)
_12963_/A1                              2.500000    2.677663   -0.177663 (VIOLATED)
_14822_/RN                              2.500000    2.676826   -0.176826 (VIOLATED)
_14818_/RN                              2.500000    2.676824   -0.176824 (VIOLATED)
_14819_/RN                              2.500000    2.676823   -0.176823 (VIOLATED)
_14821_/RN                              2.500000    2.676820   -0.176820 (VIOLATED)
_14817_/RN                              2.500000    2.676818   -0.176818 (VIOLATED)
_14816_/RN                              2.500000    2.676810   -0.176810 (VIOLATED)
_14835_/RN                              2.500000    2.676810   -0.176810 (VIOLATED)
_14836_/RN                              2.500000    2.676810   -0.176810 (VIOLATED)
_14837_/RN                              2.500000    2.676810   -0.176810 (VIOLATED)
_14856_/RN                              2.500000    2.676810   -0.176810 (VIOLATED)
fanout568/Z                             2.500000    2.676810   -0.176810 (VIOLATED)
_10309_/S                               2.500000    2.672564   -0.172564 (VIOLATED)
max_cap109/I                            2.500000    2.672563   -0.172563 (VIOLATED)
_10297_/S                               2.500000    2.672555   -0.172555 (VIOLATED)
_10295_/S                               2.500000    2.672551   -0.172551 (VIOLATED)
_10294_/Z                               2.500000    2.672540   -0.172540 (VIOLATED)
_10315_/S                               2.500000    2.672540   -0.172540 (VIOLATED)
_12847_/A2                              2.500000    2.672096   -0.172096 (VIOLATED)
_12831_/A2                              2.500000    2.672095   -0.172095 (VIOLATED)
_12830_/ZN                              2.500000    2.672085   -0.172085 (VIOLATED)
_12835_/A1                              2.500000    2.672085   -0.172085 (VIOLATED)
_07599_/ZN                              2.500000    2.671088   -0.171088 (VIOLATED)
_07642_/A2                              2.500000    2.671088   -0.171088 (VIOLATED)
_07644_/A1                              2.500000    2.671088   -0.171088 (VIOLATED)
_07645_/A1                              2.500000    2.671088   -0.171088 (VIOLATED)
_14284_/RN                              2.500000    2.670851   -0.170851 (VIOLATED)
_14300_/RN                              2.500000    2.670850   -0.170850 (VIOLATED)
_14316_/RN                              2.500000    2.670850   -0.170850 (VIOLATED)
_14270_/RN                              2.500000    2.670841   -0.170841 (VIOLATED)
_14254_/RN                              2.500000    2.670838   -0.170838 (VIOLATED)
_14238_/RN                              2.500000    2.670832   -0.170832 (VIOLATED)
_14222_/RN                              2.500000    2.670825   -0.170825 (VIOLATED)
_14237_/RN                              2.500000    2.670816   -0.170816 (VIOLATED)
fanout498/I                             2.500000    2.670816   -0.170816 (VIOLATED)
fanout499/Z                             2.500000    2.670816   -0.170816 (VIOLATED)
_14365_/RN                              2.500000    2.670087   -0.170087 (VIOLATED)
_14191_/RN                              2.500000    2.670087   -0.170087 (VIOLATED)
_14381_/RN                              2.500000    2.670087   -0.170087 (VIOLATED)
_14349_/RN                              2.500000    2.670086   -0.170086 (VIOLATED)
_14175_/RN                              2.500000    2.670086   -0.170086 (VIOLATED)
_14205_/RN                              2.500000    2.670078   -0.170078 (VIOLATED)
_14221_/RN                              2.500000    2.670078   -0.170078 (VIOLATED)
_14271_/RN                              2.500000    2.670078   -0.170078 (VIOLATED)
_14397_/RN                              2.500000    2.670078   -0.170078 (VIOLATED)
_14413_/RN                              2.500000    2.670078   -0.170078 (VIOLATED)
fanout506/Z                             2.500000    2.670078   -0.170078 (VIOLATED)
_14533_/RN                              2.500000    2.669483   -0.169483 (VIOLATED)
_14535_/RN                              2.500000    2.669483   -0.169483 (VIOLATED)
_14536_/RN                              2.500000    2.669483   -0.169483 (VIOLATED)
_14549_/RN                              2.500000    2.669483   -0.169483 (VIOLATED)
_14550_/RN                              2.500000    2.669483   -0.169483 (VIOLATED)
_14551_/RN                              2.500000    2.669483   -0.169483 (VIOLATED)
_14569_/RN                              2.500000    2.669483   -0.169483 (VIOLATED)
_14842_/SETN                            2.500000    2.669483   -0.169483 (VIOLATED)
_14898_/RN                              2.500000    2.669483   -0.169483 (VIOLATED)
_14900_/RN                              2.500000    2.669483   -0.169483 (VIOLATED)
fanout542/Z                             2.500000    2.669483   -0.169483 (VIOLATED)
_13007_/A2                              2.500000    2.669014   -0.169014 (VIOLATED)
_12892_/A2                              2.500000    2.669012   -0.169012 (VIOLATED)
_12959_/A2                              2.500000    2.669012   -0.169012 (VIOLATED)
_12827_/A2                              2.500000    2.669004   -0.169004 (VIOLATED)
_12530_/A2                              2.500000    2.669002   -0.169002 (VIOLATED)
_12453_/A2                              2.500000    2.668993   -0.168993 (VIOLATED)
_12349_/A2                              2.500000    2.668987   -0.168987 (VIOLATED)
_12284_/A2                              2.500000    2.668985   -0.168985 (VIOLATED)
_12735_/A2                              2.500000    2.668978   -0.168978 (VIOLATED)
_12283_/Z                               2.500000    2.668970   -0.168970 (VIOLATED)
_12673_/A2                              2.500000    2.668970   -0.168970 (VIOLATED)
_14577_/RN                              2.500000    2.667106   -0.167106 (VIOLATED)
_14562_/RN                              2.500000    2.667105   -0.167105 (VIOLATED)
_14561_/RN                              2.500000    2.667104   -0.167103 (VIOLATED)
_14563_/RN                              2.500000    2.667104   -0.167103 (VIOLATED)
fanout557/I                             2.500000    2.667104   -0.167103 (VIOLATED)
_14547_/RN                              2.500000    2.667100   -0.167100 (VIOLATED)
_14545_/RN                              2.500000    2.667100   -0.167100 (VIOLATED)
_14546_/RN                              2.500000    2.667099   -0.167099 (VIOLATED)
_14908_/RN                              2.500000    2.667085   -0.167085 (VIOLATED)
_14909_/RN                              2.500000    2.667085   -0.167085 (VIOLATED)
fanout558/Z                             2.500000    2.667085   -0.167085 (VIOLATED)
_07395_/S                               2.500000    2.657337   -0.157337 (VIOLATED)
_07182_/I                               2.500000    2.657336   -0.157335 (VIOLATED)
_07322_/A1                              2.500000    2.657332   -0.157332 (VIOLATED)
_07266_/A1                              2.500000    2.657332   -0.157332 (VIOLATED)
_07062_/A1                              2.500000    2.657311   -0.157311 (VIOLATED)
_06832_/ZN                              2.500000    2.657297   -0.157297 (VIOLATED)
_06883_/A1                              2.500000    2.657297   -0.157297 (VIOLATED)
_06884_/A1                              2.500000    2.657297   -0.157297 (VIOLATED)
_13228_/ZN                              2.500000    2.656752   -0.156752 (VIOLATED)
_13229_/I                               2.500000    2.656752   -0.156752 (VIOLATED)
_13278_/A1                              2.500000    2.656752   -0.156752 (VIOLATED)
_13283_/A1                              2.500000    2.656752   -0.156752 (VIOLATED)
_13287_/A1                              2.500000    2.656752   -0.156752 (VIOLATED)
_13291_/A1                              2.500000    2.656752   -0.156752 (VIOLATED)
_13295_/A1                              2.500000    2.656752   -0.156752 (VIOLATED)
_14794_/RN                              2.500000    2.656316   -0.156316 (VIOLATED)
_14840_/RN                              2.500000    2.656316   -0.156316 (VIOLATED)
_14841_/RN                              2.500000    2.656315   -0.156315 (VIOLATED)
_14789_/SETN                            2.500000    2.656305   -0.156305 (VIOLATED)
_14790_/RN                              2.500000    2.656305   -0.156305 (VIOLATED)
_14791_/RN                              2.500000    2.656305   -0.156305 (VIOLATED)
_14792_/RN                              2.500000    2.656305   -0.156305 (VIOLATED)
_14793_/RN                              2.500000    2.656305   -0.156305 (VIOLATED)
_14795_/RN                              2.500000    2.656305   -0.156305 (VIOLATED)
_14839_/SETN                            2.500000    2.656305   -0.156305 (VIOLATED)
fanout472/Z                             2.500000    2.656305   -0.156305 (VIOLATED)
_11340_/ZN                              2.500000    2.650539   -0.150539 (VIOLATED)
_11341_/A2                              2.500000    2.650539   -0.150539 (VIOLATED)
_11360_/A2                              2.500000    2.650539   -0.150539 (VIOLATED)
_11407_/A2                              2.500000    2.650539   -0.150539 (VIOLATED)
_08023_/I                               2.500000    2.647981   -0.147981 (VIOLATED)
_08036_/I                               2.500000    2.647980   -0.147980 (VIOLATED)
_08146_/I                               2.500000    2.647977   -0.147977 (VIOLATED)
_08022_/Z                               2.500000    2.647968   -0.147968 (VIOLATED)
_08047_/I                               2.500000    2.647968   -0.147968 (VIOLATED)
_08058_/I                               2.500000    2.647968   -0.147968 (VIOLATED)
_08107_/I                               2.500000    2.647968   -0.147968 (VIOLATED)
_08336_/A3                              2.500000    2.647968   -0.147968 (VIOLATED)
_08358_/A3                              2.500000    2.647968   -0.147968 (VIOLATED)
_08380_/A3                              2.500000    2.647968   -0.147968 (VIOLATED)
_08402_/A3                              2.500000    2.647968   -0.147968 (VIOLATED)
_14192_/RN                              2.500000    2.641921   -0.141921 (VIOLATED)
_14203_/RN                              2.500000    2.641921   -0.141921 (VIOLATED)
_14208_/RN                              2.500000    2.641921   -0.141921 (VIOLATED)
_14219_/RN                              2.500000    2.641921   -0.141921 (VIOLATED)
_14224_/RN                              2.500000    2.641921   -0.141921 (VIOLATED)
_14235_/RN                              2.500000    2.641921   -0.141921 (VIOLATED)
_14251_/RN                              2.500000    2.641921   -0.141921 (VIOLATED)
_14256_/RN                              2.500000    2.641921   -0.141921 (VIOLATED)
_14379_/RN                              2.500000    2.641921   -0.141921 (VIOLATED)
_14395_/RN                              2.500000    2.641921   -0.141921 (VIOLATED)
fanout491/Z                             2.500000    2.641921   -0.141921 (VIOLATED)
_10667_/A2                              2.500000    2.641282   -0.141282 (VIOLATED)
_10584_/A2                              2.500000    2.641279   -0.141279 (VIOLATED)
_10653_/A2                              2.500000    2.641267   -0.141267 (VIOLATED)
_09742_/Z                               2.500000    2.641253   -0.141252 (VIOLATED)
_09789_/A2                              2.500000    2.641253   -0.141252 (VIOLATED)
max_length131/I                         2.500000    2.641253   -0.141252 (VIOLATED)
_14665_/RN                              2.500000    2.640564   -0.140564 (VIOLATED)
_14702_/RN                              2.500000    2.640563   -0.140563 (VIOLATED)
_14705_/RN                              2.500000    2.640563   -0.140563 (VIOLATED)
_14704_/RN                              2.500000    2.640556   -0.140556 (VIOLATED)
_14701_/RN                              2.500000    2.640553   -0.140553 (VIOLATED)
_14664_/RN                              2.500000    2.640546   -0.140546 (VIOLATED)
_14707_/RN                              2.500000    2.640540   -0.140540 (VIOLATED)
_14700_/RN                              2.500000    2.640538   -0.140538 (VIOLATED)
_14699_/RN                              2.500000    2.640537   -0.140537 (VIOLATED)
_14698_/RN                              2.500000    2.640526   -0.140526 (VIOLATED)
fanout527/Z                             2.500000    2.640526   -0.140526 (VIOLATED)
_14177_/RN                              2.500000    2.638234   -0.138234 (VIOLATED)
_14178_/RN                              2.500000    2.638234   -0.138234 (VIOLATED)
_14194_/RN                              2.500000    2.638232   -0.138232 (VIOLATED)
_14385_/RN                              2.500000    2.638229   -0.138229 (VIOLATED)
_14193_/RN                              2.500000    2.638228   -0.138228 (VIOLATED)
_14241_/RN                              2.500000    2.638220   -0.138219 (VIOLATED)
_14257_/RN                              2.500000    2.638220   -0.138219 (VIOLATED)
_14273_/RN                              2.500000    2.638220   -0.138219 (VIOLATED)
_14353_/RN                              2.500000    2.638220   -0.138219 (VIOLATED)
_14369_/RN                              2.500000    2.638220   -0.138219 (VIOLATED)
fanout493/Z                             2.500000    2.638220   -0.138219 (VIOLATED)
_07359_/ZN                              2.500000    2.637668   -0.137668 (VIOLATED)
_07360_/A2                              2.500000    2.637668   -0.137668 (VIOLATED)
_07368_/B2                              2.500000    2.637668   -0.137668 (VIOLATED)
_07373_/A2                              2.500000    2.637668   -0.137668 (VIOLATED)
_07374_/I0                              2.500000    2.637668   -0.137668 (VIOLATED)
_07380_/A1                              2.500000    2.637668   -0.137668 (VIOLATED)
_07386_/B2                              2.500000    2.637668   -0.137668 (VIOLATED)
_10040_/S                               2.500000    2.637246   -0.137246 (VIOLATED)
_10042_/S                               2.500000    2.637246   -0.137246 (VIOLATED)
_10039_/Z                               2.500000    2.637235   -0.137235 (VIOLATED)
_10058_/S                               2.500000    2.637235   -0.137235 (VIOLATED)
_10063_/S                               2.500000    2.637235   -0.137235 (VIOLATED)
max_cap34/I                             2.500000    2.637235   -0.137235 (VIOLATED)
_12893_/A1                              2.500000    2.635794   -0.135794 (VIOLATED)
_12892_/A1                              2.500000    2.635793   -0.135793 (VIOLATED)
_12825_/A1                              2.500000    2.635791   -0.135791 (VIOLATED)
_12822_/B2                              2.500000    2.635786   -0.135786 (VIOLATED)
_12577_/B2                              2.500000    2.635784   -0.135784 (VIOLATED)
_12657_/A1                              2.500000    2.635783   -0.135783 (VIOLATED)
_12655_/A1                              2.500000    2.635782   -0.135782 (VIOLATED)
_12728_/A1                              2.500000    2.635782   -0.135782 (VIOLATED)
fanout305/I                             2.500000    2.635761   -0.135761 (VIOLATED)
fanout306/I                             2.500000    2.635761   -0.135761 (VIOLATED)
fanout307/Z                             2.500000    2.635761   -0.135761 (VIOLATED)
_11922_/ZN                              2.500000    2.635596   -0.135596 (VIOLATED)
_11929_/A1                              2.500000    2.635596   -0.135596 (VIOLATED)
_12027_/A1                              2.500000    2.635596   -0.135596 (VIOLATED)
_12028_/A1                              2.500000    2.635596   -0.135596 (VIOLATED)
_12030_/A1                              2.500000    2.635596   -0.135596 (VIOLATED)
_07858_/B1                              2.500000    2.633936   -0.133936 (VIOLATED)
_07847_/B1                              2.500000    2.633934   -0.133934 (VIOLATED)
_07790_/I                               2.500000    2.633933   -0.133933 (VIOLATED)
_07798_/A2                              2.500000    2.633929   -0.133930 (VIOLATED)
_07809_/B1                              2.500000    2.633929   -0.133928 (VIOLATED)
_07820_/B1                              2.500000    2.633924   -0.133924 (VIOLATED)
_07802_/A2                              2.500000    2.633915   -0.133915 (VIOLATED)
_07854_/B1                              2.500000    2.633914   -0.133914 (VIOLATED)
_07662_/Z                               2.500000    2.633901   -0.133901 (VIOLATED)
_07664_/A2                              2.500000    2.633901   -0.133901 (VIOLATED)
_07732_/A2                              2.500000    2.633901   -0.133901 (VIOLATED)
_08256_/ZN                              2.500000    2.630001   -0.130001 (VIOLATED)
_08257_/I3                              2.500000    2.630001   -0.130001 (VIOLATED)
_07751_/A2                              2.500000    2.628592   -0.128592 (VIOLATED)
_07762_/A2                              2.500000    2.628591   -0.128591 (VIOLATED)
_07758_/A2                              2.500000    2.628590   -0.128590 (VIOLATED)
_07689_/A2                              2.500000    2.628586   -0.128586 (VIOLATED)
_07682_/A2                              2.500000    2.628579   -0.128579 (VIOLATED)
_07671_/C                               2.500000    2.628577   -0.128576 (VIOLATED)
_07693_/A2                              2.500000    2.628575   -0.128575 (VIOLATED)
_07448_/Z                               2.500000    2.628567   -0.128567 (VIOLATED)
_07449_/A2                              2.500000    2.628567   -0.128567 (VIOLATED)
_07454_/A2                              2.500000    2.628567   -0.128567 (VIOLATED)
_07464_/I                               2.500000    2.628567   -0.128567 (VIOLATED)
_14250_/RN                              2.500000    2.628485   -0.128485 (VIOLATED)
_14412_/RN                              2.500000    2.628485   -0.128485 (VIOLATED)
_14394_/RN                              2.500000    2.628485   -0.128485 (VIOLATED)
_14410_/RN                              2.500000    2.628484   -0.128484 (VIOLATED)
fanout487/I                             2.500000    2.628481   -0.128481 (VIOLATED)
_14170_/RN                              2.500000    2.628479   -0.128479 (VIOLATED)
_14186_/RN                              2.500000    2.628471   -0.128471 (VIOLATED)
_14202_/RN                              2.500000    2.628471   -0.128471 (VIOLATED)
_14218_/RN                              2.500000    2.628471   -0.128471 (VIOLATED)
_14234_/RN                              2.500000    2.628471   -0.128471 (VIOLATED)
fanout488/Z                             2.500000    2.628471   -0.128471 (VIOLATED)
_13006_/A2                              2.500000    2.625994   -0.125994 (VIOLATED)
_12961_/A2                              2.500000    2.625990   -0.125990 (VIOLATED)
_12893_/A2                              2.500000    2.625987   -0.125987 (VIOLATED)
_12826_/A2                              2.500000    2.625985   -0.125985 (VIOLATED)
_12348_/A2                              2.500000    2.625979   -0.125979 (VIOLATED)
_12282_/B1                              2.500000    2.625978   -0.125978 (VIOLATED)
_12452_/B1                              2.500000    2.625977   -0.125977 (VIOLATED)
_12529_/B1                              2.500000    2.625968   -0.125968 (VIOLATED)
_12734_/B1                              2.500000    2.625957   -0.125957 (VIOLATED)
_12281_/Z                               2.500000    2.625940   -0.125940 (VIOLATED)
_12672_/B1                              2.500000    2.625940   -0.125940 (VIOLATED)
_08908_/S                               2.500000    2.622229   -0.122229 (VIOLATED)
_08906_/S                               2.500000    2.622228   -0.122228 (VIOLATED)
_08914_/S                               2.500000    2.622226   -0.122226 (VIOLATED)
_08912_/S                               2.500000    2.622213   -0.122213 (VIOLATED)
_08922_/S                               2.500000    2.622203   -0.122203 (VIOLATED)
_08905_/Z                               2.500000    2.622178   -0.122178 (VIOLATED)
max_cap65/I                             2.500000    2.622178   -0.122178 (VIOLATED)
_14364_/RN                              2.500000    2.619768   -0.119768 (VIOLATED)
_14171_/RN                              2.500000    2.619760   -0.119760 (VIOLATED)
_14172_/RN                              2.500000    2.619760   -0.119760 (VIOLATED)
_14187_/RN                              2.500000    2.619760   -0.119760 (VIOLATED)
_14188_/RN                              2.500000    2.619760   -0.119760 (VIOLATED)
_14204_/RN                              2.500000    2.619760   -0.119760 (VIOLATED)
_14220_/RN                              2.500000    2.619760   -0.119760 (VIOLATED)
_14236_/RN                              2.500000    2.619760   -0.119760 (VIOLATED)
_14252_/RN                              2.500000    2.619760   -0.119760 (VIOLATED)
_14380_/RN                              2.500000    2.619760   -0.119760 (VIOLATED)
fanout487/Z                             2.500000    2.619760   -0.119760 (VIOLATED)
_11289_/A1                              2.500000    2.619486   -0.119486 (VIOLATED)
_11398_/S                               2.500000    2.619481   -0.119481 (VIOLATED)
_10844_/B                               2.500000    2.619479   -0.119479 (VIOLATED)
_11550_/A1                              2.500000    2.619479   -0.119479 (VIOLATED)
_11551_/A2                              2.500000    2.619478   -0.119478 (VIOLATED)
_11620_/A1                              2.500000    2.619473   -0.119473 (VIOLATED)
_10833_/A1                              2.500000    2.619468   -0.119468 (VIOLATED)
_10787_/A2                              2.500000    2.619457   -0.119457 (VIOLATED)
_10788_/A1                              2.500000    2.619457   -0.119457 (VIOLATED)
_11290_/A2                              2.500000    2.619457   -0.119457 (VIOLATED)
fanout251/Z                             2.500000    2.619457   -0.119457 (VIOLATED)
_08493_/S1                              2.500000    2.608263   -0.108263 (VIOLATED)
_08488_/S1                              2.500000    2.608263   -0.108263 (VIOLATED)
_08469_/S1                              2.500000    2.608262   -0.108262 (VIOLATED)
_08483_/S1                              2.500000    2.608260   -0.108260 (VIOLATED)
_13486_/A2                              2.500000    2.608259   -0.108259 (VIOLATED)
_08489_/S1                              2.500000    2.608258   -0.108258 (VIOLATED)
_08484_/S1                              2.500000    2.608257   -0.108257 (VIOLATED)
_07984_/A1                              2.500000    2.608249   -0.108249 (VIOLATED)
_08479_/S1                              2.500000    2.608249   -0.108249 (VIOLATED)
_08494_/S1                              2.500000    2.608249   -0.108249 (VIOLATED)
fanout593/Z                             2.500000    2.608249   -0.108249 (VIOLATED)
_09205_/I                               2.500000    2.608092   -0.108092 (VIOLATED)
_09150_/A2                              2.500000    2.608092   -0.108092 (VIOLATED)
_13305_/A1                              2.500000    2.608088   -0.108088 (VIOLATED)
_09148_/Z                               2.500000    2.608077   -0.108077 (VIOLATED)
_09569_/A1                              2.500000    2.608077   -0.108077 (VIOLATED)
_09606_/A1                              2.500000    2.608077   -0.108077 (VIOLATED)
_09641_/A1                              2.500000    2.608077   -0.108077 (VIOLATED)
_09676_/A1                              2.500000    2.608077   -0.108077 (VIOLATED)
_09711_/A1                              2.500000    2.608077   -0.108077 (VIOLATED)
_13317_/A1                              2.500000    2.608077   -0.108077 (VIOLATED)
_10484_/S                               2.500000    2.607239   -0.107239 (VIOLATED)
_10486_/S                               2.500000    2.607228   -0.107228 (VIOLATED)
_10488_/S                               2.500000    2.607220   -0.107220 (VIOLATED)
_10469_/Z                               2.500000    2.607212   -0.107212 (VIOLATED)
_10490_/S                               2.500000    2.607212   -0.107212 (VIOLATED)
max_length99/I                          2.500000    2.607212   -0.107212 (VIOLATED)
_14288_/RN                              2.500000    2.602590   -0.102590 (VIOLATED)
_14289_/RN                              2.500000    2.602590   -0.102590 (VIOLATED)
_14290_/RN                              2.500000    2.602590   -0.102590 (VIOLATED)
_14291_/RN                              2.500000    2.602590   -0.102590 (VIOLATED)
_14304_/RN                              2.500000    2.602590   -0.102590 (VIOLATED)
_14307_/RN                              2.500000    2.602590   -0.102590 (VIOLATED)
_14428_/RN                              2.500000    2.602590   -0.102590 (VIOLATED)
_14498_/RN                              2.500000    2.602590   -0.102590 (VIOLATED)
_14514_/RN                              2.500000    2.602590   -0.102590 (VIOLATED)
_14530_/RN                              2.500000    2.602590   -0.102590 (VIOLATED)
fanout517/Z                             2.500000    2.602590   -0.102590 (VIOLATED)
_08115_/S                               2.500000    2.594593   -0.094593 (VIOLATED)
_08089_/S                               2.500000    2.594592   -0.094591 (VIOLATED)
max_cap187/I                            2.500000    2.594589   -0.094589 (VIOLATED)
_08062_/S                               2.500000    2.594584   -0.094584 (VIOLATED)
_08061_/Z                               2.500000    2.594569   -0.094569 (VIOLATED)
_08371_/S                               2.500000    2.594569   -0.094569 (VIOLATED)
_08393_/S                               2.500000    2.594569   -0.094569 (VIOLATED)
_10010_/A2                              2.500000    2.589601   -0.089601 (VIOLATED)
_10081_/A2                              2.500000    2.589600   -0.089600 (VIOLATED)
_10117_/A2                              2.500000    2.589600   -0.089599 (VIOLATED)
_10022_/A2                              2.500000    2.589596   -0.089596 (VIOLATED)
_10017_/A2                              2.500000    2.589586   -0.089586 (VIOLATED)
_10020_/A2                              2.500000    2.589583   -0.089583 (VIOLATED)
_10024_/A2                              2.500000    2.589579   -0.089579 (VIOLATED)
_09960_/Z                               2.500000    2.589568   -0.089568 (VIOLATED)
_09962_/A2                              2.500000    2.589568   -0.089568 (VIOLATED)
_09964_/A2                              2.500000    2.589568   -0.089568 (VIOLATED)
_10096_/A2                              2.500000    2.589568   -0.089568 (VIOLATED)
_14166_/RN                              2.500000    2.588305   -0.088305 (VIOLATED)
_14230_/RN                              2.500000    2.588305   -0.088305 (VIOLATED)
_14246_/RN                              2.500000    2.588305   -0.088305 (VIOLATED)
_14249_/RN                              2.500000    2.588305   -0.088305 (VIOLATED)
_14265_/RN                              2.500000    2.588305   -0.088305 (VIOLATED)
_14345_/RN                              2.500000    2.588305   -0.088305 (VIOLATED)
_14361_/RN                              2.500000    2.588305   -0.088305 (VIOLATED)
_14377_/RN                              2.500000    2.588305   -0.088305 (VIOLATED)
_14390_/RN                              2.500000    2.588305   -0.088305 (VIOLATED)
_14393_/RN                              2.500000    2.588305   -0.088305 (VIOLATED)
fanout475/Z                             2.500000    2.588305   -0.088305 (VIOLATED)
_06826_/ZN                              2.500000    2.587114   -0.087114 (VIOLATED)
_06827_/A2                              2.500000    2.587114   -0.087114 (VIOLATED)
_07119_/A2                              2.500000    2.587114   -0.087114 (VIOLATED)
_08418_/A2                              2.500000    2.587114   -0.087114 (VIOLATED)
_09699_/S                               2.500000    2.585873   -0.085873 (VIOLATED)
_09690_/I                               2.500000    2.585873   -0.085873 (VIOLATED)
_09703_/S                               2.500000    2.585873   -0.085873 (VIOLATED)
_09707_/I                               2.500000    2.585873   -0.085873 (VIOLATED)
_09689_/ZN                              2.500000    2.585864   -0.085864 (VIOLATED)
_09701_/S                               2.500000    2.585864   -0.085864 (VIOLATED)
_09705_/S                               2.500000    2.585864   -0.085864 (VIOLATED)
_14544_/RN                              2.500000    2.585504   -0.085504 (VIOLATED)
_14854_/RN                              2.500000    2.585504   -0.085504 (VIOLATED)
_14559_/RN                              2.500000    2.585503   -0.085503 (VIOLATED)
_14543_/RN                              2.500000    2.585503   -0.085503 (VIOLATED)
_14560_/RN                              2.500000    2.585494   -0.085494 (VIOLATED)
_14575_/RN                              2.500000    2.585494   -0.085494 (VIOLATED)
_14576_/RN                              2.500000    2.585494   -0.085494 (VIOLATED)
_14579_/RN                              2.500000    2.585494   -0.085494 (VIOLATED)
_14591_/RN                              2.500000    2.585494   -0.085494 (VIOLATED)
_14607_/RN                              2.500000    2.585494   -0.085494 (VIOLATED)
fanout557/Z                             2.500000    2.585494   -0.085494 (VIOLATED)
_08188_/A1                              2.500000    2.582520   -0.082520 (VIOLATED)
_08166_/A1                              2.500000    2.582519   -0.082519 (VIOLATED)
_08211_/A1                              2.500000    2.582517   -0.082517 (VIOLATED)
_08233_/A1                              2.500000    2.582514   -0.082514 (VIOLATED)
_08365_/A1                              2.500000    2.582503   -0.082503 (VIOLATED)
_08343_/A1                              2.500000    2.582503   -0.082503 (VIOLATED)
_08164_/Z                               2.500000    2.582494   -0.082494 (VIOLATED)
_08255_/A1                              2.500000    2.582494   -0.082494 (VIOLATED)
_08277_/A1                              2.500000    2.582494   -0.082494 (VIOLATED)
_08299_/A1                              2.500000    2.582494   -0.082494 (VIOLATED)
_08321_/A1                              2.500000    2.582494   -0.082494 (VIOLATED)
_10767_/S                               2.500000    2.580744   -0.080744 (VIOLATED)
max_cap83/I                             2.500000    2.580727   -0.080727 (VIOLATED)
_10771_/S                               2.500000    2.580722   -0.080722 (VIOLATED)
_10769_/S                               2.500000    2.580717   -0.080717 (VIOLATED)
_10765_/S                               2.500000    2.580707   -0.080707 (VIOLATED)
_10762_/Z                               2.500000    2.580696   -0.080696 (VIOLATED)
_10763_/S                               2.500000    2.580696   -0.080696 (VIOLATED)
_08112_/ZN                              2.500000    2.580316   -0.080316 (VIOLATED)
_08118_/I2                              2.500000    2.580316   -0.080316 (VIOLATED)
_11008_/A1                              2.500000    2.580087   -0.080087 (VIOLATED)
_11017_/A1                              2.500000    2.580087   -0.080087 (VIOLATED)
_10977_/A1                              2.500000    2.580085   -0.080085 (VIOLATED)
_11039_/A1                              2.500000    2.580085   -0.080085 (VIOLATED)
_11028_/A1                              2.500000    2.580084   -0.080084 (VIOLATED)
_11059_/A1                              2.500000    2.580080   -0.080080 (VIOLATED)
_11093_/A1                              2.500000    2.580077   -0.080077 (VIOLATED)
_10974_/Z                               2.500000    2.580069   -0.080069 (VIOLATED)
_11082_/A1                              2.500000    2.580069   -0.080069 (VIOLATED)
_11146_/A1                              2.500000    2.580069   -0.080069 (VIOLATED)
_11199_/A1                              2.500000    2.580069   -0.080069 (VIOLATED)
_07536_/ZN                              2.500000    2.575881   -0.075881 (VIOLATED)
_07580_/A2                              2.500000    2.575881   -0.075881 (VIOLATED)
_07582_/A1                              2.500000    2.575881   -0.075881 (VIOLATED)
_07583_/A1                              2.500000    2.575881   -0.075881 (VIOLATED)
_12507_/A1                              2.500000    2.575232   -0.075232 (VIOLATED)
_12408_/A1                              2.500000    2.575229   -0.075229 (VIOLATED)
_12090_/A1                              2.500000    2.575224   -0.075224 (VIOLATED)
_12297_/A1                              2.500000    2.575215   -0.075215 (VIOLATED)
_12189_/A1                              2.500000    2.575203   -0.075203 (VIOLATED)
_11797_/ZN                              2.500000    2.575166   -0.075166 (VIOLATED)
_11798_/A3                              2.500000    2.575166   -0.075166 (VIOLATED)
_14541_/RN                              2.500000    2.572662   -0.072662 (VIOLATED)
_14906_/RN                              2.500000    2.572662   -0.072662 (VIOLATED)
_14542_/RN                              2.500000    2.572662   -0.072662 (VIOLATED)
_14605_/RN                              2.500000    2.572660   -0.072660 (VIOLATED)
_14557_/RN                              2.500000    2.572660   -0.072660 (VIOLATED)
_14573_/RN                              2.500000    2.572658   -0.072658 (VIOLATED)
_14558_/RN                              2.500000    2.572648   -0.072648 (VIOLATED)
_14574_/RN                              2.500000    2.572648   -0.072648 (VIOLATED)
_14590_/RN                              2.500000    2.572648   -0.072648 (VIOLATED)
_14606_/RN                              2.500000    2.572648   -0.072648 (VIOLATED)
fanout554/Z                             2.500000    2.572648   -0.072648 (VIOLATED)
_07209_/ZN                              2.500000    2.570628   -0.070628 (VIOLATED)
_07249_/A2                              2.500000    2.570628   -0.070628 (VIOLATED)
_07251_/B1                              2.500000    2.570628   -0.070628 (VIOLATED)
_07252_/A1                              2.500000    2.570628   -0.070628 (VIOLATED)
_07721_/B1                              2.500000    2.566084   -0.066084 (VIOLATED)
_07715_/B1                              2.500000    2.566083   -0.066083 (VIOLATED)
_07832_/B1                              2.500000    2.566082   -0.066081 (VIOLATED)
_07710_/Z                               2.500000    2.566073   -0.066073 (VIOLATED)
_07776_/B1                              2.500000    2.566073   -0.066073 (VIOLATED)
_07782_/B1                              2.500000    2.566073   -0.066073 (VIOLATED)
_07834_/B1                              2.500000    2.566073   -0.066073 (VIOLATED)
_07837_/B1                              2.500000    2.566073   -0.066073 (VIOLATED)
_07919_/A1                              2.500000    2.566073   -0.066073 (VIOLATED)
_07926_/A1                              2.500000    2.566073   -0.066073 (VIOLATED)
_07930_/A1                              2.500000    2.566073   -0.066073 (VIOLATED)
_12141_/A2                              2.500000    2.564025   -0.064025 (VIOLATED)
_12251_/I                               2.500000    2.564025   -0.064025 (VIOLATED)
_12361_/A2                              2.500000    2.564025   -0.064025 (VIOLATED)
_12533_/A3                              2.500000    2.564025   -0.064025 (VIOLATED)
_12535_/B1                              2.500000    2.564025   -0.064025 (VIOLATED)
_12536_/A2                              2.500000    2.564025   -0.064025 (VIOLATED)
_12537_/A2                              2.500000    2.564025   -0.064025 (VIOLATED)
_12669_/A2                              2.500000    2.564025   -0.064025 (VIOLATED)
_12670_/A2                              2.500000    2.564025   -0.064025 (VIOLATED)
_12691_/A3                              2.500000    2.564025   -0.064025 (VIOLATED)
fanout266/Z                             2.500000    2.564025   -0.064025 (VIOLATED)
_07598_/C                               2.500000    2.563066   -0.063066 (VIOLATED)
_07535_/C                               2.500000    2.563066   -0.063066 (VIOLATED)
_07522_/I                               2.500000    2.563065   -0.063065 (VIOLATED)
_07475_/A2                              2.500000    2.563064   -0.063064 (VIOLATED)
_07403_/C                               2.500000    2.563063   -0.063063 (VIOLATED)
_07474_/C                               2.500000    2.563062   -0.063062 (VIOLATED)
_07404_/A2                              2.500000    2.563060   -0.063060 (VIOLATED)
_07120_/Z                               2.500000    2.563051   -0.063051 (VIOLATED)
_07134_/A1                              2.500000    2.563051   -0.063051 (VIOLATED)
_07208_/C                               2.500000    2.563051   -0.063051 (VIOLATED)
_07209_/A2                              2.500000    2.563051   -0.063051 (VIOLATED)
_07404_/ZN                              2.500000    2.561996   -0.061996 (VIOLATED)
_07442_/A2                              2.500000    2.561996   -0.061996 (VIOLATED)
_07444_/A1                              2.500000    2.561996   -0.061996 (VIOLATED)
_07445_/A1                              2.500000    2.561996   -0.061996 (VIOLATED)
_14185_/RN                              2.500000    2.560936   -0.060936 (VIOLATED)
_14199_/RN                              2.500000    2.560936   -0.060936 (VIOLATED)
_14201_/RN                              2.500000    2.560936   -0.060936 (VIOLATED)
_14215_/RN                              2.500000    2.560936   -0.060936 (VIOLATED)
_14217_/RN                              2.500000    2.560936   -0.060936 (VIOLATED)
_14231_/RN                              2.500000    2.560936   -0.060936 (VIOLATED)
_14233_/RN                              2.500000    2.560936   -0.060936 (VIOLATED)
_14247_/RN                              2.500000    2.560936   -0.060936 (VIOLATED)
_14343_/RN                              2.500000    2.560936   -0.060936 (VIOLATED)
fanout476/I                             2.500000    2.560936   -0.060936 (VIOLATED)
fanout477/Z                             2.500000    2.560936   -0.060936 (VIOLATED)
_07143_/A2                              2.500000    2.551142   -0.051142 (VIOLATED)
_07139_/A2                              2.500000    2.551141   -0.051140 (VIOLATED)
_07148_/A2                              2.500000    2.551138   -0.051138 (VIOLATED)
_07353_/B1                              2.500000    2.551138   -0.051138 (VIOLATED)
_07352_/B1                              2.500000    2.551138   -0.051138 (VIOLATED)
_07217_/A2                              2.500000    2.551135   -0.051135 (VIOLATED)
_07213_/A2                              2.500000    2.551135   -0.051135 (VIOLATED)
_07222_/A2                              2.500000    2.551133   -0.051133 (VIOLATED)
_06857_/Z                               2.500000    2.551117   -0.051117 (VIOLATED)
_06858_/I                               2.500000    2.551117   -0.051117 (VIOLATED)
_07047_/A2                              2.500000    2.551117   -0.051117 (VIOLATED)
_07392_/ZN                              2.500000    2.548245   -0.048245 (VIOLATED)
_07395_/I0                              2.500000    2.548245   -0.048245 (VIOLATED)
_13561_/S1                              2.500000    2.547026   -0.047026 (VIOLATED)
_13571_/S1                              2.500000    2.547026   -0.047026 (VIOLATED)
_13572_/S1                              2.500000    2.547025   -0.047025 (VIOLATED)
_13562_/S1                              2.500000    2.547022   -0.047022 (VIOLATED)
_13553_/S1                              2.500000    2.547014   -0.047014 (VIOLATED)
_13566_/S1                              2.500000    2.547014   -0.047014 (VIOLATED)
_13567_/S1                              2.500000    2.547014   -0.047014 (VIOLATED)
_13581_/S1                              2.500000    2.547014   -0.047014 (VIOLATED)
_13582_/S1                              2.500000    2.547014   -0.047014 (VIOLATED)
_13586_/S1                              2.500000    2.547014   -0.047014 (VIOLATED)
fanout579/Z                             2.500000    2.547014   -0.047014 (VIOLATED)
_07840_/A1                              2.500000    2.545165   -0.045165 (VIOLATED)
_07785_/A1                              2.500000    2.545164   -0.045164 (VIOLATED)
_07725_/A1                              2.500000    2.545160   -0.045160 (VIOLATED)
_07898_/A1                              2.500000    2.545151   -0.045151 (VIOLATED)
_07779_/A1                              2.500000    2.545147   -0.045147 (VIOLATED)
_07718_/A1                              2.500000    2.545147   -0.045147 (VIOLATED)
_07657_/A1                              2.500000    2.545137   -0.045137 (VIOLATED)
_07596_/A1                              2.500000    2.545133   -0.045133 (VIOLATED)
_07533_/A1                              2.500000    2.545124   -0.045124 (VIOLATED)
_07396_/Z                               2.500000    2.545114   -0.045114 (VIOLATED)
_07401_/A1                              2.500000    2.545114   -0.045114 (VIOLATED)
_14583_/RN                              2.500000    2.544458   -0.044458 (VIOLATED)
_14599_/RN                              2.500000    2.544456   -0.044456 (VIOLATED)
_14615_/RN                              2.500000    2.544455   -0.044455 (VIOLATED)
_14582_/RN                              2.500000    2.544454   -0.044454 (VIOLATED)
_14598_/RN                              2.500000    2.544454   -0.044454 (VIOLATED)
_14614_/RN                              2.500000    2.544453   -0.044453 (VIOLATED)
_14646_/RN                              2.500000    2.544448   -0.044448 (VIOLATED)
_14630_/RN                              2.500000    2.544436   -0.044436 (VIOLATED)
fanout535/I                             2.500000    2.544436   -0.044436 (VIOLATED)
fanout536/I                             2.500000    2.544436   -0.044436 (VIOLATED)
fanout537/Z                             2.500000    2.544436   -0.044436 (VIOLATED)
_08351_/ZN                              2.500000    2.542706   -0.042705 (VIOLATED)
_08367_/I0                              2.500000    2.542706   -0.042705 (VIOLATED)
_14539_/RN                              2.500000    2.541792   -0.041792 (VIOLATED)
_14540_/RN                              2.500000    2.541792   -0.041792 (VIOLATED)
_14555_/RN                              2.500000    2.541792   -0.041792 (VIOLATED)
_14556_/RN                              2.500000    2.541792   -0.041792 (VIOLATED)
_14571_/RN                              2.500000    2.541792   -0.041792 (VIOLATED)
_14572_/RN                              2.500000    2.541792   -0.041792 (VIOLATED)
_14603_/RN                              2.500000    2.541792   -0.041792 (VIOLATED)
_14904_/RN                              2.500000    2.541792   -0.041792 (VIOLATED)
_14905_/RN                              2.500000    2.541792   -0.041792 (VIOLATED)
fanout554/I                             2.500000    2.541792   -0.041792 (VIOLATED)
fanout555/Z                             2.500000    2.541792   -0.041792 (VIOLATED)
_12690_/A1                              2.500000    2.530696   -0.030696 (VIOLATED)
fanout267/I                             2.500000    2.530694   -0.030694 (VIOLATED)
_12796_/A2                              2.500000    2.530693   -0.030693 (VIOLATED)
_12795_/A2                              2.500000    2.530688   -0.030687 (VIOLATED)
_12866_/A2                              2.500000    2.530649   -0.030649 (VIOLATED)
_12868_/A2                              2.500000    2.530641   -0.030641 (VIOLATED)
_13197_/A2                              2.500000    2.530631   -0.030631 (VIOLATED)
fanout268/I                             2.500000    2.530631   -0.030631 (VIOLATED)
fanout269/Z                             2.500000    2.530631   -0.030631 (VIOLATED)
_09160_/A2                              2.500000    2.530471   -0.030471 (VIOLATED)
_09211_/I                               2.500000    2.530471   -0.030471 (VIOLATED)
_13309_/A1                              2.500000    2.530468   -0.030467 (VIOLATED)
_13321_/A1                              2.500000    2.530464   -0.030464 (VIOLATED)
_09158_/Z                               2.500000    2.530447   -0.030447 (VIOLATED)
_09573_/A1                              2.500000    2.530447   -0.030447 (VIOLATED)
_09610_/A1                              2.500000    2.530447   -0.030447 (VIOLATED)
_09645_/A1                              2.500000    2.530447   -0.030447 (VIOLATED)
_09680_/A1                              2.500000    2.530447   -0.030447 (VIOLATED)
_09715_/A1                              2.500000    2.530447   -0.030447 (VIOLATED)
_14770_/RN                              2.500000    2.528617   -0.028617 (VIOLATED)
_14767_/RN                              2.500000    2.528616   -0.028616 (VIOLATED)
_14765_/RN                              2.500000    2.528615   -0.028615 (VIOLATED)
_14764_/RN                              2.500000    2.528611   -0.028611 (VIOLATED)
_14766_/RN                              2.500000    2.528610   -0.028610 (VIOLATED)
_14763_/RN                              2.500000    2.528605   -0.028605 (VIOLATED)
_14761_/RN                              2.500000    2.528598   -0.028598 (VIOLATED)
_14760_/RN                              2.500000    2.528590   -0.028590 (VIOLATED)
_14762_/RN                              2.500000    2.528590   -0.028590 (VIOLATED)
_14772_/RN                              2.500000    2.528590   -0.028590 (VIOLATED)
fanout464/Z                             2.500000    2.528590   -0.028590 (VIOLATED)
_08306_/A1                              2.500000    2.523307   -0.023307 (VIOLATED)
_08350_/A1                              2.500000    2.523307   -0.023307 (VIOLATED)
_08328_/A1                              2.500000    2.523306   -0.023306 (VIOLATED)
_08284_/A1                              2.500000    2.523305   -0.023305 (VIOLATED)
_08394_/A1                              2.500000    2.523303   -0.023303 (VIOLATED)
_08372_/A1                              2.500000    2.523303   -0.023303 (VIOLATED)
_08060_/Z                               2.500000    2.523294   -0.023294 (VIOLATED)
_08063_/A1                              2.500000    2.523294   -0.023294 (VIOLATED)
_08090_/A1                              2.500000    2.523294   -0.023294 (VIOLATED)
_08116_/A1                              2.500000    2.523294   -0.023294 (VIOLATED)
_08139_/A1                              2.500000    2.523294   -0.023294 (VIOLATED)
_09132_/I0                              2.500000    2.521469   -0.021469 (VIOLATED)
_09487_/I0                              2.500000    2.521468   -0.021468 (VIOLATED)
_09522_/I0                              2.500000    2.521466   -0.021465 (VIOLATED)
_09557_/I0                              2.500000    2.521464   -0.021464 (VIOLATED)
_09452_/I0                              2.500000    2.521461   -0.021461 (VIOLATED)
_09664_/I0                              2.500000    2.521454   -0.021454 (VIOLATED)
_09594_/I0                              2.500000    2.521453   -0.021453 (VIOLATED)
_09699_/I0                              2.500000    2.521453   -0.021453 (VIOLATED)
_09629_/I0                              2.500000    2.521452   -0.021452 (VIOLATED)
_13322_/A1                              2.500000    2.521441   -0.021441 (VIOLATED)
fanout609/Z                             2.500000    2.521441   -0.021441 (VIOLATED)
_08098_/A1                              2.500000    2.519572   -0.019571 (VIOLATED)
_08032_/A1                              2.500000    2.519571   -0.019571 (VIOLATED)
_08075_/A1                              2.500000    2.519570   -0.019570 (VIOLATED)
_08125_/A1                              2.500000    2.519569   -0.019569 (VIOLATED)
_08290_/A1                              2.500000    2.519544   -0.019544 (VIOLATED)
_08334_/A1                              2.500000    2.519542   -0.019541 (VIOLATED)
_08356_/A1                              2.500000    2.519537   -0.019537 (VIOLATED)
_08017_/Z                               2.500000    2.519527   -0.019527 (VIOLATED)
_08312_/A1                              2.500000    2.519527   -0.019527 (VIOLATED)
_08378_/A1                              2.500000    2.519527   -0.019527 (VIOLATED)
_08400_/A1                              2.500000    2.519527   -0.019527 (VIOLATED)
_14915_/RN                              2.500000    2.517140   -0.017140 (VIOLATED)
_14921_/RN                              2.500000    2.517140   -0.017140 (VIOLATED)
_14923_/RN                              2.500000    2.517140   -0.017140 (VIOLATED)
_14925_/RN                              2.500000    2.517140   -0.017140 (VIOLATED)
_14926_/RN                              2.500000    2.517140   -0.017140 (VIOLATED)
_14927_/RN                              2.500000    2.517140   -0.017140 (VIOLATED)
_14938_/RN                              2.500000    2.517140   -0.017140 (VIOLATED)
_14941_/RN                              2.500000    2.517140   -0.017140 (VIOLATED)
_14943_/RN                              2.500000    2.517140   -0.017140 (VIOLATED)
_14944_/RN                              2.500000    2.517140   -0.017140 (VIOLATED)
fanout469/Z                             2.500000    2.517140   -0.017140 (VIOLATED)
_12071_/ZN                              2.500000    2.506984   -0.006984 (VIOLATED)
_12074_/A2                              2.500000    2.506984   -0.006984 (VIOLATED)
_12167_/A2                              2.500000    2.506984   -0.006984 (VIOLATED)
_12221_/B                               2.500000    2.506984   -0.006984 (VIOLATED)
_12224_/A1                              2.500000    2.506984   -0.006984 (VIOLATED)
_07753_/A2                              2.500000    2.501873   -0.001873 (VIOLATED)
_07816_/A2                              2.500000    2.501872   -0.001872 (VIOLATED)
_07820_/A2                              2.500000    2.501868   -0.001867 (VIOLATED)
_07809_/A2                              2.500000    2.501863   -0.001863 (VIOLATED)
_07847_/A2                              2.500000    2.501855   -0.001855 (VIOLATED)
_07854_/A2                              2.500000    2.501855   -0.001855 (VIOLATED)
_07858_/A2                              2.500000    2.501853   -0.001853 (VIOLATED)
_07749_/Z                               2.500000    2.501841   -0.001841 (VIOLATED)
_07920_/A2                              2.500000    2.501841   -0.001841 (VIOLATED)
_07927_/A2                              2.500000    2.501841   -0.001841 (VIOLATED)
_07931_/A2                              2.500000    2.501841   -0.001841 (VIOLATED)
_11886_/Z                               2.500000    2.500099   -0.000099 (VIOLATED)
_11887_/A3                              2.500000    2.500099   -0.000099 (VIOLATED)
_11978_/A3                              2.500000    2.500099   -0.000099 (VIOLATED)
_12021_/S                               2.500000    2.500099   -0.000099 (VIOLATED)

max fanout

Pin                                   Limit Fanout  Slack
---------------------------------------------------------
clkbuf_leaf_63_clk/Z                     10     21    -11 (VIOLATED)
clkbuf_leaf_0_clk/Z                      10     20    -10 (VIOLATED)
clkbuf_leaf_13_clk/Z                     10     20    -10 (VIOLATED)
clkbuf_leaf_2_clk/Z                      10     20    -10 (VIOLATED)
clkbuf_leaf_39_clk/Z                     10     20    -10 (VIOLATED)
clkbuf_leaf_40_clk/Z                     10     20    -10 (VIOLATED)
clkbuf_leaf_41_clk/Z                     10     20    -10 (VIOLATED)
clkbuf_leaf_51_clk/Z                     10     20    -10 (VIOLATED)
clkbuf_leaf_54_clk/Z                     10     20    -10 (VIOLATED)
clkbuf_leaf_65_clk/Z                     10     20    -10 (VIOLATED)
clkbuf_leaf_68_clk/Z                     10     20    -10 (VIOLATED)
clkbuf_leaf_18_clk/Z                     10     19     -9 (VIOLATED)
clkbuf_leaf_19_clk/Z                     10     19     -9 (VIOLATED)
clkbuf_leaf_21_clk/Z                     10     19     -9 (VIOLATED)
clkbuf_leaf_23_clk/Z                     10     19     -9 (VIOLATED)
clkbuf_leaf_31_clk/Z                     10     19     -9 (VIOLATED)
clkbuf_leaf_32_clk/Z                     10     19     -9 (VIOLATED)
clkbuf_leaf_36_clk/Z                     10     19     -9 (VIOLATED)
clkbuf_leaf_37_clk/Z                     10     19     -9 (VIOLATED)
clkbuf_leaf_38_clk/Z                     10     19     -9 (VIOLATED)
clkbuf_leaf_44_clk/Z                     10     19     -9 (VIOLATED)
clkbuf_leaf_46_clk/Z                     10     19     -9 (VIOLATED)
clkbuf_leaf_47_clk/Z                     10     19     -9 (VIOLATED)
clkbuf_leaf_48_clk/Z                     10     19     -9 (VIOLATED)
clkbuf_leaf_49_clk/Z                     10     19     -9 (VIOLATED)
clkbuf_leaf_4_clk/Z                      10     19     -9 (VIOLATED)
clkbuf_leaf_50_clk/Z                     10     19     -9 (VIOLATED)
clkbuf_leaf_53_clk/Z                     10     19     -9 (VIOLATED)
clkbuf_leaf_5_clk/Z                      10     19     -9 (VIOLATED)
clkbuf_leaf_64_clk/Z                     10     19     -9 (VIOLATED)
clkbuf_leaf_72_clk/Z                     10     19     -9 (VIOLATED)
clkbuf_leaf_73_clk/Z                     10     19     -9 (VIOLATED)
clkbuf_leaf_7_clk/Z                      10     19     -9 (VIOLATED)
clkbuf_leaf_10_clk/Z                     10     18     -8 (VIOLATED)
clkbuf_leaf_11_clk/Z                     10     18     -8 (VIOLATED)
clkbuf_leaf_16_clk/Z                     10     18     -8 (VIOLATED)
clkbuf_leaf_22_clk/Z                     10     18     -8 (VIOLATED)
clkbuf_leaf_30_clk/Z                     10     18     -8 (VIOLATED)
clkbuf_leaf_33_clk/Z                     10     18     -8 (VIOLATED)
clkbuf_leaf_34_clk/Z                     10     18     -8 (VIOLATED)
clkbuf_leaf_45_clk/Z                     10     18     -8 (VIOLATED)
clkbuf_leaf_52_clk/Z                     10     18     -8 (VIOLATED)
clkbuf_leaf_59_clk/Z                     10     18     -8 (VIOLATED)
clkbuf_leaf_61_clk/Z                     10     18     -8 (VIOLATED)
clkbuf_leaf_66_clk/Z                     10     18     -8 (VIOLATED)
clkbuf_leaf_67_clk/Z                     10     18     -8 (VIOLATED)
clkbuf_leaf_69_clk/Z                     10     18     -8 (VIOLATED)
clkbuf_leaf_6_clk/Z                      10     18     -8 (VIOLATED)
clkbuf_leaf_70_clk/Z                     10     18     -8 (VIOLATED)
clkbuf_leaf_71_clk/Z                     10     18     -8 (VIOLATED)
clkbuf_leaf_74_clk/Z                     10     18     -8 (VIOLATED)
clkbuf_leaf_75_clk/Z                     10     18     -8 (VIOLATED)
clkbuf_leaf_12_clk/Z                     10     17     -7 (VIOLATED)
clkbuf_leaf_14_clk/Z                     10     17     -7 (VIOLATED)
clkbuf_leaf_15_clk/Z                     10     17     -7 (VIOLATED)
clkbuf_leaf_1_clk/Z                      10     17     -7 (VIOLATED)
clkbuf_leaf_20_clk/Z                     10     17     -7 (VIOLATED)
clkbuf_leaf_25_clk/Z                     10     17     -7 (VIOLATED)
clkbuf_leaf_26_clk/Z                     10     17     -7 (VIOLATED)
clkbuf_leaf_27_clk/Z                     10     17     -7 (VIOLATED)
clkbuf_leaf_28_clk/Z                     10     17     -7 (VIOLATED)
clkbuf_leaf_29_clk/Z                     10     17     -7 (VIOLATED)
clkbuf_leaf_35_clk/Z                     10     17     -7 (VIOLATED)
clkbuf_leaf_42_clk/Z                     10     17     -7 (VIOLATED)
clkbuf_leaf_55_clk/Z                     10     17     -7 (VIOLATED)
clkbuf_leaf_57_clk/Z                     10     17     -7 (VIOLATED)
clkbuf_leaf_62_clk/Z                     10     17     -7 (VIOLATED)
clkbuf_leaf_17_clk/Z                     10     16     -6 (VIOLATED)
clkbuf_leaf_60_clk/Z                     10     16     -6 (VIOLATED)
clkbuf_leaf_8_clk/Z                      10     16     -6 (VIOLATED)
clkbuf_leaf_9_clk/Z                      10     16     -6 (VIOLATED)
clkbuf_leaf_24_clk/Z                     10     14     -4 (VIOLATED)
clkbuf_leaf_3_clk/Z                      10     13     -3 (VIOLATED)
clkbuf_leaf_43_clk/Z                     10     13     -3 (VIOLATED)
clkbuf_leaf_76_clk/Z                     10     13     -3 (VIOLATED)
clkbuf_leaf_58_clk/Z                     10     12     -2 (VIOLATED)



===========================================================================
report_parasitic_annotation -report_unannotated
============================================================================
Found 64 unannotated drivers.
 _14978_/Z
 _14979_/Z
 clkload0/Z
 clkload1/Z
 clkload10/Z
 clkload11/Z
 clkload12/Z
 clkload13/Z
 clkload14/ZN
 clkload15/ZN
 clkload16/ZN
 clkload17/ZN
 clkload18/ZN
 clkload19/Z
 clkload2/Z
 clkload20/ZN
 clkload21/Z
 clkload22/ZN
 clkload23/ZN
 clkload24/ZN
 clkload25/ZN
 clkload26/Z
 clkload27/ZN
 clkload28/Z
 clkload29/ZN
 clkload3/Z
 clkload30/ZN
 clkload31/Z
 clkload32/Z
 clkload33/ZN
 clkload34/Z
 clkload35/Z
 clkload36/ZN
 clkload37/ZN
 clkload38/ZN
 clkload39/ZN
 clkload4/ZN
 clkload40/Z
 clkload41/ZN
 clkload42/Z
 clkload43/ZN
 clkload44/ZN
 clkload45/ZN
 clkload46/ZN
 clkload47/ZN
 clkload48/Z
 clkload49/Z
 clkload5/ZN
 clkload50/Z
 clkload51/ZN
 clkload52/ZN
 clkload53/ZN
 clkload54/ZN
 clkload55/ZN
 clkload56/Z
 clkload57/ZN
 clkload58/ZN
 clkload59/ZN
 clkload6/ZN
 clkload60/ZN
 clkload61/Z
 clkload7/Z
 clkload8/Z
 clkload9/ZN
Found 0 partially unannotated drivers.

===========================================================================
max slew violation count 1842
max fanout violation count 76
max cap violation count 0
============================================================================

===========================================================================
check_setup -verbose -unconstrained_endpoints -multiple_clock -no_clock -no_input_delay -loops -generated_clocks
===========================================================================
