
===========================================================================
report_checks -unconstrained
===========================================================================
======================= min_ss_125C_4v50 Corner ===================================

Startpoint: _14847_ (rising edge-triggered flip-flop clocked by clk)
Endpoint: _14823_ (recovery check against rising-edge clock clk)
Path Group: asynchronous
Path Type: max

Fanout         Cap        Slew       Delay        Time   Description
---------------------------------------------------------------------------------------------
                                  0.000000    0.000000   clock clk (rise edge)
                                  0.000000    0.000000   clock source latency
     2    0.088072    0.000000    0.000000    0.000000 ^ clk (in)
                                                         clk (net)
                      0.022026    0.009009    0.009009 ^ clkbuf_0_clk/I (gf180mcu_fd_sc_mcu7t5v0__clkbuf_16)
     8    0.206302    0.443923    0.573999    0.583009 ^ clkbuf_0_clk/Z (gf180mcu_fd_sc_mcu7t5v0__clkbuf_16)
                                                         clknet_0_clk (net)
                      0.443979    0.007491    0.590499 ^ clkbuf_3_0_0_clk/I (gf180mcu_fd_sc_mcu7t5v0__clkbuf_8)
     2    0.065134    0.323284    0.578080    1.168579 ^ clkbuf_3_0_0_clk/Z (gf180mcu_fd_sc_mcu7t5v0__clkbuf_8)
                                                         clknet_3_0_0_clk (net)
                      0.323285    0.001569    1.170149 ^ clkbuf_4_1__f_clk/I (gf180mcu_fd_sc_mcu7t5v0__clkbuf_16)
     5    0.085111    0.257859    0.513280    1.683429 ^ clkbuf_4_1__f_clk/Z (gf180mcu_fd_sc_mcu7t5v0__clkbuf_16)
                                                         clknet_4_1__leaf_clk (net)
                      0.257865    0.002360    1.685789 ^ clkbuf_leaf_2_clk/I (gf180mcu_fd_sc_mcu7t5v0__clkbuf_8)
    19    0.091607    0.403966    0.589101    2.274890 ^ clkbuf_leaf_2_clk/Z (gf180mcu_fd_sc_mcu7t5v0__clkbuf_8)
                                                         clknet_leaf_2_clk (net)
                      0.403969    0.001480    2.276370 ^ _14847_/CLK (gf180mcu_fd_sc_mcu7t5v0__dffrnq_1)
     1    0.006158    0.346893    1.753646    4.030016 ^ _14847_/Q (gf180mcu_fd_sc_mcu7t5v0__dffrnq_1)
                                                         rst_n_fir (net)
                      0.346893    0.000143    4.030160 ^ wire575/I (gf180mcu_fd_sc_mcu7t5v0__buf_1)
     3    0.024263    0.753910    0.718198    4.748357 ^ wire575/Z (gf180mcu_fd_sc_mcu7t5v0__buf_1)
                                                         net575 (net)
                      0.753911    0.000957    4.749315 ^ max_length862/I (gf180mcu_fd_sc_mcu7t5v0__dlyb_1)
     1    0.023447    0.763714    2.057600    6.806915 ^ max_length862/Z (gf180mcu_fd_sc_mcu7t5v0__dlyb_1)
                                                         net861 (net)
                      0.763714    0.001119    6.808034 ^ wire574/I (gf180mcu_fd_sc_mcu7t5v0__clkbuf_2)
     2    0.021457    0.386012    0.664270    7.472304 ^ wire574/Z (gf180mcu_fd_sc_mcu7t5v0__clkbuf_2)
                                                         net574 (net)
                      0.386012    0.000857    7.473161 ^ wire851/I (gf180mcu_fd_sc_mcu7t5v0__clkbuf_1)
     1    0.028937    0.867786    0.791173    8.264334 ^ wire851/Z (gf180mcu_fd_sc_mcu7t5v0__clkbuf_1)
                                                         net850 (net)
                      0.867795    0.001600    8.265934 ^ fanout571/I (gf180mcu_fd_sc_mcu7t5v0__dlyb_1)
     3    0.028087    0.883365    2.136558   10.402492 ^ fanout571/Z (gf180mcu_fd_sc_mcu7t5v0__dlyb_1)
                                                         net571 (net)
                      0.883365    0.000735   10.403226 ^ wire839/I (gf180mcu_fd_sc_mcu7t5v0__clkbuf_1)
     2    0.034325    1.013624    0.949875   11.353101 ^ wire839/Z (gf180mcu_fd_sc_mcu7t5v0__clkbuf_1)
                                                         net838 (net)
                      1.013640    0.002184   11.355285 ^ wire573/I (gf180mcu_fd_sc_mcu7t5v0__clkbuf_1)
     1    0.011047    0.400996    0.605947   11.961232 ^ wire573/Z (gf180mcu_fd_sc_mcu7t5v0__clkbuf_1)
                                                         net573 (net)
                      0.400996    0.000325   11.961557 ^ wire817/I (gf180mcu_fd_sc_mcu7t5v0__buf_1)
     3    0.035813    1.065426    0.906645   12.868203 ^ wire817/Z (gf180mcu_fd_sc_mcu7t5v0__buf_1)
                                                         net816 (net)
                      1.065426    0.001016   12.869219 ^ max_length572/I (gf180mcu_fd_sc_mcu7t5v0__clkbuf_1)
     1    0.027269    0.825006    0.864554   13.733772 ^ max_length572/Z (gf180mcu_fd_sc_mcu7t5v0__clkbuf_1)
                                                         net572 (net)
                      0.825006    0.001264   13.735037 ^ fanout570/I (gf180mcu_fd_sc_mcu7t5v0__dlyb_1)
     6    0.065624    1.878244    2.716725   16.451761 ^ fanout570/Z (gf180mcu_fd_sc_mcu7t5v0__dlyb_1)
                                                         net570 (net)
                      1.878244    0.000407   16.452168 ^ fanout569/I (gf180mcu_fd_sc_mcu7t5v0__dlyb_1)
     5    0.048766    1.426293    2.463704   18.915873 ^ fanout569/Z (gf180mcu_fd_sc_mcu7t5v0__dlyb_1)
                                                         net569 (net)
                      1.426293    0.000643   18.916515 ^ fanout566/I (gf180mcu_fd_sc_mcu7t5v0__dlyb_1)
     5    0.050311    1.468101    2.491948   21.408463 ^ fanout566/Z (gf180mcu_fd_sc_mcu7t5v0__dlyb_1)
                                                         net566 (net)
                      1.468108    0.001801   21.410265 ^ fanout565/I (gf180mcu_fd_sc_mcu7t5v0__dlyb_1)
    10    0.080374    2.276844    2.958531   24.368795 ^ fanout565/Z (gf180mcu_fd_sc_mcu7t5v0__dlyb_1)
                                                         net565 (net)
                      2.276844    0.000833   24.369629 ^ _14823_/RN (gf180mcu_fd_sc_mcu7t5v0__dffrnq_1)
                                             24.369629   data arrival time

                                 62.500000   62.500000   clock clk (rise edge)
                                  0.000000   62.500000   clock source latency
     2    0.088072    0.000000    0.000000   62.500000 ^ clk (in)
                                                         clk (net)
                      0.022026    0.009010   62.509010 ^ clkbuf_0_clk/I (gf180mcu_fd_sc_mcu7t5v0__clkbuf_16)
     8    0.206302    0.443923    0.573998   63.083008 ^ clkbuf_0_clk/Z (gf180mcu_fd_sc_mcu7t5v0__clkbuf_16)
                                                         clknet_0_clk (net)
                      0.443981    0.007645   63.090656 ^ clkbuf_3_5_0_clk/I (gf180mcu_fd_sc_mcu7t5v0__clkbuf_8)
     2    0.070919    0.340750    0.589104   63.679760 ^ clkbuf_3_5_0_clk/Z (gf180mcu_fd_sc_mcu7t5v0__clkbuf_8)
                                                         clknet_3_5_0_clk (net)
                      0.340755    0.002643   63.682400 ^ clkbuf_4_11__f_clk/I (gf180mcu_fd_sc_mcu7t5v0__clkbuf_16)
     5    0.089006    0.263830    0.521972   64.204376 ^ clkbuf_4_11__f_clk/Z (gf180mcu_fd_sc_mcu7t5v0__clkbuf_16)
                                                         clknet_4_11__leaf_clk (net)
                      0.263830    0.001037   64.205414 ^ clkbuf_leaf_44_clk/I (gf180mcu_fd_sc_mcu7t5v0__clkbuf_8)
    20    0.100135    0.430876    0.608054   64.813461 ^ clkbuf_leaf_44_clk/Z (gf180mcu_fd_sc_mcu7t5v0__clkbuf_8)
                                                         clknet_leaf_44_clk (net)
                      0.430876    0.000810   64.814278 ^ _14823_/CLK (gf180mcu_fd_sc_mcu7t5v0__dffrnq_1)
                                 -0.250000   64.564278   clock uncertainty
                                  0.000000   64.564278   clock reconvergence pessimism
                                  0.049431   64.613708   library recovery time
                                             64.613708   data required time
---------------------------------------------------------------------------------------------
                                             64.613708   data required time
                                            -24.369629   data arrival time
---------------------------------------------------------------------------------------------
                                             40.244083   slack (MET)


Startpoint: _14873_ (rising edge-triggered flip-flop clocked by clk)
Endpoint: _14893_ (rising edge-triggered flip-flop clocked by clk)
Path Group: clk
Path Type: max

Fanout         Cap        Slew       Delay        Time   Description
---------------------------------------------------------------------------------------------
                                  0.000000    0.000000   clock clk (rise edge)
                                  0.000000    0.000000   clock source latency
     2    0.088072    0.000000    0.000000    0.000000 ^ clk (in)
                                                         clk (net)
                      0.022026    0.009009    0.009009 ^ clkbuf_0_clk/I (gf180mcu_fd_sc_mcu7t5v0__clkbuf_16)
     8    0.206302    0.443923    0.573999    0.583009 ^ clkbuf_0_clk/Z (gf180mcu_fd_sc_mcu7t5v0__clkbuf_16)
                                                         clknet_0_clk (net)
                      0.443975    0.007214    0.590223 ^ clkbuf_3_4_0_clk/I (gf180mcu_fd_sc_mcu7t5v0__clkbuf_8)
     2    0.064688    0.321921    0.577208    1.167431 ^ clkbuf_3_4_0_clk/Z (gf180mcu_fd_sc_mcu7t5v0__clkbuf_8)
                                                         clknet_3_4_0_clk (net)
                      0.321923    0.001601    1.169032 ^ clkbuf_4_8__f_clk/I (gf180mcu_fd_sc_mcu7t5v0__clkbuf_16)
     5    0.145026    0.350285    0.579094    1.748126 ^ clkbuf_4_8__f_clk/Z (gf180mcu_fd_sc_mcu7t5v0__clkbuf_16)
                                                         clknet_4_8__leaf_clk (net)
                      0.350292    0.003018    1.751144 ^ clkbuf_leaf_54_clk/I (gf180mcu_fd_sc_mcu7t5v0__clkbuf_8)
    15    0.107101    0.452825    0.641484    2.392627 ^ clkbuf_leaf_54_clk/Z (gf180mcu_fd_sc_mcu7t5v0__clkbuf_8)
                                                         clknet_leaf_54_clk (net)
                      0.452828    0.001886    2.394514 ^ _14873_/CLK (gf180mcu_fd_sc_mcu7t5v0__dffrnq_1)
     1    0.005040    0.200296    1.347245    3.741759 v _14873_/Q (gf180mcu_fd_sc_mcu7t5v0__dffrnq_1)
                                                         fir_inst.control.cnt[0] (net)
                      0.200296    0.000106    3.741865 v fanout363/I (gf180mcu_fd_sc_mcu7t5v0__dlyb_1)
     2    0.023823    0.682676    2.170638    5.912503 v fanout363/Z (gf180mcu_fd_sc_mcu7t5v0__dlyb_1)
                                                         net363 (net)
                      0.682676    0.001116    5.913619 v wire364/I (gf180mcu_fd_sc_mcu7t5v0__buf_2)
     3    0.044945    0.431129    0.731584    6.645202 v wire364/Z (gf180mcu_fd_sc_mcu7t5v0__buf_2)
                                                         net364 (net)
                      0.431148    0.001557    6.646760 v max_length852/I (gf180mcu_fd_sc_mcu7t5v0__clkbuf_1)
     3    0.035053    0.977326    0.916025    7.562784 v max_length852/Z (gf180mcu_fd_sc_mcu7t5v0__clkbuf_1)
                                                         net851 (net)
                      0.977326    0.000854    7.563639 v fanout355/I (gf180mcu_fd_sc_mcu7t5v0__dlyb_1)
     6    0.060536    1.209752    2.896743   10.460382 v fanout355/Z (gf180mcu_fd_sc_mcu7t5v0__dlyb_1)
                                                         net355 (net)
                      1.209756    0.001979   10.462360 v fanout354/I (gf180mcu_fd_sc_mcu7t5v0__dlyb_1)
     9    0.092677    1.670731    3.317057   13.779417 v fanout354/Z (gf180mcu_fd_sc_mcu7t5v0__dlyb_1)
                                                         net354 (net)
                      1.670731    0.000885   13.780302 v fanout353/I (gf180mcu_fd_sc_mcu7t5v0__dlyb_1)
    10    0.079058    1.472143    3.332215   17.112516 v fanout353/Z (gf180mcu_fd_sc_mcu7t5v0__dlyb_1)
                                                         net353 (net)
                      1.472149    0.002364   17.114882 v _06836_/A1 (gf180mcu_fd_sc_mcu7t5v0__nor2_1)
     2    0.017432    1.210083    1.078211   18.193092 ^ _06836_/ZN (gf180mcu_fd_sc_mcu7t5v0__nor2_1)
                                                         _01299_ (net)
                      1.210083    0.000226   18.193317 ^ max_cap247/I (gf180mcu_fd_sc_mcu7t5v0__buf_2)
     6    0.048924    0.733066    0.759966   18.953283 ^ max_cap247/Z (gf180mcu_fd_sc_mcu7t5v0__buf_2)
                                                         net247 (net)
                      0.733083    0.001975   18.955259 ^ _06837_/A2 (gf180mcu_fd_sc_mcu7t5v0__nand2_1)
     9    0.086128    2.420468    1.498361   20.453619 v _06837_/ZN (gf180mcu_fd_sc_mcu7t5v0__nand2_1)
                                                         _01300_ (net)
                      2.420484    0.003546   20.457165 v _06849_/A2 (gf180mcu_fd_sc_mcu7t5v0__nor2_1)
     3    0.038849    2.336298    1.809809   22.266975 ^ _06849_/ZN (gf180mcu_fd_sc_mcu7t5v0__nor2_1)
                                                         _01312_ (net)
                      2.336298    0.001171   22.268145 ^ _06915_/A1 (gf180mcu_fd_sc_mcu7t5v0__nand2_1)
     3    0.027968    1.180990    0.863826   23.131971 v _06915_/ZN (gf180mcu_fd_sc_mcu7t5v0__nand2_1)
                                                         _01378_ (net)
                      1.180991    0.001320   23.133291 v _07065_/I (gf180mcu_fd_sc_mcu7t5v0__buf_1)
     4    0.053630    0.926214    1.270163   24.403454 v _07065_/Z (gf180mcu_fd_sc_mcu7t5v0__buf_1)
                                                         _01527_ (net)
                      0.926214    0.000712   24.404167 v wire694/I (gf180mcu_fd_sc_mcu7t5v0__buf_2)
     7    0.060577    0.549851    0.877613   25.281778 v wire694/Z (gf180mcu_fd_sc_mcu7t5v0__buf_2)
                                                         net693 (net)
                      0.549861    0.001313   25.283092 v _07154_/A1 (gf180mcu_fd_sc_mcu7t5v0__and3_1)
     1    0.005026    0.261107    0.656339   25.939430 v _07154_/Z (gf180mcu_fd_sc_mcu7t5v0__and3_1)
                                                         _01615_ (net)
                      0.261107    0.000094   25.939526 v _07171_/A3 (gf180mcu_fd_sc_mcu7t5v0__oai31_1)
     1    0.021368    2.486309    1.643823   27.583347 ^ _07171_/ZN (gf180mcu_fd_sc_mcu7t5v0__oai31_1)
                                                         _01632_ (net)
                      2.486309    0.000933   27.584280 ^ wire680/I (gf180mcu_fd_sc_mcu7t5v0__dlyb_1)
     1    0.022362    0.736268    2.032294   29.616575 ^ wire680/Z (gf180mcu_fd_sc_mcu7t5v0__dlyb_1)
                                                         net679 (net)
                      0.736268    0.001029   29.617603 ^ _07172_/A2 (gf180mcu_fd_sc_mcu7t5v0__nand2_1)
     4    0.024859    0.996391    0.562959   30.180563 v _07172_/ZN (gf180mcu_fd_sc_mcu7t5v0__nand2_1)
                                                         _01633_ (net)
                      0.996391    0.000345   30.180908 v _07270_/A1 (gf180mcu_fd_sc_mcu7t5v0__and3_1)
     6    0.039139    0.772312    1.207731   31.388638 v _07270_/Z (gf180mcu_fd_sc_mcu7t5v0__and3_1)
                                                         _01729_ (net)
                      0.772315    0.000909   31.389547 v _07364_/A1 (gf180mcu_fd_sc_mcu7t5v0__nand2_1)
     2    0.017447    0.752384    0.615668   32.005215 ^ _07364_/ZN (gf180mcu_fd_sc_mcu7t5v0__nand2_1)
                                                         _01822_ (net)
                      0.752384    0.000256   32.005470 ^ _07374_/S (gf180mcu_fd_sc_mcu7t5v0__mux2_2)
     1    0.006608    0.254280    0.768278   32.773750 v _07374_/Z (gf180mcu_fd_sc_mcu7t5v0__mux2_2)
                                                         _01831_ (net)
                      0.254280    0.000131   32.773880 v _07375_/B1 (gf180mcu_fd_sc_mcu7t5v0__oai22_1)
     1    0.004910    0.983565    0.614499   33.388378 ^ _07375_/ZN (gf180mcu_fd_sc_mcu7t5v0__oai22_1)
                                                         _01832_ (net)
                      0.983565    0.000053   33.388432 ^ _07376_/A4 (gf180mcu_fd_sc_mcu7t5v0__nor4_1)
     2    0.012928    0.867314    0.731344   34.119778 v _07376_/ZN (gf180mcu_fd_sc_mcu7t5v0__nor4_1)
                                                         _01833_ (net)
                      0.867314    0.000220   34.119995 v _07446_/A1 (gf180mcu_fd_sc_mcu7t5v0__oai31_1)
     2    0.014562    1.940731    1.300741   35.420738 ^ _07446_/ZN (gf180mcu_fd_sc_mcu7t5v0__oai31_1)
                                                         _01902_ (net)
                      1.940731    0.000242   35.420979 ^ _07521_/A1 (gf180mcu_fd_sc_mcu7t5v0__aoi21_1)
     2    0.015829    0.842492    0.565528   35.986507 v _07521_/ZN (gf180mcu_fd_sc_mcu7t5v0__aoi21_1)
                                                         _01976_ (net)
                      0.842492    0.000323   35.986832 v _07584_/A1 (gf180mcu_fd_sc_mcu7t5v0__oai21_1)
     3    0.018526    1.271956    0.961485   36.948315 ^ _07584_/ZN (gf180mcu_fd_sc_mcu7t5v0__oai21_1)
                                                         _02038_ (net)
                      1.271956    0.000199   36.948513 ^ _07706_/A1 (gf180mcu_fd_sc_mcu7t5v0__oai221_1)
     1    0.004119    0.642910    0.480227   37.428741 v _07706_/ZN (gf180mcu_fd_sc_mcu7t5v0__oai221_1)
                                                         _02158_ (net)
                      0.642910    0.000043   37.428783 v _07708_/A1 (gf180mcu_fd_sc_mcu7t5v0__and2_1)
     3    0.017712    0.393542    0.739750   38.168533 v _07708_/Z (gf180mcu_fd_sc_mcu7t5v0__and2_1)
                                                         _02160_ (net)
                      0.393542    0.000146   38.168678 v _07829_/A1 (gf180mcu_fd_sc_mcu7t5v0__oai211_1)
     1    0.005927    0.766230    0.500922   38.669601 ^ _07829_/ZN (gf180mcu_fd_sc_mcu7t5v0__oai211_1)
                                                         _02279_ (net)
                      0.766230    0.000064   38.669666 ^ _07830_/B (gf180mcu_fd_sc_mcu7t5v0__oai21_1)
     2    0.012721    0.789550    0.482888   39.152554 v _07830_/ZN (gf180mcu_fd_sc_mcu7t5v0__oai21_1)
                                                         _02280_ (net)
                      0.789550    0.000107   39.152660 v _07887_/A1 (gf180mcu_fd_sc_mcu7t5v0__oai21_1)
     3    0.021745    1.442219    1.040927   40.193588 ^ _07887_/ZN (gf180mcu_fd_sc_mcu7t5v0__oai21_1)
                                                         _02336_ (net)
                      1.442219    0.000306   40.193893 ^ _07937_/A1 (gf180mcu_fd_sc_mcu7t5v0__xor2_1)
     1    0.003752    0.598511    0.768722   40.962616 ^ _07937_/Z (gf180mcu_fd_sc_mcu7t5v0__xor2_1)
                                                         _02386_ (net)
                      0.598511    0.000071   40.962688 ^ _07938_/I (gf180mcu_fd_sc_mcu7t5v0__buf_1)
     1    0.005815    0.273984    0.468830   41.431519 ^ _07938_/Z (gf180mcu_fd_sc_mcu7t5v0__buf_1)
                                                         fir_inst.delay_line.sample_o[15] (net)
                      0.273984    0.000075   41.431591 ^ _14893_/D (gf180mcu_fd_sc_mcu7t5v0__dffrnq_1)
                                             41.431591   data arrival time

                                 62.500000   62.500000   clock clk (rise edge)
                                  0.000000   62.500000   clock source latency
     2    0.088072    0.000000    0.000000   62.500000 ^ clk (in)
                                                         clk (net)
                      0.022026    0.009010   62.509010 ^ clkbuf_0_clk/I (gf180mcu_fd_sc_mcu7t5v0__clkbuf_16)
     8    0.206302    0.443923    0.573998   63.083008 ^ clkbuf_0_clk/Z (gf180mcu_fd_sc_mcu7t5v0__clkbuf_16)
                                                         clknet_0_clk (net)
                      0.443997    0.008541   63.091549 ^ clkbuf_3_6_0_clk/I (gf180mcu_fd_sc_mcu7t5v0__clkbuf_8)
     2    0.072280    0.345149    0.592124   63.683674 ^ clkbuf_3_6_0_clk/Z (gf180mcu_fd_sc_mcu7t5v0__clkbuf_8)
                                                         clknet_3_6_0_clk (net)
                      0.345154    0.002601   63.686275 ^ clkbuf_4_12__f_clk/I (gf180mcu_fd_sc_mcu7t5v0__clkbuf_16)
     5    0.092685    0.269361    0.527272   64.213547 ^ clkbuf_4_12__f_clk/Z (gf180mcu_fd_sc_mcu7t5v0__clkbuf_16)
                                                         clknet_4_12__leaf_clk (net)
                      0.269361    0.000483   64.214027 ^ clkbuf_leaf_27_clk/I (gf180mcu_fd_sc_mcu7t5v0__clkbuf_8)
    18    0.101086    0.434248    0.611372   64.825401 ^ clkbuf_leaf_27_clk/Z (gf180mcu_fd_sc_mcu7t5v0__clkbuf_8)
                                                         clknet_leaf_27_clk (net)
                      0.434249    0.000725   64.826126 ^ _14893_/CLK (gf180mcu_fd_sc_mcu7t5v0__dffrnq_1)
                                 -0.250000   64.576126   clock uncertainty
                                  0.000000   64.576126   clock reconvergence pessimism
                                 -0.554248   64.021881   library setup time
                                             64.021881   data required time
---------------------------------------------------------------------------------------------
                                             64.021881   data required time
                                            -41.431591   data arrival time
---------------------------------------------------------------------------------------------
                                             22.590294   slack (MET)




===========================================================================
report_checks --slack_max -0.01
============================================================================
======================= min_ss_125C_4v50 Corner ===================================

No paths found.


===========================================================================
 report_check_types -max_slew -max_cap -max_fanout -violators
============================================================================
======================= min_ss_125C_4v50 Corner ===================================

max slew

Pin                                        Limit        Slew       Slack
------------------------------------------------------------------------
_07104_/ZN                              2.500000    3.676664   -1.176664 (VIOLATED)
_07105_/A2                              2.500000    3.676664   -1.176664 (VIOLATED)
_07174_/A2                              2.500000    3.676664   -1.176664 (VIOLATED)
_07022_/ZN                              2.500000    3.356140   -0.856140 (VIOLATED)
_07023_/A4                              2.500000    3.356140   -0.856140 (VIOLATED)
wire212/I                               2.500000    3.356140   -0.856140 (VIOLATED)
_06846_/ZN                              2.500000    3.302310   -0.802310 (VIOLATED)
_06865_/A2                              2.500000    3.302310   -0.802310 (VIOLATED)
_08064_/ZN                              2.500000    3.263115   -0.763115 (VIOLATED)
_08069_/I3                              2.500000    3.263115   -0.763115 (VIOLATED)
_08140_/ZN                              2.500000    3.189818   -0.689818 (VIOLATED)
_08141_/I3                              2.500000    3.189818   -0.689818 (VIOLATED)
_07420_/B2                              2.500000    3.157237   -0.657237 (VIOLATED)
_07539_/B                               2.500000    3.157232   -0.657231 (VIOLATED)
_06866_/Z                               2.500000    3.157221   -0.657221 (VIOLATED)
_06876_/A1                              2.500000    3.157221   -0.657221 (VIOLATED)
_07491_/A2                              2.500000    3.157221   -0.657221 (VIOLATED)
_07624_/B2                              2.500000    3.157221   -0.657221 (VIOLATED)
_07687_/B2                              2.500000    3.157221   -0.657221 (VIOLATED)
_07756_/B2                              2.500000    3.157221   -0.657221 (VIOLATED)
_07812_/B2                              2.500000    3.157221   -0.657221 (VIOLATED)
_07850_/B2                              2.500000    3.157221   -0.657221 (VIOLATED)
_07923_/B2                              2.500000    3.157221   -0.657221 (VIOLATED)
_13178_/A1                              2.500000    3.123654   -0.623654 (VIOLATED)
_13182_/A1                              2.500000    3.123654   -0.623654 (VIOLATED)
_10911_/B                               2.500000    3.123653   -0.623653 (VIOLATED)
_10870_/B                               2.500000    3.123652   -0.623652 (VIOLATED)
_10881_/B                               2.500000    3.123653   -0.623653 (VIOLATED)
_10849_/B                               2.500000    3.123651   -0.623651 (VIOLATED)
_11090_/B                               2.500000    3.123648   -0.623648 (VIOLATED)
_10811_/Z                               2.500000    3.123638   -0.623638 (VIOLATED)
_10812_/C                               2.500000    3.123638   -0.623638 (VIOLATED)
_10955_/B                               2.500000    3.123638   -0.623638 (VIOLATED)
_11233_/A2                              2.500000    3.123638   -0.623638 (VIOLATED)
_07803_/B2                              2.500000    3.106167   -0.606167 (VIOLATED)
_07914_/B2                              2.500000    3.106167   -0.606167 (VIOLATED)
_07869_/B2                              2.500000    3.106164   -0.606164 (VIOLATED)
_07746_/B2                              2.500000    3.106159   -0.606159 (VIOLATED)
_07484_/S                               2.500000    3.106149   -0.606149 (VIOLATED)
_07553_/B                               2.500000    3.106144   -0.606144 (VIOLATED)
_07677_/B2                              2.500000    3.106144   -0.606144 (VIOLATED)
_07539_/A2                              2.500000    3.106141   -0.606140 (VIOLATED)
_07538_/A2                              2.500000    3.106137   -0.606137 (VIOLATED)
_07606_/A3                              2.500000    3.106117   -0.606117 (VIOLATED)
fanout341/Z                             2.500000    3.106117   -0.606117 (VIOLATED)
_10253_/A2                              2.500000    3.057393   -0.557393 (VIOLATED)
_10249_/A2                              2.500000    3.057388   -0.557388 (VIOLATED)
_10255_/A2                              2.500000    3.057388   -0.557388 (VIOLATED)
_10046_/A2                              2.500000    3.057387   -0.557387 (VIOLATED)
_10313_/A2                              2.500000    3.057387   -0.557387 (VIOLATED)
_10012_/A2                              2.500000    3.057385   -0.557385 (VIOLATED)
_10082_/A2                              2.500000    3.057382   -0.557382 (VIOLATED)
_10213_/A2                              2.500000    3.057383   -0.557383 (VIOLATED)
_10011_/Z                               2.500000    3.057364   -0.557364 (VIOLATED)
_10061_/A2                              2.500000    3.057364   -0.557364 (VIOLATED)
_10449_/A2                              2.500000    3.057364   -0.557364 (VIOLATED)
_10868_/Z                               2.500000    3.016641   -0.516641 (VIOLATED)
_10870_/A1                              2.500000    3.016641   -0.516641 (VIOLATED)
_10911_/A1                              2.500000    3.016641   -0.516641 (VIOLATED)
_10972_/A1                              2.500000    3.016641   -0.516641 (VIOLATED)
_11013_/A1                              2.500000    3.016641   -0.516641 (VIOLATED)
_11023_/A1                              2.500000    3.016641   -0.516641 (VIOLATED)
_11078_/A1                              2.500000    3.016641   -0.516641 (VIOLATED)
_11153_/A1                              2.500000    3.016641   -0.516641 (VIOLATED)
_11209_/A1                              2.500000    3.016641   -0.516641 (VIOLATED)
_11254_/A2                              2.500000    3.016641   -0.516641 (VIOLATED)
_11257_/B                               2.500000    3.016641   -0.516641 (VIOLATED)
_06870_/ZN                              2.500000    3.010090   -0.510090 (VIOLATED)
_06871_/C                               2.500000    3.010090   -0.510090 (VIOLATED)
_06881_/A2                              2.500000    3.010090   -0.510090 (VIOLATED)
_06947_/A2                              2.500000    3.010090   -0.510090 (VIOLATED)
_06957_/A1                              2.500000    3.010090   -0.510090 (VIOLATED)
_07046_/I                               2.500000    3.010090   -0.510090 (VIOLATED)
_07267_/A1                              2.500000    3.010090   -0.510090 (VIOLATED)
_07510_/A1                              2.500000    2.993599   -0.493599 (VIOLATED)
_07414_/A1                              2.500000    2.993595   -0.493595 (VIOLATED)
_07765_/S1                              2.500000    2.993586   -0.493586 (VIOLATED)
_07821_/S1                              2.500000    2.993582   -0.493582 (VIOLATED)
_07859_/S1                              2.500000    2.993571   -0.493571 (VIOLATED)
_07932_/S1                              2.500000    2.993567   -0.493567 (VIOLATED)
_07696_/S1                              2.500000    2.993550   -0.493550 (VIOLATED)
_07573_/A1                              2.500000    2.993527   -0.493527 (VIOLATED)
_07572_/C                               2.500000    2.993523   -0.493523 (VIOLATED)
_07407_/Z                               2.500000    2.993513   -0.493513 (VIOLATED)
_07632_/S1                              2.500000    2.993513   -0.493513 (VIOLATED)
_10021_/A2                              2.500000    2.990562   -0.490562 (VIOLATED)
_10116_/A2                              2.500000    2.990562   -0.490562 (VIOLATED)
_10583_/A2                              2.500000    2.990561   -0.490561 (VIOLATED)
_10247_/A2                              2.500000    2.990560   -0.490560 (VIOLATED)
_10080_/A2                              2.500000    2.990556   -0.490556 (VIOLATED)
_10347_/A2                              2.500000    2.990556   -0.490556 (VIOLATED)
_10482_/A2                              2.500000    2.990551   -0.490550 (VIOLATED)
_10018_/Z                               2.500000    2.990541   -0.490541 (VIOLATED)
_10019_/A2                              2.500000    2.990541   -0.490541 (VIOLATED)
_10023_/A2                              2.500000    2.990541   -0.490541 (VIOLATED)
_10095_/A2                              2.500000    2.990541   -0.490541 (VIOLATED)
_08086_/ZN                              2.500000    2.978564   -0.478563 (VIOLATED)
_08092_/I2                              2.500000    2.978564   -0.478563 (VIOLATED)
_10245_/S                               2.500000    2.945721   -0.445721 (VIOLATED)
_10269_/S                               2.500000    2.945718   -0.445717 (VIOLATED)
max_length111/I                         2.500000    2.945716   -0.445716 (VIOLATED)
max_length112/I                         2.500000    2.945716   -0.445716 (VIOLATED)
_10265_/S                               2.500000    2.945714   -0.445714 (VIOLATED)
_10244_/Z                               2.500000    2.945688   -0.445688 (VIOLATED)
_10267_/S                               2.500000    2.945688   -0.445688 (VIOLATED)
_06917_/ZN                              2.500000    2.937286   -0.437286 (VIOLATED)
_06941_/A2                              2.500000    2.937286   -0.437286 (VIOLATED)
_07035_/A2                              2.500000    2.937286   -0.437286 (VIOLATED)
_07109_/A2                              2.500000    2.937286   -0.437286 (VIOLATED)
_07914_/A1                              2.500000    2.914673   -0.414673 (VIOLATED)
_07422_/Z                               2.500000    2.914664   -0.414664 (VIOLATED)
_07426_/C                               2.500000    2.914664   -0.414664 (VIOLATED)
_07427_/A1                              2.500000    2.914664   -0.414664 (VIOLATED)
_07541_/A2                              2.500000    2.914664   -0.414664 (VIOLATED)
_07545_/S1                              2.500000    2.914664   -0.414664 (VIOLATED)
_07600_/S1                              2.500000    2.914664   -0.414664 (VIOLATED)
_07677_/A1                              2.500000    2.914664   -0.414664 (VIOLATED)
_07746_/A1                              2.500000    2.914664   -0.414664 (VIOLATED)
_07803_/A1                              2.500000    2.914664   -0.414664 (VIOLATED)
_07869_/A1                              2.500000    2.914664   -0.414664 (VIOLATED)
_07737_/S                               2.500000    2.903892   -0.403892 (VIOLATED)
_07668_/S                               2.500000    2.903891   -0.403891 (VIOLATED)
_07542_/A1                              2.500000    2.903879   -0.403879 (VIOLATED)
_07544_/A1                              2.500000    2.903879   -0.403879 (VIOLATED)
_07548_/S                               2.500000    2.903879   -0.403879 (VIOLATED)
_07602_/A1                              2.500000    2.903879   -0.403879 (VIOLATED)
_07605_/C                               2.500000    2.903879   -0.403879 (VIOLATED)
_07610_/S                               2.500000    2.903879   -0.403879 (VIOLATED)
_07613_/A2                              2.500000    2.903879   -0.403879 (VIOLATED)
_07614_/A2                              2.500000    2.903879   -0.403879 (VIOLATED)
fanout356/Z                             2.500000    2.903879   -0.403879 (VIOLATED)
_14426_/RN                              2.500000    2.889759   -0.389759 (VIOLATED)
_14471_/RN                              2.500000    2.889759   -0.389759 (VIOLATED)
_14441_/RN                              2.500000    2.889758   -0.389758 (VIOLATED)
_14457_/RN                              2.500000    2.889747   -0.389747 (VIOLATED)
_14473_/RN                              2.500000    2.889747   -0.389747 (VIOLATED)
_14487_/RN                              2.500000    2.889747   -0.389747 (VIOLATED)
_14891_/RN                              2.500000    2.889747   -0.389747 (VIOLATED)
_14892_/RN                              2.500000    2.889747   -0.389747 (VIOLATED)
_14893_/RN                              2.500000    2.889747   -0.389747 (VIOLATED)
_14894_/RN                              2.500000    2.889747   -0.389747 (VIOLATED)
fanout536/Z                             2.500000    2.889747   -0.389747 (VIOLATED)
_07160_/S                               2.500000    2.883765   -0.383764 (VIOLATED)
_07147_/S                               2.500000    2.883764   -0.383764 (VIOLATED)
_07138_/S                               2.500000    2.883757   -0.383757 (VIOLATED)
_07141_/A2                              2.500000    2.883750   -0.383750 (VIOLATED)
_07142_/A2                              2.500000    2.883751   -0.383751 (VIOLATED)
_07157_/A2                              2.500000    2.883751   -0.383751 (VIOLATED)
_07158_/A2                              2.500000    2.883749   -0.383749 (VIOLATED)
_07274_/S                               2.500000    2.883741   -0.383741 (VIOLATED)
_07272_/S                               2.500000    2.883739   -0.383740 (VIOLATED)
_06824_/A2                              2.500000    2.883717   -0.383717 (VIOLATED)
fanout349/Z                             2.500000    2.883717   -0.383717 (VIOLATED)
_07842_/A1                              2.500000    2.879009   -0.379010 (VIOLATED)
_07900_/A1                              2.500000    2.879004   -0.379004 (VIOLATED)
_07659_/A1                              2.500000    2.878998   -0.378998 (VIOLATED)
_07598_/A1                              2.500000    2.878991   -0.378991 (VIOLATED)
_07535_/A1                              2.500000    2.878989   -0.378990 (VIOLATED)
_07403_/A1                              2.500000    2.878986   -0.378986 (VIOLATED)
_07323_/A1                              2.500000    2.878979   -0.378979 (VIOLATED)
_07046_/Z                               2.500000    2.878970   -0.378970 (VIOLATED)
_07054_/A1                              2.500000    2.878970   -0.378970 (VIOLATED)
_07058_/A1                              2.500000    2.878970   -0.378970 (VIOLATED)
_07132_/S1                              2.500000    2.878970   -0.378970 (VIOLATED)
_12702_/I                               2.500000    2.870581   -0.370581 (VIOLATED)
_12932_/B1                              2.500000    2.870581   -0.370581 (VIOLATED)
_12933_/A2                              2.500000    2.870581   -0.370581 (VIOLATED)
_12934_/A2                              2.500000    2.870581   -0.370581 (VIOLATED)
_12998_/A3                              2.500000    2.870581   -0.370581 (VIOLATED)
_13066_/A1                              2.500000    2.870581   -0.370581 (VIOLATED)
_13068_/A1                              2.500000    2.870581   -0.370581 (VIOLATED)
_13096_/A1                              2.500000    2.870581   -0.370581 (VIOLATED)
_13098_/A1                              2.500000    2.870581   -0.370581 (VIOLATED)
_13113_/B2                              2.500000    2.870581   -0.370581 (VIOLATED)
fanout282/Z                             2.500000    2.870581   -0.370581 (VIOLATED)
_08091_/ZN                              2.500000    2.857748   -0.357748 (VIOLATED)
_08092_/I3                              2.500000    2.857748   -0.357748 (VIOLATED)
_12385_/B1                              2.500000    2.852579   -0.352579 (VIOLATED)
_12383_/A3                              2.500000    2.852578   -0.352578 (VIOLATED)
_12484_/A2                              2.500000    2.852577   -0.352577 (VIOLATED)
_12483_/A3                              2.500000    2.852575   -0.352575 (VIOLATED)
_12562_/A2                              2.500000    2.852565   -0.352565 (VIOLATED)
_12560_/A2                              2.500000    2.852559   -0.352559 (VIOLATED)
_12559_/A2                              2.500000    2.852559   -0.352559 (VIOLATED)
_12642_/A3                              2.500000    2.852536   -0.352536 (VIOLATED)
_12707_/A2                              2.500000    2.852525   -0.352525 (VIOLATED)
_12708_/A2                              2.500000    2.852525   -0.352525 (VIOLATED)
fanout286/Z                             2.500000    2.852525   -0.352525 (VIOLATED)
_11685_/A1                              2.500000    2.839538   -0.339538 (VIOLATED)
_11775_/B                               2.500000    2.839538   -0.339538 (VIOLATED)
_11841_/A1                              2.500000    2.839538   -0.339538 (VIOLATED)
_11908_/A1                              2.500000    2.839538   -0.339538 (VIOLATED)
_11910_/A1                              2.500000    2.839538   -0.339538 (VIOLATED)
_11913_/A1                              2.500000    2.839538   -0.339538 (VIOLATED)
_11967_/A1                              2.500000    2.839538   -0.339538 (VIOLATED)
_11968_/A1                              2.500000    2.839538   -0.339538 (VIOLATED)
fanout381/I                             2.500000    2.839538   -0.339538 (VIOLATED)
fanout382/I                             2.500000    2.839538   -0.339538 (VIOLATED)
fanout383/Z                             2.500000    2.839538   -0.339538 (VIOLATED)
_14874_/RN                              2.500000    2.825446   -0.325446 (VIOLATED)
_14875_/RN                              2.500000    2.825447   -0.325447 (VIOLATED)
_14548_/RN                              2.500000    2.825445   -0.325445 (VIOLATED)
_14532_/RN                              2.500000    2.825444   -0.325444 (VIOLATED)
_14612_/RN                              2.500000    2.825440   -0.325440 (VIOLATED)
_14580_/RN                              2.500000    2.825440   -0.325440 (VIOLATED)
_14596_/RN                              2.500000    2.825439   -0.325439 (VIOLATED)
_14518_/RN                              2.500000    2.825439   -0.325439 (VIOLATED)
_14564_/RN                              2.500000    2.825426   -0.325426 (VIOLATED)
fanout500/I                             2.500000    2.825426   -0.325426 (VIOLATED)
fanout501/Z                             2.500000    2.825426   -0.325426 (VIOLATED)
_06900_/ZN                              2.500000    2.824249   -0.324249 (VIOLATED)
_06902_/A2                              2.500000    2.824249   -0.324249 (VIOLATED)
_07072_/A2                              2.500000    2.824249   -0.324249 (VIOLATED)
_07151_/A2                              2.500000    2.824249   -0.324249 (VIOLATED)
_07225_/A2                              2.500000    2.824249   -0.324249 (VIOLATED)
_07294_/A2                              2.500000    2.824249   -0.324249 (VIOLATED)
_07346_/I                               2.500000    2.824249   -0.324249 (VIOLATED)
_08117_/ZN                              2.500000    2.811175   -0.311175 (VIOLATED)
_08118_/I3                              2.500000    2.811175   -0.311175 (VIOLATED)
_14336_/RN                              2.500000    2.806001   -0.306001 (VIOLATED)
fanout506/I                             2.500000    2.806001   -0.306001 (VIOLATED)
_14351_/RN                              2.500000    2.806000   -0.306000 (VIOLATED)
_14367_/RN                              2.500000    2.805998   -0.305998 (VIOLATED)
_14383_/RN                              2.500000    2.805998   -0.305997 (VIOLATED)
_14399_/RN                              2.500000    2.805993   -0.305993 (VIOLATED)
_14415_/RN                              2.500000    2.805990   -0.305990 (VIOLATED)
_14207_/RN                              2.500000    2.805974   -0.305974 (VIOLATED)
_14239_/RN                              2.500000    2.805974   -0.305974 (VIOLATED)
fanout505/I                             2.500000    2.805974   -0.305974 (VIOLATED)
fanout507/Z                             2.500000    2.805974   -0.305974 (VIOLATED)
_14293_/RN                              2.500000    2.797810   -0.297810 (VIOLATED)
_14325_/RN                              2.500000    2.797808   -0.297808 (VIOLATED)
_14309_/RN                              2.500000    2.797808   -0.297808 (VIOLATED)
_14276_/RN                              2.500000    2.797807   -0.297806 (VIOLATED)
_14292_/RN                              2.500000    2.797806   -0.297806 (VIOLATED)
_14278_/RN                              2.500000    2.797805   -0.297805 (VIOLATED)
_14308_/RN                              2.500000    2.797800   -0.297800 (VIOLATED)
_14324_/RN                              2.500000    2.797796   -0.297796 (VIOLATED)
_14310_/RN                              2.500000    2.797780   -0.297780 (VIOLATED)
fanout495/I                             2.500000    2.797780   -0.297780 (VIOLATED)
fanout496/Z                             2.500000    2.797780   -0.297780 (VIOLATED)
_14686_/RN                              2.500000    2.794247   -0.294247 (VIOLATED)
_14687_/RN                              2.500000    2.794247   -0.294247 (VIOLATED)
_14688_/RN                              2.500000    2.794247   -0.294247 (VIOLATED)
_14730_/RN                              2.500000    2.794247   -0.294247 (VIOLATED)
_14731_/RN                              2.500000    2.794247   -0.294247 (VIOLATED)
_14732_/RN                              2.500000    2.794247   -0.294247 (VIOLATED)
_14733_/RN                              2.500000    2.794247   -0.294247 (VIOLATED)
_14740_/RN                              2.500000    2.794247   -0.294247 (VIOLATED)
_14742_/RN                              2.500000    2.794247   -0.294247 (VIOLATED)
_14745_/RN                              2.500000    2.794247   -0.294247 (VIOLATED)
fanout562/Z                             2.500000    2.794247   -0.294247 (VIOLATED)
_09429_/A1                              2.500000    2.792689   -0.292689 (VIOLATED)
_09394_/A1                              2.500000    2.792687   -0.292687 (VIOLATED)
_09324_/A1                              2.500000    2.792686   -0.292686 (VIOLATED)
_09359_/A1                              2.500000    2.792683   -0.292683 (VIOLATED)
_09466_/A1                              2.500000    2.792679   -0.292679 (VIOLATED)
_09536_/A1                              2.500000    2.792679   -0.292679 (VIOLATED)
_09501_/A1                              2.500000    2.792677   -0.292677 (VIOLATED)
_09287_/A1                              2.500000    2.792665   -0.292665 (VIOLATED)
_09251_/A1                              2.500000    2.792662   -0.292662 (VIOLATED)
_09208_/Z                               2.500000    2.792649   -0.292649 (VIOLATED)
_09210_/A1                              2.500000    2.792649   -0.292649 (VIOLATED)
_06871_/B2                              2.500000    2.791507   -0.291507 (VIOLATED)
_06875_/B2                              2.500000    2.791507   -0.291507 (VIOLATED)
_07200_/A1                              2.500000    2.791505   -0.291505 (VIOLATED)
_06829_/A1                              2.500000    2.791497   -0.291497 (VIOLATED)
_06839_/I                               2.500000    2.791497   -0.291497 (VIOLATED)
_06951_/C                               2.500000    2.791497   -0.291497 (VIOLATED)
_06955_/C                               2.500000    2.791497   -0.291497 (VIOLATED)
_06969_/B                               2.500000    2.791497   -0.291497 (VIOLATED)
_06970_/B2                              2.500000    2.791497   -0.291497 (VIOLATED)
_08015_/A1                              2.500000    2.791497   -0.291497 (VIOLATED)
fanout347/Z                             2.500000    2.791497   -0.291497 (VIOLATED)
_14279_/RN                              2.500000    2.786235   -0.286235 (VIOLATED)
_14280_/RN                              2.500000    2.786235   -0.286235 (VIOLATED)
_14281_/RN                              2.500000    2.786235   -0.286235 (VIOLATED)
_14294_/RN                              2.500000    2.786235   -0.286235 (VIOLATED)
_14295_/RN                              2.500000    2.786235   -0.286235 (VIOLATED)
_14296_/RN                              2.500000    2.786235   -0.286235 (VIOLATED)
_14297_/RN                              2.500000    2.786235   -0.286235 (VIOLATED)
_14326_/RN                              2.500000    2.786235   -0.286235 (VIOLATED)
_14342_/RN                              2.500000    2.786235   -0.286235 (VIOLATED)
_14388_/RN                              2.500000    2.786235   -0.286235 (VIOLATED)
fanout495/Z                             2.500000    2.786235   -0.286235 (VIOLATED)
_14284_/RN                              2.500000    2.783765   -0.283765 (VIOLATED)
_14414_/RN                              2.500000    2.783765   -0.283765 (VIOLATED)
_14174_/RN                              2.500000    2.783763   -0.283763 (VIOLATED)
_14421_/RN                              2.500000    2.783759   -0.283759 (VIOLATED)
_14468_/RN                              2.500000    2.783749   -0.283749 (VIOLATED)
_14469_/RN                              2.500000    2.783749   -0.283749 (VIOLATED)
_14484_/RN                              2.500000    2.783749   -0.283749 (VIOLATED)
_14485_/RN                              2.500000    2.783749   -0.283749 (VIOLATED)
_14501_/RN                              2.500000    2.783749   -0.283749 (VIOLATED)
_14876_/RN                              2.500000    2.783749   -0.283749 (VIOLATED)
fanout502/Z                             2.500000    2.783749   -0.283749 (VIOLATED)
_14599_/RN                              2.500000    2.777697   -0.277697 (VIOLATED)
_14615_/RN                              2.500000    2.777697   -0.277697 (VIOLATED)
_14583_/RN                              2.500000    2.777692   -0.277692 (VIOLATED)
_14582_/RN                              2.500000    2.777689   -0.277689 (VIOLATED)
_14598_/RN                              2.500000    2.777678   -0.277678 (VIOLATED)
_14614_/RN                              2.500000    2.777678   -0.277677 (VIOLATED)
_14423_/RN                              2.500000    2.777673   -0.277673 (VIOLATED)
_14439_/RN                              2.500000    2.777660   -0.277660 (VIOLATED)
fanout534/I                             2.500000    2.777632   -0.277631 (VIOLATED)
fanout533/I                             2.500000    2.777612   -0.277612 (VIOLATED)
fanout535/Z                             2.500000    2.777612   -0.277612 (VIOLATED)
_08065_/A1                              2.500000    2.773837   -0.273837 (VIOLATED)
_06887_/A2                              2.500000    2.773831   -0.273831 (VIOLATED)
_06889_/A3                              2.500000    2.773829   -0.273829 (VIOLATED)
_06895_/B                               2.500000    2.773828   -0.273828 (VIOLATED)
_06914_/A2                              2.500000    2.773819   -0.273819 (VIOLATED)
_06965_/A3                              2.500000    2.773802   -0.273801 (VIOLATED)
_07200_/A2                              2.500000    2.773792   -0.273792 (VIOLATED)
fanout343/I                             2.500000    2.773792   -0.273792 (VIOLATED)
fanout344/Z                             2.500000    2.773792   -0.273792 (VIOLATED)
_14521_/RN                              2.500000    2.773314   -0.273314 (VIOLATED)
_14584_/RN                              2.500000    2.773314   -0.273314 (VIOLATED)
_14522_/RN                              2.500000    2.773314   -0.273314 (VIOLATED)
_14600_/RN                              2.500000    2.773314   -0.273314 (VIOLATED)
_14520_/RN                              2.500000    2.773305   -0.273305 (VIOLATED)
_14613_/RN                              2.500000    2.773305   -0.273305 (VIOLATED)
_14616_/RN                              2.500000    2.773305   -0.273305 (VIOLATED)
_14629_/RN                              2.500000    2.773299   -0.273299 (VIOLATED)
_14581_/RN                              2.500000    2.773288   -0.273288 (VIOLATED)
_14597_/RN                              2.500000    2.773288   -0.273288 (VIOLATED)
fanout503/Z                             2.500000    2.773288   -0.273288 (VIOLATED)
_14161_/RN                              2.500000    2.772050   -0.272050 (VIOLATED)
_14162_/RN                              2.500000    2.772050   -0.272050 (VIOLATED)
_14165_/RN                              2.500000    2.772050   -0.272050 (VIOLATED)
_14181_/RN                              2.500000    2.772050   -0.272050 (VIOLATED)
_14197_/RN                              2.500000    2.772050   -0.272050 (VIOLATED)
_14213_/RN                              2.500000    2.772050   -0.272050 (VIOLATED)
_14389_/RN                              2.500000    2.772050   -0.272050 (VIOLATED)
_14844_/RN                              2.500000    2.772050   -0.272050 (VIOLATED)
_14878_/RN                              2.500000    2.772050   -0.272050 (VIOLATED)
_14879_/RN                              2.500000    2.772050   -0.272050 (VIOLATED)
fanout477/Z                             2.500000    2.772050   -0.272050 (VIOLATED)
_14266_/RN                              2.500000    2.771372   -0.271372 (VIOLATED)
_14328_/RN                              2.500000    2.771372   -0.271372 (VIOLATED)
_14312_/RN                              2.500000    2.771371   -0.271371 (VIOLATED)
_14264_/RN                              2.500000    2.771360   -0.271360 (VIOLATED)
_14311_/RN                              2.500000    2.771360   -0.271360 (VIOLATED)
_14313_/RN                              2.500000    2.771360   -0.271360 (VIOLATED)
_14327_/RN                              2.500000    2.771360   -0.271360 (VIOLATED)
_14329_/RN                              2.500000    2.771360   -0.271360 (VIOLATED)
_14345_/RN                              2.500000    2.771360   -0.271360 (VIOLATED)
_14407_/RN                              2.500000    2.771360   -0.271360 (VIOLATED)
fanout484/Z                             2.500000    2.771360   -0.271360 (VIOLATED)
_14179_/RN                              2.500000    2.759515   -0.259514 (VIOLATED)
_14259_/RN                              2.500000    2.759505   -0.259505 (VIOLATED)
_14275_/RN                              2.500000    2.759505   -0.259505 (VIOLATED)
_14304_/RN                              2.500000    2.759505   -0.259505 (VIOLATED)
_14305_/RN                              2.500000    2.759505   -0.259505 (VIOLATED)
_14306_/RN                              2.500000    2.759505   -0.259505 (VIOLATED)
_14320_/RN                              2.500000    2.759505   -0.259505 (VIOLATED)
_14321_/RN                              2.500000    2.759505   -0.259505 (VIOLATED)
_14322_/RN                              2.500000    2.759505   -0.259505 (VIOLATED)
_14337_/RN                              2.500000    2.759505   -0.259505 (VIOLATED)
fanout510/Z                             2.500000    2.759505   -0.259505 (VIOLATED)
_14223_/RN                              2.500000    2.753187   -0.253187 (VIOLATED)
_14240_/RN                              2.500000    2.753187   -0.253187 (VIOLATED)
_14251_/RN                              2.500000    2.753187   -0.253187 (VIOLATED)
_14272_/RN                              2.500000    2.753187   -0.253187 (VIOLATED)
_14315_/RN                              2.500000    2.753187   -0.253187 (VIOLATED)
_14331_/RN                              2.500000    2.753187   -0.253187 (VIOLATED)
_14347_/RN                              2.500000    2.753187   -0.253187 (VIOLATED)
_14352_/RN                              2.500000    2.753187   -0.253187 (VIOLATED)
_14363_/RN                              2.500000    2.753187   -0.253187 (VIOLATED)
_14379_/RN                              2.500000    2.753187   -0.253187 (VIOLATED)
fanout489/Z                             2.500000    2.753187   -0.253187 (VIOLATED)
_14472_/RN                              2.500000    2.750212   -0.250212 (VIOLATED)
_14456_/RN                              2.500000    2.750210   -0.250210 (VIOLATED)
_14440_/RN                              2.500000    2.750208   -0.250208 (VIOLATED)
_14424_/RN                              2.500000    2.750206   -0.250206 (VIOLATED)
_14287_/RN                              2.500000    2.750203   -0.250203 (VIOLATED)
_14285_/RN                              2.500000    2.750202   -0.250202 (VIOLATED)
_14319_/RN                              2.500000    2.750202   -0.250202 (VIOLATED)
_14286_/RN                              2.500000    2.750201   -0.250201 (VIOLATED)
_14301_/RN                              2.500000    2.750194   -0.250194 (VIOLATED)
_14283_/RN                              2.500000    2.750185   -0.250185 (VIOLATED)
fanout513/Z                             2.500000    2.750185   -0.250185 (VIOLATED)
_14431_/RN                              2.500000    2.744205   -0.244205 (VIOLATED)
_14432_/RN                              2.500000    2.744205   -0.244205 (VIOLATED)
_14447_/RN                              2.500000    2.744205   -0.244205 (VIOLATED)
_14448_/RN                              2.500000    2.744205   -0.244205 (VIOLATED)
_14451_/RN                              2.500000    2.744205   -0.244205 (VIOLATED)
_14463_/RN                              2.500000    2.744205   -0.244205 (VIOLATED)
_14483_/RN                              2.500000    2.744205   -0.244205 (VIOLATED)
_14496_/RN                              2.500000    2.744205   -0.244205 (VIOLATED)
_14499_/RN                              2.500000    2.744205   -0.244205 (VIOLATED)
_14515_/RN                              2.500000    2.744205   -0.244205 (VIOLATED)
fanout548/Z                             2.500000    2.744205   -0.244205 (VIOLATED)
_07764_/A2                              2.500000    2.743042   -0.243042 (VIOLATED)
_07760_/A2                              2.500000    2.743042   -0.243042 (VIOLATED)
_07691_/A2                              2.500000    2.743037   -0.243037 (VIOLATED)
_07684_/A2                              2.500000    2.743034   -0.243034 (VIOLATED)
_07749_/I                               2.500000    2.743031   -0.243031 (VIOLATED)
_07695_/A2                              2.500000    2.743030   -0.243030 (VIOLATED)
_07184_/Z                               2.500000    2.743020   -0.243020 (VIOLATED)
_07191_/A2                              2.500000    2.743020   -0.243020 (VIOLATED)
_07195_/A2                              2.500000    2.743020   -0.243020 (VIOLATED)
_07453_/A2                              2.500000    2.743020   -0.243020 (VIOLATED)
_07457_/A2                              2.500000    2.743020   -0.243020 (VIOLATED)
_11263_/A1                              2.500000    2.741746   -0.241746 (VIOLATED)
_11531_/B                               2.500000    2.741746   -0.241746 (VIOLATED)
_11260_/A1                              2.500000    2.741745   -0.241746 (VIOLATED)
_11538_/A1                              2.500000    2.741743   -0.241743 (VIOLATED)
_11911_/A1                              2.500000    2.741740   -0.241740 (VIOLATED)
_11915_/A1                              2.500000    2.741739   -0.241739 (VIOLATED)
_11842_/A1                              2.500000    2.741737   -0.241737 (VIOLATED)
_11673_/A1                              2.500000    2.741726   -0.241726 (VIOLATED)
_11918_/A1                              2.500000    2.741726   -0.241726 (VIOLATED)
fanout337/I                             2.500000    2.741726   -0.241726 (VIOLATED)
fanout338/Z                             2.500000    2.741726   -0.241726 (VIOLATED)
_07615_/A1                              2.500000    2.741498   -0.241498 (VIOLATED)
_07608_/C                               2.500000    2.741497   -0.241497 (VIOLATED)
_07544_/C                               2.500000    2.741493   -0.241493 (VIOLATED)
_07553_/A1                              2.500000    2.741491   -0.241491 (VIOLATED)
_07665_/I                               2.500000    2.741485   -0.241485 (VIOLATED)
_07671_/A2                              2.500000    2.741484   -0.241484 (VIOLATED)
_07674_/A2                              2.500000    2.741482   -0.241482 (VIOLATED)
_07543_/Z                               2.500000    2.741472   -0.241472 (VIOLATED)
_07740_/A2                              2.500000    2.741472   -0.241472 (VIOLATED)
_07743_/A2                              2.500000    2.741472   -0.241472 (VIOLATED)
_07800_/A2                              2.500000    2.741472   -0.241472 (VIOLATED)
_14425_/RN                              2.500000    2.741471   -0.241470 (VIOLATED)
_14535_/RN                              2.500000    2.741471   -0.241470 (VIOLATED)
_14536_/RN                              2.500000    2.741471   -0.241470 (VIOLATED)
_14565_/RN                              2.500000    2.741471   -0.241470 (VIOLATED)
_14567_/RN                              2.500000    2.741471   -0.241470 (VIOLATED)
_14568_/RN                              2.500000    2.741471   -0.241470 (VIOLATED)
_14585_/RN                              2.500000    2.741471   -0.241470 (VIOLATED)
_14586_/RN                              2.500000    2.741471   -0.241470 (VIOLATED)
_14633_/RN                              2.500000    2.741471   -0.241470 (VIOLATED)
_14649_/RN                              2.500000    2.741471   -0.241470 (VIOLATED)
fanout538/Z                             2.500000    2.741471   -0.241470 (VIOLATED)
_14288_/RN                              2.500000    2.741136   -0.241136 (VIOLATED)
_14289_/RN                              2.500000    2.741136   -0.241136 (VIOLATED)
_14290_/RN                              2.500000    2.741136   -0.241136 (VIOLATED)
_14291_/RN                              2.500000    2.741136   -0.241136 (VIOLATED)
_14307_/RN                              2.500000    2.741136   -0.241136 (VIOLATED)
_14323_/RN                              2.500000    2.741136   -0.241136 (VIOLATED)
_14428_/RN                              2.500000    2.741136   -0.241136 (VIOLATED)
_14434_/RN                              2.500000    2.741136   -0.241136 (VIOLATED)
_14498_/RN                              2.500000    2.741136   -0.241136 (VIOLATED)
_14514_/RN                              2.500000    2.741136   -0.241136 (VIOLATED)
fanout517/Z                             2.500000    2.741136   -0.241136 (VIOLATED)
_12861_/ZN                              2.500000    2.739638   -0.239638 (VIOLATED)
_12864_/A1                              2.500000    2.739638   -0.239638 (VIOLATED)
_12963_/A1                              2.500000    2.739638   -0.239638 (VIOLATED)
_14173_/RN                              2.500000    2.735222   -0.235222 (VIOLATED)
_14189_/RN                              2.500000    2.735222   -0.235222 (VIOLATED)
_14205_/RN                              2.500000    2.735222   -0.235222 (VIOLATED)
_14206_/RN                              2.500000    2.735222   -0.235222 (VIOLATED)
_14222_/RN                              2.500000    2.735222   -0.235222 (VIOLATED)
_14253_/RN                              2.500000    2.735222   -0.235222 (VIOLATED)
_14282_/RN                              2.500000    2.735222   -0.235222 (VIOLATED)
_14298_/RN                              2.500000    2.735222   -0.235222 (VIOLATED)
_14314_/RN                              2.500000    2.735222   -0.235222 (VIOLATED)
_14330_/RN                              2.500000    2.735222   -0.235222 (VIOLATED)
fanout497/Z                             2.500000    2.735222   -0.235222 (VIOLATED)
_14760_/RN                              2.500000    2.732737   -0.232737 (VIOLATED)
_14762_/RN                              2.500000    2.732737   -0.232737 (VIOLATED)
_14761_/RN                              2.500000    2.732735   -0.232735 (VIOLATED)
_14763_/RN                              2.500000    2.732734   -0.232735 (VIOLATED)
_14764_/RN                              2.500000    2.732734   -0.232734 (VIOLATED)
_14766_/RN                              2.500000    2.732730   -0.232730 (VIOLATED)
_14765_/RN                              2.500000    2.732727   -0.232727 (VIOLATED)
_14758_/RN                              2.500000    2.732715   -0.232715 (VIOLATED)
_14767_/RN                              2.500000    2.732715   -0.232715 (VIOLATED)
_14770_/RN                              2.500000    2.732715   -0.232715 (VIOLATED)
fanout460/Z                             2.500000    2.732715   -0.232715 (VIOLATED)
_07107_/ZN                              2.500000    2.731223   -0.231223 (VIOLATED)
_07112_/A1                              2.500000    2.731223   -0.231223 (VIOLATED)
_07365_/A1                              2.500000    2.731223   -0.231223 (VIOLATED)
_07373_/A1                              2.500000    2.731223   -0.231223 (VIOLATED)
_07515_/A1                              2.500000    2.731223   -0.231223 (VIOLATED)
_07578_/A1                              2.500000    2.731223   -0.231223 (VIOLATED)
_07730_/A1                              2.500000    2.731223   -0.231223 (VIOLATED)
_14300_/RN                              2.500000    2.724784   -0.224784 (VIOLATED)
_14190_/RN                              2.500000    2.724784   -0.224784 (VIOLATED)
_14270_/RN                              2.500000    2.724784   -0.224784 (VIOLATED)
_14316_/RN                              2.500000    2.724782   -0.224782 (VIOLATED)
_14254_/RN                              2.500000    2.724782   -0.224782 (VIOLATED)
_14237_/RN                              2.500000    2.724771   -0.224772 (VIOLATED)
_14238_/RN                              2.500000    2.724771   -0.224772 (VIOLATED)
_14269_/RN                              2.500000    2.724771   -0.224772 (VIOLATED)
_14413_/RN                              2.500000    2.724771   -0.224772 (VIOLATED)
fanout497/I                             2.500000    2.724771   -0.224772 (VIOLATED)
fanout498/Z                             2.500000    2.724771   -0.224772 (VIOLATED)
_14500_/RN                              2.500000    2.720807   -0.220807 (VIOLATED)
_14516_/RN                              2.500000    2.720806   -0.220806 (VIOLATED)
_14452_/RN                              2.500000    2.720805   -0.220805 (VIOLATED)
_14436_/RN                              2.500000    2.720804   -0.220804 (VIOLATED)
_14277_/RN                              2.500000    2.720794   -0.220794 (VIOLATED)
_14405_/RN                              2.500000    2.720794   -0.220794 (VIOLATED)
_14420_/RN                              2.500000    2.720794   -0.220794 (VIOLATED)
_14517_/RN                              2.500000    2.720794   -0.220794 (VIOLATED)
_14644_/RN                              2.500000    2.720794   -0.220794 (VIOLATED)
_14877_/RN                              2.500000    2.720794   -0.220794 (VIOLATED)
fanout500/Z                             2.500000    2.720794   -0.220794 (VIOLATED)
_10014_/S                               2.500000    2.716171   -0.216170 (VIOLATED)
_10027_/S                               2.500000    2.716168   -0.216168 (VIOLATED)
_10004_/Z                               2.500000    2.716149   -0.216149 (VIOLATED)
_10025_/S                               2.500000    2.716149   -0.216149 (VIOLATED)
_10029_/S                               2.500000    2.716149   -0.216149 (VIOLATED)
max_cap35/I                             2.500000    2.716149   -0.216149 (VIOLATED)
_14689_/RN                              2.500000    2.715235   -0.215235 (VIOLATED)
_14824_/RN                              2.500000    2.715234   -0.215234 (VIOLATED)
_14825_/RN                              2.500000    2.715234   -0.215234 (VIOLATED)
_14690_/RN                              2.500000    2.715224   -0.215224 (VIOLATED)
_14724_/RN                              2.500000    2.715224   -0.215224 (VIOLATED)
_14725_/RN                              2.500000    2.715224   -0.215224 (VIOLATED)
_14726_/RN                              2.500000    2.715224   -0.215224 (VIOLATED)
_14727_/RN                              2.500000    2.715224   -0.215224 (VIOLATED)
_14728_/RN                              2.500000    2.715224   -0.215224 (VIOLATED)
_14729_/RN                              2.500000    2.715224   -0.215224 (VIOLATED)
fanout560/Z                             2.500000    2.715224   -0.215224 (VIOLATED)
_06996_/B1                              2.500000    2.714184   -0.214184 (VIOLATED)
_06983_/A2                              2.500000    2.714177   -0.214177 (VIOLATED)
_06892_/B1                              2.500000    2.714175   -0.214175 (VIOLATED)
_06909_/B1                              2.500000    2.714173   -0.214173 (VIOLATED)
_06910_/B1                              2.500000    2.714167   -0.214167 (VIOLATED)
_07069_/B1                              2.500000    2.714164   -0.214164 (VIOLATED)
_06856_/Z                               2.500000    2.714153   -0.214152 (VIOLATED)
_06857_/I                               2.500000    2.714153   -0.214152 (VIOLATED)
_07079_/B1                              2.500000    2.714153   -0.214152 (VIOLATED)
_07080_/B1                              2.500000    2.714153   -0.214152 (VIOLATED)
_07290_/B1                              2.500000    2.714153   -0.214152 (VIOLATED)
_09386_/S                               2.500000    2.714121   -0.214121 (VIOLATED)
_09384_/S                               2.500000    2.714119   -0.214119 (VIOLATED)
_09380_/S                               2.500000    2.714114   -0.214114 (VIOLATED)
_09382_/S                               2.500000    2.714107   -0.214107 (VIOLATED)
_09371_/I                               2.500000    2.714096   -0.214096 (VIOLATED)
_09370_/ZN                              2.500000    2.714087   -0.214087 (VIOLATED)
_09388_/I                               2.500000    2.714087   -0.214087 (VIOLATED)
_07662_/I                               2.500000    2.709800   -0.209800 (VIOLATED)
_07816_/B1                              2.500000    2.709799   -0.209799 (VIOLATED)
_07753_/B1                              2.500000    2.709799   -0.209799 (VIOLATED)
_07741_/A2                              2.500000    2.709799   -0.209799 (VIOLATED)
_07764_/B1                              2.500000    2.709798   -0.209798 (VIOLATED)
_07760_/B1                              2.500000    2.709797   -0.209797 (VIOLATED)
_07745_/A2                              2.500000    2.709792   -0.209792 (VIOLATED)
_07447_/Z                               2.500000    2.709771   -0.209771 (VIOLATED)
_07453_/B1                              2.500000    2.709771   -0.209771 (VIOLATED)
_07457_/B1                              2.500000    2.709771   -0.209771 (VIOLATED)
_07672_/A2                              2.500000    2.709771   -0.209771 (VIOLATED)
_09742_/Z                               2.500000    2.702734   -0.202734 (VIOLATED)
_09789_/A2                              2.500000    2.702734   -0.202734 (VIOLATED)
_10348_/A2                              2.500000    2.702734   -0.202734 (VIOLATED)
_10584_/A2                              2.500000    2.702734   -0.202734 (VIOLATED)
_10653_/A2                              2.500000    2.702734   -0.202734 (VIOLATED)
_10667_/A2                              2.500000    2.702734   -0.202734 (VIOLATED)
_10751_/A2                              2.500000    2.702734   -0.202734 (VIOLATED)
max_length130/I                         2.500000    2.702734   -0.202734 (VIOLATED)
_14665_/RN                              2.500000    2.700635   -0.200635 (VIOLATED)
_14668_/RN                              2.500000    2.700635   -0.200635 (VIOLATED)
_14702_/RN                              2.500000    2.700634   -0.200634 (VIOLATED)
_14705_/RN                              2.500000    2.700634   -0.200634 (VIOLATED)
_14701_/RN                              2.500000    2.700629   -0.200628 (VIOLATED)
_14664_/RN                              2.500000    2.700622   -0.200622 (VIOLATED)
_14697_/RN                              2.500000    2.700607   -0.200607 (VIOLATED)
_14698_/RN                              2.500000    2.700607   -0.200607 (VIOLATED)
_14699_/RN                              2.500000    2.700607   -0.200607 (VIOLATED)
_14700_/RN                              2.500000    2.700607   -0.200607 (VIOLATED)
fanout525/Z                             2.500000    2.700607   -0.200607 (VIOLATED)
_14435_/RN                              2.500000    2.699471   -0.199471 (VIOLATED)
_14577_/RN                              2.500000    2.699471   -0.199471 (VIOLATED)
_14592_/RN                              2.500000    2.699471   -0.199471 (VIOLATED)
_14593_/RN                              2.500000    2.699471   -0.199471 (VIOLATED)
_14608_/RN                              2.500000    2.699471   -0.199471 (VIOLATED)
_14624_/RN                              2.500000    2.699471   -0.199471 (VIOLATED)
_14627_/RN                              2.500000    2.699471   -0.199471 (VIOLATED)
_14640_/RN                              2.500000    2.699471   -0.199471 (VIOLATED)
_14641_/RN                              2.500000    2.699471   -0.199471 (VIOLATED)
_14643_/RN                              2.500000    2.699471   -0.199471 (VIOLATED)
fanout550/Z                             2.500000    2.699471   -0.199471 (VIOLATED)
_14194_/RN                              2.500000    2.699130   -0.199130 (VIOLATED)
_14195_/RN                              2.500000    2.699130   -0.199130 (VIOLATED)
_14210_/RN                              2.500000    2.699130   -0.199130 (VIOLATED)
_14211_/RN                              2.500000    2.699130   -0.199130 (VIOLATED)
_14226_/RN                              2.500000    2.699130   -0.199130 (VIOLATED)
_14227_/RN                              2.500000    2.699130   -0.199130 (VIOLATED)
_14242_/RN                              2.500000    2.699130   -0.199130 (VIOLATED)
_14243_/RN                              2.500000    2.699130   -0.199130 (VIOLATED)
_14258_/RN                              2.500000    2.699130   -0.199130 (VIOLATED)
_14274_/RN                              2.500000    2.699130   -0.199130 (VIOLATED)
fanout508/Z                             2.500000    2.699130   -0.199130 (VIOLATED)
_07381_/A2                              2.500000    2.696755   -0.196755 (VIOLATED)
_07325_/ZN                              2.500000    2.696754   -0.196754 (VIOLATED)
_07383_/A2                              2.500000    2.696754   -0.196754 (VIOLATED)
_07385_/A1                              2.500000    2.696754   -0.196754 (VIOLATED)
max_cap14/I                             2.500000    2.696754   -0.196754 (VIOLATED)
_07497_/A2                              2.500000    2.691894   -0.191894 (VIOLATED)
_07493_/A2                              2.500000    2.691893   -0.191893 (VIOLATED)
_07506_/A2                              2.500000    2.691891   -0.191891 (VIOLATED)
_07337_/A2                              2.500000    2.691891   -0.191891 (VIOLATED)
_07332_/A2                              2.500000    2.691887   -0.191887 (VIOLATED)
_06838_/I                               2.500000    2.691885   -0.191885 (VIOLATED)
_06849_/A2                              2.500000    2.691877   -0.191877 (VIOLATED)
_06837_/ZN                              2.500000    2.691863   -0.191863 (VIOLATED)
_07276_/A2                              2.500000    2.691863   -0.191863 (VIOLATED)
_07282_/A2                              2.500000    2.691863   -0.191863 (VIOLATED)
_10921_/A1                              2.500000    2.691563   -0.191563 (VIOLATED)
_10837_/A1                              2.500000    2.691563   -0.191563 (VIOLATED)
_10932_/A1                              2.500000    2.691563   -0.191563 (VIOLATED)
_10815_/B                               2.500000    2.691562   -0.191562 (VIOLATED)
_10809_/B                               2.500000    2.691562   -0.191562 (VIOLATED)
_10943_/A1                              2.500000    2.691559   -0.191559 (VIOLATED)
_10796_/Z                               2.500000    2.691549   -0.191549 (VIOLATED)
_10801_/A1                              2.500000    2.691549   -0.191549 (VIOLATED)
_11122_/A1                              2.500000    2.691549   -0.191549 (VIOLATED)
_11133_/A1                              2.500000    2.691549   -0.191549 (VIOLATED)
_11157_/A1                              2.500000    2.691549   -0.191549 (VIOLATED)
_11017_/A1                              2.500000    2.678225   -0.178225 (VIOLATED)
_10977_/A1                              2.500000    2.678224   -0.178224 (VIOLATED)
_11008_/A1                              2.500000    2.678222   -0.178222 (VIOLATED)
_11039_/A1                              2.500000    2.678216   -0.178216 (VIOLATED)
_11028_/A1                              2.500000    2.678212   -0.178212 (VIOLATED)
_11059_/A1                              2.500000    2.678211   -0.178211 (VIOLATED)
_10974_/Z                               2.500000    2.678200   -0.178199 (VIOLATED)
_11082_/A1                              2.500000    2.678200   -0.178199 (VIOLATED)
_11093_/A1                              2.500000    2.678200   -0.178199 (VIOLATED)
_11146_/A1                              2.500000    2.678200   -0.178199 (VIOLATED)
_11199_/A1                              2.500000    2.678200   -0.178199 (VIOLATED)
_14491_/RN                              2.500000    2.677143   -0.177143 (VIOLATED)
_14507_/RN                              2.500000    2.677143   -0.177143 (VIOLATED)
_14508_/RN                              2.500000    2.677143   -0.177143 (VIOLATED)
_14509_/RN                              2.500000    2.677143   -0.177143 (VIOLATED)
_14523_/RN                              2.500000    2.677143   -0.177143 (VIOLATED)
_14525_/RN                              2.500000    2.677143   -0.177143 (VIOLATED)
_14588_/RN                              2.500000    2.677143   -0.177143 (VIOLATED)
_14604_/RN                              2.500000    2.677143   -0.177143 (VIOLATED)
_14632_/RN                              2.500000    2.677143   -0.177143 (VIOLATED)
_14648_/RN                              2.500000    2.677143   -0.177143 (VIOLATED)
fanout514/Z                             2.500000    2.677143   -0.177143 (VIOLATED)
_14660_/RN                              2.500000    2.672751   -0.172751 (VIOLATED)
_14661_/RN                              2.500000    2.672751   -0.172751 (VIOLATED)
_14675_/RN                              2.500000    2.672751   -0.172751 (VIOLATED)
_14693_/RN                              2.500000    2.672751   -0.172751 (VIOLATED)
_14709_/RN                              2.500000    2.672751   -0.172751 (VIOLATED)
_14710_/RN                              2.500000    2.672751   -0.172751 (VIOLATED)
_14711_/RN                              2.500000    2.672751   -0.172751 (VIOLATED)
_14712_/RN                              2.500000    2.672751   -0.172751 (VIOLATED)
_14713_/RN                              2.500000    2.672751   -0.172751 (VIOLATED)
_14714_/RN                              2.500000    2.672751   -0.172751 (VIOLATED)
fanout527/Z                             2.500000    2.672751   -0.172751 (VIOLATED)
_08121_/I                               2.500000    2.672680   -0.172680 (VIOLATED)
_08021_/I                               2.500000    2.672679   -0.172679 (VIOLATED)
_07993_/Z                               2.500000    2.672665   -0.172665 (VIOLATED)
_07994_/I                               2.500000    2.672665   -0.172665 (VIOLATED)
_08046_/I                               2.500000    2.672665   -0.172665 (VIOLATED)
_08057_/I                               2.500000    2.672665   -0.172665 (VIOLATED)
_08314_/A1                              2.500000    2.672665   -0.172665 (VIOLATED)
_08336_/A1                              2.500000    2.672665   -0.172665 (VIOLATED)
_08358_/A1                              2.500000    2.672665   -0.172665 (VIOLATED)
_08380_/A1                              2.500000    2.672665   -0.172665 (VIOLATED)
_08402_/A1                              2.500000    2.672665   -0.172665 (VIOLATED)
_12482_/A3                              2.500000    2.668904   -0.168904 (VIOLATED)
_12484_/B1                              2.500000    2.668904   -0.168904 (VIOLATED)
_12485_/A2                              2.500000    2.668904   -0.168904 (VIOLATED)
_12486_/A2                              2.500000    2.668904   -0.168904 (VIOLATED)
_12638_/A2                              2.500000    2.668904   -0.168904 (VIOLATED)
_12639_/A2                              2.500000    2.668904   -0.168904 (VIOLATED)
_12641_/A2                              2.500000    2.668904   -0.168904 (VIOLATED)
_12807_/A2                              2.500000    2.668904   -0.168904 (VIOLATED)
_13114_/B2                              2.500000    2.668904   -0.168904 (VIOLATED)
fanout282/I                             2.500000    2.668904   -0.168904 (VIOLATED)
fanout283/Z                             2.500000    2.668904   -0.168904 (VIOLATED)
_09431_/A1                              2.500000    2.664579   -0.164579 (VIOLATED)
_09326_/A1                              2.500000    2.664579   -0.164579 (VIOLATED)
_09396_/A1                              2.500000    2.664579   -0.164579 (VIOLATED)
_09361_/A1                              2.500000    2.664578   -0.164578 (VIOLATED)
_09503_/A1                              2.500000    2.664575   -0.164575 (VIOLATED)
_09468_/A1                              2.500000    2.664571   -0.164571 (VIOLATED)
_09538_/A1                              2.500000    2.664569   -0.164569 (VIOLATED)
_09211_/Z                               2.500000    2.664560   -0.164560 (VIOLATED)
_09213_/A1                              2.500000    2.664560   -0.164560 (VIOLATED)
_09253_/A1                              2.500000    2.664560   -0.164560 (VIOLATED)
_09289_/A1                              2.500000    2.664560   -0.164560 (VIOLATED)
_09402_/A1                              2.500000    2.664276   -0.164276 (VIOLATED)
_09259_/A1                              2.500000    2.664276   -0.164276 (VIOLATED)
_09437_/A1                              2.500000    2.664275   -0.164275 (VIOLATED)
_09295_/A1                              2.500000    2.664275   -0.164275 (VIOLATED)
_09332_/A1                              2.500000    2.664275   -0.164275 (VIOLATED)
_09367_/A1                              2.500000    2.664273   -0.164273 (VIOLATED)
_09222_/A1                              2.500000    2.664273   -0.164273 (VIOLATED)
_09509_/A1                              2.500000    2.664268   -0.164268 (VIOLATED)
_09220_/Z                               2.500000    2.664260   -0.164260 (VIOLATED)
_09474_/A1                              2.500000    2.664260   -0.164260 (VIOLATED)
_09544_/A1                              2.500000    2.664260   -0.164260 (VIOLATED)
_07121_/I                               2.500000    2.661224   -0.161224 (VIOLATED)
_06864_/B1                              2.500000    2.661223   -0.161223 (VIOLATED)
_07321_/A2                              2.500000    2.661217   -0.161217 (VIOLATED)
_07312_/A2                              2.500000    2.661215   -0.161215 (VIOLATED)
_06850_/Z                               2.500000    2.661206   -0.161206 (VIOLATED)
_07053_/A2                              2.500000    2.661206   -0.161206 (VIOLATED)
_07057_/A2                              2.500000    2.661206   -0.161206 (VIOLATED)
_07060_/A2                              2.500000    2.661206   -0.161206 (VIOLATED)
_07129_/A2                              2.500000    2.661206   -0.161206 (VIOLATED)
_07131_/A2                              2.500000    2.661206   -0.161206 (VIOLATED)
_07318_/A2                              2.500000    2.661206   -0.161206 (VIOLATED)
_11807_/A2                              2.500000    2.657985   -0.157985 (VIOLATED)
_11809_/A2                              2.500000    2.657984   -0.157984 (VIOLATED)
_11640_/A2                              2.500000    2.657976   -0.157976 (VIOLATED)
_11746_/A3                              2.500000    2.657976   -0.157976 (VIOLATED)
_11806_/A2                              2.500000    2.657976   -0.157976 (VIOLATED)
_11877_/A2                              2.500000    2.657976   -0.157976 (VIOLATED)
_11880_/A2                              2.500000    2.657976   -0.157976 (VIOLATED)
_11995_/A3                              2.500000    2.657976   -0.157976 (VIOLATED)
_12062_/I                               2.500000    2.657976   -0.157976 (VIOLATED)
_12065_/A2                              2.500000    2.657976   -0.157976 (VIOLATED)
fanout295/Z                             2.500000    2.657976   -0.157976 (VIOLATED)
_11269_/Z                               2.500000    2.655734   -0.155734 (VIOLATED)
_11273_/A1                              2.500000    2.655734   -0.155734 (VIOLATED)
_11336_/A1                              2.500000    2.655734   -0.155734 (VIOLATED)
_11363_/A1                              2.500000    2.655734   -0.155734 (VIOLATED)
_11429_/A1                              2.500000    2.655734   -0.155734 (VIOLATED)
_11456_/A1                              2.500000    2.655734   -0.155734 (VIOLATED)
_11536_/C2                              2.500000    2.655734   -0.155734 (VIOLATED)
_11575_/A1                              2.500000    2.655734   -0.155734 (VIOLATED)
_11733_/A1                              2.500000    2.655734   -0.155734 (VIOLATED)
_12114_/A1                              2.500000    2.655734   -0.155734 (VIOLATED)
_12330_/A1                              2.500000    2.655734   -0.155734 (VIOLATED)
_09427_/A1                              2.500000    2.655120   -0.155120 (VIOLATED)
_09392_/A1                              2.500000    2.655120   -0.155120 (VIOLATED)
_09322_/A1                              2.500000    2.655118   -0.155118 (VIOLATED)
_09357_/A1                              2.500000    2.655118   -0.155118 (VIOLATED)
_09205_/Z                               2.500000    2.655106   -0.155106 (VIOLATED)
_09207_/A1                              2.500000    2.655106   -0.155106 (VIOLATED)
_09249_/A1                              2.500000    2.655106   -0.155106 (VIOLATED)
_09285_/A1                              2.500000    2.655106   -0.155106 (VIOLATED)
_09464_/A1                              2.500000    2.655106   -0.155106 (VIOLATED)
_09499_/A1                              2.500000    2.655106   -0.155106 (VIOLATED)
_09534_/A1                              2.500000    2.655106   -0.155106 (VIOLATED)
_09320_/A1                              2.500000    2.646891   -0.146891 (VIOLATED)
_09390_/A1                              2.500000    2.646891   -0.146891 (VIOLATED)
_09425_/A1                              2.500000    2.646890   -0.146890 (VIOLATED)
_09355_/A1                              2.500000    2.646890   -0.146890 (VIOLATED)
_09497_/A1                              2.500000    2.646886   -0.146886 (VIOLATED)
_09532_/A1                              2.500000    2.646881   -0.146881 (VIOLATED)
_09462_/A1                              2.500000    2.646881   -0.146881 (VIOLATED)
_09201_/Z                               2.500000    2.646865   -0.146865 (VIOLATED)
_09204_/A1                              2.500000    2.646865   -0.146865 (VIOLATED)
_09247_/A1                              2.500000    2.646865   -0.146865 (VIOLATED)
_09283_/A1                              2.500000    2.646865   -0.146865 (VIOLATED)
_14164_/RN                              2.500000    2.645849   -0.145849 (VIOLATED)
_14180_/RN                              2.500000    2.645849   -0.145849 (VIOLATED)
_14260_/RN                              2.500000    2.645847   -0.145847 (VIOLATED)
_14244_/RN                              2.500000    2.645846   -0.145846 (VIOLATED)
_14358_/RN                              2.500000    2.645843   -0.145843 (VIOLATED)
_14374_/RN                              2.500000    2.645840   -0.145840 (VIOLATED)
_14198_/RN                              2.500000    2.645830   -0.145830 (VIOLATED)
_14246_/RN                              2.500000    2.645830   -0.145830 (VIOLATED)
_14262_/RN                              2.500000    2.645830   -0.145830 (VIOLATED)
_14390_/RN                              2.500000    2.645830   -0.145830 (VIOLATED)
fanout474/Z                             2.500000    2.645830   -0.145830 (VIOLATED)
_14794_/RN                              2.500000    2.645375   -0.145375 (VIOLATED)
_14796_/RN                              2.500000    2.645375   -0.145375 (VIOLATED)
_14789_/SETN                            2.500000    2.645367   -0.145367 (VIOLATED)
_14790_/RN                              2.500000    2.645367   -0.145367 (VIOLATED)
_14791_/RN                              2.500000    2.645367   -0.145367 (VIOLATED)
_14792_/RN                              2.500000    2.645367   -0.145367 (VIOLATED)
_14793_/RN                              2.500000    2.645367   -0.145367 (VIOLATED)
_14795_/RN                              2.500000    2.645367   -0.145367 (VIOLATED)
_14840_/RN                              2.500000    2.645367   -0.145367 (VIOLATED)
_14841_/RN                              2.500000    2.645367   -0.145367 (VIOLATED)
fanout468/Z                             2.500000    2.645367   -0.145367 (VIOLATED)
_07726_/A1                              2.500000    2.644315   -0.144315 (VIOLATED)
_07725_/C                               2.500000    2.644315   -0.144315 (VIOLATED)
_07898_/C                               2.500000    2.644313   -0.144313 (VIOLATED)
_07657_/C                               2.500000    2.644311   -0.144311 (VIOLATED)
_07458_/Z                               2.500000    2.644302   -0.144302 (VIOLATED)
_07459_/S                               2.500000    2.644302   -0.144302 (VIOLATED)
_07533_/C                               2.500000    2.644302   -0.144302 (VIOLATED)
_07596_/C                               2.500000    2.644302   -0.144302 (VIOLATED)
_07785_/C                               2.500000    2.644302   -0.144302 (VIOLATED)
_07786_/A1                              2.500000    2.644302   -0.144302 (VIOLATED)
_07840_/C                               2.500000    2.644302   -0.144302 (VIOLATED)
_11647_/B                               2.500000    2.643649   -0.143649 (VIOLATED)
_11754_/B                               2.500000    2.643649   -0.143649 (VIOLATED)
_11991_/C                               2.500000    2.643648   -0.143648 (VIOLATED)
_11280_/I                               2.500000    2.643645   -0.143645 (VIOLATED)
_11882_/B                               2.500000    2.643637   -0.143637 (VIOLATED)
_12369_/A1                              2.500000    2.643637   -0.143637 (VIOLATED)
fanout451/I                             2.500000    2.643637   -0.143637 (VIOLATED)
fanout452/Z                             2.500000    2.643637   -0.143637 (VIOLATED)
_10648_/S                               2.500000    2.641951   -0.141950 (VIOLATED)
_10647_/Z                               2.500000    2.641941   -0.141941 (VIOLATED)
_10658_/S                               2.500000    2.641941   -0.141941 (VIOLATED)
_10664_/S                               2.500000    2.641941   -0.141941 (VIOLATED)
_10668_/S                               2.500000    2.641941   -0.141941 (VIOLATED)
_10670_/S                               2.500000    2.641941   -0.141941 (VIOLATED)
max_cap86/I                             2.500000    2.641941   -0.141941 (VIOLATED)
_07143_/B2                              2.500000    2.640733   -0.140733 (VIOLATED)
_07139_/B2                              2.500000    2.640732   -0.140731 (VIOLATED)
_07148_/B2                              2.500000    2.640731   -0.140731 (VIOLATED)
_07213_/B2                              2.500000    2.640730   -0.140730 (VIOLATED)
_07222_/B2                              2.500000    2.640730   -0.140730 (VIOLATED)
_07217_/B2                              2.500000    2.640727   -0.140727 (VIOLATED)
_06824_/A1                              2.500000    2.640718   -0.140718 (VIOLATED)
_06849_/A1                              2.500000    2.640709   -0.140709 (VIOLATED)
_06855_/A1                              2.500000    2.640700   -0.140700 (VIOLATED)
_06889_/A1                              2.500000    2.640689   -0.140689 (VIOLATED)
fanout345/Z                             2.500000    2.640689   -0.140689 (VIOLATED)
_13586_/S0                              2.500000    2.637501   -0.137500 (VIOLATED)
_13572_/S0                              2.500000    2.637500   -0.137500 (VIOLATED)
_13582_/S0                              2.500000    2.637500   -0.137500 (VIOLATED)
_13581_/S0                              2.500000    2.637500   -0.137500 (VIOLATED)
_13591_/S0                              2.500000    2.637494   -0.137494 (VIOLATED)
_13592_/S0                              2.500000    2.637486   -0.137485 (VIOLATED)
_13601_/S0                              2.500000    2.637486   -0.137485 (VIOLATED)
fanout584/Z                             2.500000    2.637486   -0.137485 (VIOLATED)
_07047_/B                               2.500000    2.637407   -0.137407 (VIOLATED)
_07295_/B2                              2.500000    2.637405   -0.137405 (VIOLATED)
_06870_/A1                              2.500000    2.637404   -0.137404 (VIOLATED)
_06925_/A1                              2.500000    2.637404   -0.137404 (VIOLATED)
_07022_/A3                              2.500000    2.637402   -0.137402 (VIOLATED)
_06833_/A2                              2.500000    2.637400   -0.137400 (VIOLATED)
_06822_/ZN                              2.500000    2.637391   -0.137391 (VIOLATED)
_06823_/I                               2.500000    2.637391   -0.137391 (VIOLATED)
_06904_/B2                              2.500000    2.637391   -0.137391 (VIOLATED)
_14815_/RN                              2.500000    2.631684   -0.131684 (VIOLATED)
_14816_/RN                              2.500000    2.631684   -0.131684 (VIOLATED)
_14817_/RN                              2.500000    2.631684   -0.131684 (VIOLATED)
_14818_/RN                              2.500000    2.631684   -0.131684 (VIOLATED)
_14819_/RN                              2.500000    2.631684   -0.131684 (VIOLATED)
_14834_/RN                              2.500000    2.631684   -0.131684 (VIOLATED)
_14835_/RN                              2.500000    2.631684   -0.131684 (VIOLATED)
_14836_/RN                              2.500000    2.631684   -0.131684 (VIOLATED)
_14837_/RN                              2.500000    2.631684   -0.131684 (VIOLATED)
_14856_/RN                              2.500000    2.631684   -0.131684 (VIOLATED)
fanout567/Z                             2.500000    2.631684   -0.131684 (VIOLATED)
_13528_/ZN                              2.500000    2.628993   -0.128993 (VIOLATED)
_13529_/A2                              2.500000    2.628993   -0.128993 (VIOLATED)
_13624_/A2                              2.500000    2.628993   -0.128993 (VIOLATED)
_13629_/A2                              2.500000    2.628993   -0.128993 (VIOLATED)
max_cap200/I                            2.500000    2.628993   -0.128993 (VIOLATED)
_14175_/RN                              2.500000    2.624980   -0.124980 (VIOLATED)
_14191_/RN                              2.500000    2.624980   -0.124980 (VIOLATED)
_14221_/RN                              2.500000    2.624980   -0.124980 (VIOLATED)
_14255_/RN                              2.500000    2.624980   -0.124980 (VIOLATED)
_14271_/RN                              2.500000    2.624980   -0.124980 (VIOLATED)
_14299_/RN                              2.500000    2.624980   -0.124980 (VIOLATED)
_14349_/RN                              2.500000    2.624980   -0.124980 (VIOLATED)
_14365_/RN                              2.500000    2.624980   -0.124980 (VIOLATED)
_14381_/RN                              2.500000    2.624980   -0.124980 (VIOLATED)
_14397_/RN                              2.500000    2.624980   -0.124980 (VIOLATED)
fanout505/Z                             2.500000    2.624980   -0.124980 (VIOLATED)
_07670_/A2                              2.500000    2.623963   -0.123963 (VIOLATED)
_07733_/I                               2.500000    2.623963   -0.123963 (VIOLATED)
_07666_/A2                              2.500000    2.623962   -0.123962 (VIOLATED)
_07673_/A2                              2.500000    2.623960   -0.123960 (VIOLATED)
_07739_/A2                              2.500000    2.623954   -0.123954 (VIOLATED)
_07430_/Z                               2.500000    2.623945   -0.123945 (VIOLATED)
_07432_/A1                              2.500000    2.623945   -0.123945 (VIOLATED)
_07488_/A1                              2.500000    2.623945   -0.123945 (VIOLATED)
_07546_/A1                              2.500000    2.623945   -0.123945 (VIOLATED)
_07601_/A1                              2.500000    2.623945   -0.123945 (VIOLATED)
_07742_/A2                              2.500000    2.623945   -0.123945 (VIOLATED)
_14429_/RN                              2.500000    2.621619   -0.121619 (VIOLATED)
_14587_/RN                              2.500000    2.621619   -0.121619 (VIOLATED)
_14589_/RN                              2.500000    2.621619   -0.121619 (VIOLATED)
_14590_/RN                              2.500000    2.621619   -0.121619 (VIOLATED)
_14606_/RN                              2.500000    2.621619   -0.121619 (VIOLATED)
_14619_/RN                              2.500000    2.621619   -0.121619 (VIOLATED)
_14635_/RN                              2.500000    2.621619   -0.121619 (VIOLATED)
_14637_/RN                              2.500000    2.621619   -0.121619 (VIOLATED)
_14651_/RN                              2.500000    2.621619   -0.121619 (VIOLATED)
_14653_/RN                              2.500000    2.621619   -0.121619 (VIOLATED)
fanout546/Z                             2.500000    2.621619   -0.121619 (VIOLATED)
_14187_/RN                              2.500000    2.620574   -0.120574 (VIOLATED)
_14192_/RN                              2.500000    2.620574   -0.120574 (VIOLATED)
_14203_/RN                              2.500000    2.620574   -0.120574 (VIOLATED)
_14208_/RN                              2.500000    2.620574   -0.120574 (VIOLATED)
_14219_/RN                              2.500000    2.620574   -0.120574 (VIOLATED)
_14224_/RN                              2.500000    2.620574   -0.120574 (VIOLATED)
_14235_/RN                              2.500000    2.620574   -0.120574 (VIOLATED)
_14256_/RN                              2.500000    2.620574   -0.120574 (VIOLATED)
_14384_/RN                              2.500000    2.620574   -0.120574 (VIOLATED)
_14395_/RN                              2.500000    2.620574   -0.120574 (VIOLATED)
fanout490/Z                             2.500000    2.620574   -0.120574 (VIOLATED)
_14302_/RN                              2.500000    2.613650   -0.113650 (VIOLATED)
_14303_/RN                              2.500000    2.613650   -0.113650 (VIOLATED)
_14317_/RN                              2.500000    2.613650   -0.113650 (VIOLATED)
_14318_/RN                              2.500000    2.613650   -0.113650 (VIOLATED)
_14333_/RN                              2.500000    2.613650   -0.113650 (VIOLATED)
_14334_/RN                              2.500000    2.613650   -0.113650 (VIOLATED)
_14335_/RN                              2.500000    2.613650   -0.113650 (VIOLATED)
_14350_/RN                              2.500000    2.613650   -0.113650 (VIOLATED)
_14366_/RN                              2.500000    2.613650   -0.113650 (VIOLATED)
_14382_/RN                              2.500000    2.613650   -0.113650 (VIOLATED)
fanout506/Z                             2.500000    2.613650   -0.113650 (VIOLATED)
_14427_/RN                              2.500000    2.608191   -0.108191 (VIOLATED)
_14430_/RN                              2.500000    2.608191   -0.108191 (VIOLATED)
_14443_/RN                              2.500000    2.608191   -0.108191 (VIOLATED)
_14445_/RN                              2.500000    2.608191   -0.108191 (VIOLATED)
_14446_/RN                              2.500000    2.608191   -0.108191 (VIOLATED)
_14459_/RN                              2.500000    2.608191   -0.108191 (VIOLATED)
_14461_/RN                              2.500000    2.608191   -0.108191 (VIOLATED)
_14475_/RN                              2.500000    2.608191   -0.108191 (VIOLATED)
_14477_/RN                              2.500000    2.608191   -0.108191 (VIOLATED)
_14493_/RN                              2.500000    2.608191   -0.108191 (VIOLATED)
fanout544/Z                             2.500000    2.608191   -0.108191 (VIOLATED)
_08373_/ZN                              2.500000    2.608099   -0.108098 (VIOLATED)
_08389_/I0                              2.500000    2.608099   -0.108098 (VIOLATED)
_06919_/S                               2.500000    2.607257   -0.107257 (VIOLATED)
_06927_/A2                              2.500000    2.607257   -0.107257 (VIOLATED)
_06935_/S                               2.500000    2.607256   -0.107256 (VIOLATED)
_06895_/A2                              2.500000    2.607249   -0.107250 (VIOLATED)
_06889_/A2                              2.500000    2.607249   -0.107249 (VIOLATED)
_06932_/S                               2.500000    2.607245   -0.107245 (VIOLATED)
_07012_/A2                              2.500000    2.607237   -0.107237 (VIOLATED)
_07013_/A2                              2.500000    2.607237   -0.107237 (VIOLATED)
fanout353/I                             2.500000    2.607237   -0.107237 (VIOLATED)
fanout354/Z                             2.500000    2.607237   -0.107237 (VIOLATED)
_12271_/B                               2.500000    2.601339   -0.101339 (VIOLATED)
_11640_/A1                              2.500000    2.601338   -0.101338 (VIOLATED)
_12366_/B                               2.500000    2.601333   -0.101333 (VIOLATED)
_12253_/A1                              2.500000    2.601332   -0.101332 (VIOLATED)
_12365_/B                               2.500000    2.601332   -0.101332 (VIOLATED)
_11863_/A1                              2.500000    2.601328   -0.101328 (VIOLATED)
_12049_/A1                              2.500000    2.601316   -0.101316 (VIOLATED)
_12057_/B                               2.500000    2.601316   -0.101316 (VIOLATED)
_12141_/A1                              2.500000    2.601316   -0.101316 (VIOLATED)
_12157_/B                               2.500000    2.601316   -0.101316 (VIOLATED)
fanout451/Z                             2.500000    2.601316   -0.101316 (VIOLATED)
_09670_/S                               2.500000    2.597992   -0.097992 (VIOLATED)
_09668_/S                               2.500000    2.597991   -0.097991 (VIOLATED)
_09654_/ZN                              2.500000    2.597978   -0.097978 (VIOLATED)
_09655_/I                               2.500000    2.597978   -0.097978 (VIOLATED)
_09664_/S                               2.500000    2.597978   -0.097978 (VIOLATED)
_09666_/S                               2.500000    2.597978   -0.097978 (VIOLATED)
_09672_/I                               2.500000    2.597978   -0.097978 (VIOLATED)
_14691_/RN                              2.500000    2.596673   -0.096673 (VIOLATED)
_14692_/RN                              2.500000    2.596673   -0.096673 (VIOLATED)
_14695_/RN                              2.500000    2.596673   -0.096673 (VIOLATED)
_14715_/RN                              2.500000    2.596673   -0.096673 (VIOLATED)
_14717_/RN                              2.500000    2.596673   -0.096673 (VIOLATED)
_14718_/RN                              2.500000    2.596673   -0.096673 (VIOLATED)
_14719_/RN                              2.500000    2.596673   -0.096673 (VIOLATED)
_14720_/RN                              2.500000    2.596673   -0.096673 (VIOLATED)
_14721_/RN                              2.500000    2.596673   -0.096673 (VIOLATED)
fanout527/I                             2.500000    2.596673   -0.096673 (VIOLATED)
fanout528/Z                             2.500000    2.596673   -0.096673 (VIOLATED)
_08053_/ZN                              2.500000    2.596257   -0.096257 (VIOLATED)
_08069_/I2                              2.500000    2.596257   -0.096257 (VIOLATED)
_10111_/S                               2.500000    2.593607   -0.093607 (VIOLATED)
_10090_/Z                               2.500000    2.593597   -0.093597 (VIOLATED)
_10091_/S                               2.500000    2.593597   -0.093597 (VIOLATED)
_10093_/S                               2.500000    2.593597   -0.093597 (VIOLATED)
_10099_/S                               2.500000    2.593597   -0.093597 (VIOLATED)
max_cap31/I                             2.500000    2.593597   -0.093597 (VIOLATED)
_07152_/C                               2.500000    2.593424   -0.093423 (VIOLATED)
_07226_/C                               2.500000    2.593424   -0.093423 (VIOLATED)
_07302_/C                               2.500000    2.593424   -0.093423 (VIOLATED)
_06986_/S                               2.500000    2.593422   -0.093422 (VIOLATED)
_07296_/A1                              2.500000    2.593421   -0.093421 (VIOLATED)
_06891_/ZN                              2.500000    2.593411   -0.093411 (VIOLATED)
_06905_/A1                              2.500000    2.593411   -0.093411 (VIOLATED)
_06913_/C                               2.500000    2.593411   -0.093411 (VIOLATED)
_07067_/I                               2.500000    2.593411   -0.093411 (VIOLATED)
_07395_/S                               2.500000    2.591509   -0.091509 (VIOLATED)
_07182_/I                               2.500000    2.591509   -0.091509 (VIOLATED)
_07322_/A1                              2.500000    2.591507   -0.091507 (VIOLATED)
_07266_/A1                              2.500000    2.591505   -0.091505 (VIOLATED)
_06832_/ZN                              2.500000    2.591497   -0.091497 (VIOLATED)
_06883_/A1                              2.500000    2.591497   -0.091497 (VIOLATED)
_06884_/A1                              2.500000    2.591497   -0.091497 (VIOLATED)
_07062_/A1                              2.500000    2.591497   -0.091497 (VIOLATED)
_08329_/ZN                              2.500000    2.590495   -0.090495 (VIOLATED)
_08345_/I0                              2.500000    2.590495   -0.090495 (VIOLATED)
_07481_/ZN                              2.500000    2.588769   -0.088769 (VIOLATED)
_07482_/A2                              2.500000    2.588769   -0.088769 (VIOLATED)
_08201_/A1                              2.500000    2.581958   -0.081958 (VIOLATED)
_08223_/A1                              2.500000    2.581958   -0.081958 (VIOLATED)
_08199_/Z                               2.500000    2.581943   -0.081943 (VIOLATED)
_08245_/A1                              2.500000    2.581943   -0.081943 (VIOLATED)
_08267_/A1                              2.500000    2.581943   -0.081943 (VIOLATED)
_08289_/A1                              2.500000    2.581943   -0.081943 (VIOLATED)
_08311_/A1                              2.500000    2.581943   -0.081943 (VIOLATED)
_08333_/A1                              2.500000    2.581943   -0.081943 (VIOLATED)
_08355_/A1                              2.500000    2.581943   -0.081943 (VIOLATED)
_08377_/A1                              2.500000    2.581943   -0.081943 (VIOLATED)
_08399_/A1                              2.500000    2.581943   -0.081943 (VIOLATED)
_13101_/ZN                              2.500000    2.580676   -0.080676 (VIOLATED)
_13117_/A1                              2.500000    2.580676   -0.080676 (VIOLATED)
_13150_/B                               2.500000    2.580676   -0.080676 (VIOLATED)
_11514_/I                               2.500000    2.577200   -0.077200 (VIOLATED)
_12329_/A1                              2.500000    2.577199   -0.077199 (VIOLATED)
_12201_/A1                              2.500000    2.577197   -0.077197 (VIOLATED)
_12199_/A1                              2.500000    2.577197   -0.077196 (VIOLATED)
_12115_/A1                              2.500000    2.577195   -0.077195 (VIOLATED)
_11573_/B                               2.500000    2.577190   -0.077190 (VIOLATED)
_11732_/A1                              2.500000    2.577187   -0.077187 (VIOLATED)
_11730_/B                               2.500000    2.577184   -0.077184 (VIOLATED)
_11903_/B                               2.500000    2.577166   -0.077166 (VIOLATED)
_11905_/A1                              2.500000    2.577166   -0.077166 (VIOLATED)
fanout328/Z                             2.500000    2.577166   -0.077166 (VIOLATED)
_09119_/ZN                              2.500000    2.576945   -0.076945 (VIOLATED)
_09120_/A3                              2.500000    2.576945   -0.076945 (VIOLATED)
_09298_/A2                              2.500000    2.576945   -0.076945 (VIOLATED)
_09440_/A2                              2.500000    2.576945   -0.076945 (VIOLATED)
_09582_/I                               2.500000    2.576945   -0.076945 (VIOLATED)
_11906_/ZN                              2.500000    2.574730   -0.074730 (VIOLATED)
_11907_/A3                              2.500000    2.574730   -0.074730 (VIOLATED)
_11940_/A2                              2.500000    2.574730   -0.074730 (VIOLATED)
_11941_/A2                              2.500000    2.574730   -0.074730 (VIOLATED)
_14533_/RN                              2.500000    2.573945   -0.073945 (VIOLATED)
_14534_/RN                              2.500000    2.573945   -0.073945 (VIOLATED)
_14549_/RN                              2.500000    2.573945   -0.073945 (VIOLATED)
_14550_/RN                              2.500000    2.573945   -0.073945 (VIOLATED)
_14551_/RN                              2.500000    2.573945   -0.073945 (VIOLATED)
_14842_/SETN                            2.500000    2.573945   -0.073945 (VIOLATED)
_14897_/RN                              2.500000    2.573945   -0.073945 (VIOLATED)
_14898_/RN                              2.500000    2.573945   -0.073945 (VIOLATED)
_14899_/RN                              2.500000    2.573945   -0.073945 (VIOLATED)
_14900_/RN                              2.500000    2.573945   -0.073945 (VIOLATED)
fanout541/Z                             2.500000    2.573945   -0.073945 (VIOLATED)
_07430_/I                               2.500000    2.570987   -0.070987 (VIOLATED)
_07424_/B1                              2.500000    2.570986   -0.070986 (VIOLATED)
_07481_/B1                              2.500000    2.570985   -0.070985 (VIOLATED)
_07334_/A1                              2.500000    2.570982   -0.070982 (VIOLATED)
_07329_/B1                              2.500000    2.570982   -0.070982 (VIOLATED)
_07339_/A1                              2.500000    2.570982   -0.070982 (VIOLATED)
_07236_/B1                              2.500000    2.570978   -0.070978 (VIOLATED)
_07233_/Z                               2.500000    2.570968   -0.070968 (VIOLATED)
_07273_/B1                              2.500000    2.570968   -0.070968 (VIOLATED)
_07278_/A1                              2.500000    2.570968   -0.070968 (VIOLATED)
_07284_/A1                              2.500000    2.570968   -0.070968 (VIOLATED)
_14166_/RN                              2.500000    2.562252   -0.062252 (VIOLATED)
_14169_/RN                              2.500000    2.562252   -0.062252 (VIOLATED)
_14182_/RN                              2.500000    2.562252   -0.062252 (VIOLATED)
_14185_/RN                              2.500000    2.562252   -0.062252 (VIOLATED)
_14230_/RN                              2.500000    2.562252   -0.062252 (VIOLATED)
_14233_/RN                              2.500000    2.562252   -0.062252 (VIOLATED)
_14249_/RN                              2.500000    2.562252   -0.062252 (VIOLATED)
_14265_/RN                              2.500000    2.562252   -0.062252 (VIOLATED)
_14361_/RN                              2.500000    2.562252   -0.062252 (VIOLATED)
_14409_/RN                              2.500000    2.562252   -0.062252 (VIOLATED)
fanout470/Z                             2.500000    2.562252   -0.062252 (VIOLATED)
_07821_/S0                              2.500000    2.559256   -0.059255 (VIOLATED)
_07765_/S0                              2.500000    2.559255   -0.059255 (VIOLATED)
_07421_/A1                              2.500000    2.559247   -0.059247 (VIOLATED)
_07406_/Z                               2.500000    2.559239   -0.059239 (VIOLATED)
_07564_/S                               2.500000    2.559239   -0.059239 (VIOLATED)
_07571_/C                               2.500000    2.559239   -0.059239 (VIOLATED)
_07572_/A1                              2.500000    2.559239   -0.059239 (VIOLATED)
_07632_/S0                              2.500000    2.559239   -0.059239 (VIOLATED)
max_cap179/I                            2.500000    2.559239   -0.059239 (VIOLATED)
_09439_/A1                              2.500000    2.558089   -0.058089 (VIOLATED)
_09225_/A1                              2.500000    2.558088   -0.058088 (VIOLATED)
_09404_/A1                              2.500000    2.558088   -0.058088 (VIOLATED)
_09261_/A1                              2.500000    2.558087   -0.058087 (VIOLATED)
_09334_/A1                              2.500000    2.558087   -0.058087 (VIOLATED)
_09297_/A1                              2.500000    2.558085   -0.058085 (VIOLATED)
_09369_/A1                              2.500000    2.558085   -0.058085 (VIOLATED)
_09511_/A1                              2.500000    2.558079   -0.058078 (VIOLATED)
_09223_/Z                               2.500000    2.558068   -0.058068 (VIOLATED)
_09476_/A1                              2.500000    2.558068   -0.058068 (VIOLATED)
_09546_/A1                              2.500000    2.558068   -0.058068 (VIOLATED)
_10700_/S                               2.500000    2.555599   -0.055599 (VIOLATED)
_10693_/Z                               2.500000    2.555590   -0.055590 (VIOLATED)
_10694_/S                               2.500000    2.555590   -0.055590 (VIOLATED)
_10696_/S                               2.500000    2.555590   -0.055590 (VIOLATED)
_10698_/S                               2.500000    2.555590   -0.055590 (VIOLATED)
_10702_/S                               2.500000    2.555590   -0.055590 (VIOLATED)
max_cap83/I                             2.500000    2.555590   -0.055590 (VIOLATED)
_11672_/A1                              2.500000    2.551922   -0.051922 (VIOLATED)
_11735_/A1                              2.500000    2.551922   -0.051922 (VIOLATED)
_11734_/A1                              2.500000    2.551922   -0.051922 (VIOLATED)
_11738_/A1                              2.500000    2.551920   -0.051920 (VIOLATED)
_11962_/A1                              2.500000    2.551914   -0.051914 (VIOLATED)
_11952_/A3                              2.500000    2.551907   -0.051907 (VIOLATED)
_12315_/A2                              2.500000    2.551905   -0.051905 (VIOLATED)
_12313_/A1                              2.500000    2.551905   -0.051905 (VIOLATED)
fanout389/Z                             2.500000    2.551897   -0.051896 (VIOLATED)
load_slew390/I                          2.500000    2.551897   -0.051896 (VIOLATED)
_14433_/RN                              2.500000    2.551107   -0.051107 (VIOLATED)
_14512_/RN                              2.500000    2.551106   -0.051106 (VIOLATED)
_14531_/RN                              2.500000    2.551106   -0.051106 (VIOLATED)
_14497_/RN                              2.500000    2.551105   -0.051105 (VIOLATED)
_14528_/RN                              2.500000    2.551105   -0.051105 (VIOLATED)
_14529_/RN                              2.500000    2.551105   -0.051105 (VIOLATED)
_14513_/RN                              2.500000    2.551104   -0.051104 (VIOLATED)
_14530_/RN                              2.500000    2.551093   -0.051093 (VIOLATED)
_14636_/RN                              2.500000    2.551093   -0.051093 (VIOLATED)
_14652_/RN                              2.500000    2.551093   -0.051093 (VIOLATED)
fanout518/Z                             2.500000    2.551093   -0.051093 (VIOLATED)
_08023_/I                               2.500000    2.550535   -0.050535 (VIOLATED)
_08036_/I                               2.500000    2.550534   -0.050534 (VIOLATED)
_08022_/Z                               2.500000    2.550520   -0.050520 (VIOLATED)
_08047_/I                               2.500000    2.550520   -0.050520 (VIOLATED)
_08058_/I                               2.500000    2.550520   -0.050520 (VIOLATED)
_08107_/I                               2.500000    2.550520   -0.050520 (VIOLATED)
_08146_/I                               2.500000    2.550520   -0.050520 (VIOLATED)
_08336_/A3                              2.500000    2.550520   -0.050520 (VIOLATED)
_08358_/A3                              2.500000    2.550520   -0.050520 (VIOLATED)
_08380_/A3                              2.500000    2.550520   -0.050520 (VIOLATED)
_08402_/A3                              2.500000    2.550520   -0.050520 (VIOLATED)
_07359_/ZN                              2.500000    2.550215   -0.050215 (VIOLATED)
_07360_/A2                              2.500000    2.550215   -0.050215 (VIOLATED)
_07368_/B2                              2.500000    2.550215   -0.050215 (VIOLATED)
_07373_/A2                              2.500000    2.550215   -0.050215 (VIOLATED)
_07374_/I0                              2.500000    2.550215   -0.050215 (VIOLATED)
_07380_/A1                              2.500000    2.550215   -0.050215 (VIOLATED)
_07386_/B2                              2.500000    2.550215   -0.050215 (VIOLATED)
_12465_/ZN                              2.500000    2.549661   -0.049661 (VIOLATED)
_12466_/A2                              2.500000    2.549661   -0.049661 (VIOLATED)
max_cap205/I                            2.500000    2.549661   -0.049661 (VIOLATED)
_09145_/A2                              2.500000    2.546362   -0.046362 (VIOLATED)
_09201_/I                               2.500000    2.546362   -0.046362 (VIOLATED)
_09567_/A1                              2.500000    2.546360   -0.046360 (VIOLATED)
_13303_/A1                              2.500000    2.546360   -0.046360 (VIOLATED)
_09143_/Z                               2.500000    2.546352   -0.046352 (VIOLATED)
_09604_/A1                              2.500000    2.546352   -0.046352 (VIOLATED)
_09639_/A1                              2.500000    2.546352   -0.046352 (VIOLATED)
_09674_/A1                              2.500000    2.546352   -0.046352 (VIOLATED)
_09709_/A1                              2.500000    2.546352   -0.046352 (VIOLATED)
_13315_/A1                              2.500000    2.546352   -0.046352 (VIOLATED)
_14576_/RN                              2.500000    2.545481   -0.045481 (VIOLATED)
_14591_/RN                              2.500000    2.545481   -0.045481 (VIOLATED)
_14595_/RN                              2.500000    2.545481   -0.045481 (VIOLATED)
_14607_/RN                              2.500000    2.545481   -0.045481 (VIOLATED)
_14611_/RN                              2.500000    2.545481   -0.045481 (VIOLATED)
_14623_/RN                              2.500000    2.545481   -0.045481 (VIOLATED)
_14625_/RN                              2.500000    2.545481   -0.045481 (VIOLATED)
_14639_/RN                              2.500000    2.545481   -0.045481 (VIOLATED)
_14655_/RN                              2.500000    2.545481   -0.045481 (VIOLATED)
fanout550/I                             2.500000    2.545481   -0.045481 (VIOLATED)
fanout551/Z                             2.500000    2.545481   -0.045481 (VIOLATED)
_13486_/A2                              2.500000    2.537500   -0.037500 (VIOLATED)
_08474_/S1                              2.500000    2.537500   -0.037500 (VIOLATED)
_13483_/A2                              2.500000    2.537499   -0.037499 (VIOLATED)
_08448_/S1                              2.500000    2.537496   -0.037496 (VIOLATED)
_08473_/S1                              2.500000    2.537492   -0.037492 (VIOLATED)
_08447_/S1                              2.500000    2.537492   -0.037492 (VIOLATED)
_08438_/S1                              2.500000    2.537491   -0.037491 (VIOLATED)
_08453_/S1                              2.500000    2.537491   -0.037491 (VIOLATED)
_08452_/S1                              2.500000    2.537481   -0.037481 (VIOLATED)
_13481_/A1                              2.500000    2.537481   -0.037481 (VIOLATED)
fanout590/Z                             2.500000    2.537481   -0.037481 (VIOLATED)
_14177_/RN                              2.500000    2.532892   -0.032892 (VIOLATED)
_14178_/RN                              2.500000    2.532892   -0.032892 (VIOLATED)
_14193_/RN                              2.500000    2.532892   -0.032892 (VIOLATED)
_14209_/RN                              2.500000    2.532892   -0.032892 (VIOLATED)
_14225_/RN                              2.500000    2.532892   -0.032892 (VIOLATED)
_14241_/RN                              2.500000    2.532892   -0.032892 (VIOLATED)
_14257_/RN                              2.500000    2.532892   -0.032892 (VIOLATED)
_14273_/RN                              2.500000    2.532892   -0.032892 (VIOLATED)
_14353_/RN                              2.500000    2.532892   -0.032892 (VIOLATED)
_14400_/RN                              2.500000    2.532892   -0.032892 (VIOLATED)
fanout491/Z                             2.500000    2.532892   -0.032892 (VIOLATED)
_12375_/ZN                              2.500000    2.532674   -0.032674 (VIOLATED)
_12376_/A3                              2.500000    2.532674   -0.032674 (VIOLATED)
_12518_/A2                              2.500000    2.532674   -0.032674 (VIOLATED)
_12519_/A2                              2.500000    2.532674   -0.032674 (VIOLATED)
_06920_/ZN                              2.500000    2.531991   -0.031992 (VIOLATED)
_06922_/A2                              2.500000    2.531991   -0.031992 (VIOLATED)
_06928_/B                               2.500000    2.531991   -0.031992 (VIOLATED)
_06936_/B1                              2.500000    2.531991   -0.031992 (VIOLATED)
_07010_/B1                              2.500000    2.531991   -0.031992 (VIOLATED)
_07084_/I                               2.500000    2.531991   -0.031992 (VIOLATED)
_07088_/B                               2.500000    2.531991   -0.031992 (VIOLATED)
_07095_/B1                              2.500000    2.531991   -0.031992 (VIOLATED)
_07100_/B                               2.500000    2.531991   -0.031992 (VIOLATED)
_14539_/RN                              2.500000    2.528314   -0.028314 (VIOLATED)
_14540_/RN                              2.500000    2.528314   -0.028314 (VIOLATED)
_14541_/RN                              2.500000    2.528314   -0.028314 (VIOLATED)
_14555_/RN                              2.500000    2.528314   -0.028314 (VIOLATED)
_14556_/RN                              2.500000    2.528314   -0.028314 (VIOLATED)
_14571_/RN                              2.500000    2.528314   -0.028314 (VIOLATED)
_14572_/RN                              2.500000    2.528314   -0.028314 (VIOLATED)
_14603_/RN                              2.500000    2.528314   -0.028314 (VIOLATED)
_14904_/RN                              2.500000    2.528314   -0.028314 (VIOLATED)
_14905_/RN                              2.500000    2.528314   -0.028314 (VIOLATED)
fanout553/Z                             2.500000    2.528314   -0.028314 (VIOLATED)
_10867_/Z                               2.500000    2.526984   -0.026984 (VIOLATED)
_10868_/I                               2.500000    2.526984   -0.026984 (VIOLATED)
_11003_/A1                              2.500000    2.526984   -0.026984 (VIOLATED)
_11015_/A1                              2.500000    2.526984   -0.026984 (VIOLATED)
_11041_/A1                              2.500000    2.526984   -0.026984 (VIOLATED)
_11080_/A1                              2.500000    2.526984   -0.026984 (VIOLATED)
_11088_/A1                              2.500000    2.526984   -0.026984 (VIOLATED)
_11096_/A1                              2.500000    2.526984   -0.026984 (VIOLATED)
_11155_/A1                              2.500000    2.526984   -0.026984 (VIOLATED)
_11192_/A1                              2.500000    2.526984   -0.026984 (VIOLATED)
_11221_/C                               2.500000    2.526984   -0.026984 (VIOLATED)
_13571_/S1                              2.500000    2.525026   -0.025026 (VIOLATED)
_13566_/S1                              2.500000    2.525025   -0.025025 (VIOLATED)
_13567_/S1                              2.500000    2.525023   -0.025023 (VIOLATED)
_13561_/S1                              2.500000    2.525022   -0.025022 (VIOLATED)
_13576_/S1                              2.500000    2.525021   -0.025021 (VIOLATED)
_13544_/S1                              2.500000    2.525013   -0.025013 (VIOLATED)
_13562_/S1                              2.500000    2.525013   -0.025013 (VIOLATED)
_13577_/S1                              2.500000    2.525013   -0.025013 (VIOLATED)
_13606_/S1                              2.500000    2.525013   -0.025013 (VIOLATED)
_13626_/S1                              2.500000    2.525013   -0.025013 (VIOLATED)
fanout578/Z                             2.500000    2.525013   -0.025013 (VIOLATED)
_14543_/RN                              2.500000    2.523455   -0.023455 (VIOLATED)
_14544_/RN                              2.500000    2.523455   -0.023455 (VIOLATED)
_14559_/RN                              2.500000    2.523455   -0.023455 (VIOLATED)
_14560_/RN                              2.500000    2.523455   -0.023455 (VIOLATED)
_14563_/RN                              2.500000    2.523455   -0.023455 (VIOLATED)
_14575_/RN                              2.500000    2.523455   -0.023455 (VIOLATED)
_14579_/RN                              2.500000    2.523455   -0.023455 (VIOLATED)
_14854_/RN                              2.500000    2.523455   -0.023455 (VIOLATED)
_14908_/RN                              2.500000    2.523455   -0.023455 (VIOLATED)
_14909_/RN                              2.500000    2.523455   -0.023455 (VIOLATED)
fanout556/Z                             2.500000    2.523455   -0.023455 (VIOLATED)
_07715_/B1                              2.500000    2.523233   -0.023233 (VIOLATED)
_07721_/B1                              2.500000    2.523232   -0.023232 (VIOLATED)
_07832_/B1                              2.500000    2.523229   -0.023229 (VIOLATED)
_07782_/B1                              2.500000    2.523227   -0.023227 (VIOLATED)
_07710_/Z                               2.500000    2.523219   -0.023219 (VIOLATED)
_07776_/B1                              2.500000    2.523219   -0.023219 (VIOLATED)
_07834_/B1                              2.500000    2.523219   -0.023219 (VIOLATED)
_07837_/B1                              2.500000    2.523219   -0.023219 (VIOLATED)
_07919_/A1                              2.500000    2.523219   -0.023219 (VIOLATED)
_07926_/A1                              2.500000    2.523219   -0.023219 (VIOLATED)
_07930_/A1                              2.500000    2.523219   -0.023219 (VIOLATED)
_13607_/S1                              2.500000    2.516328   -0.016328 (VIOLATED)
_13622_/S1                              2.500000    2.516328   -0.016328 (VIOLATED)
_13621_/S1                              2.500000    2.516327   -0.016326 (VIOLATED)
_13545_/S1                              2.500000    2.516324   -0.016324 (VIOLATED)
_13627_/S1                              2.500000    2.516318   -0.016318 (VIOLATED)
_07995_/A2                              2.500000    2.516309   -0.016309 (VIOLATED)
_13504_/A1                              2.500000    2.516309   -0.016309 (VIOLATED)
_13508_/A2                              2.500000    2.516309   -0.016309 (VIOLATED)
_13616_/S1                              2.500000    2.516309   -0.016309 (VIOLATED)
_13617_/S1                              2.500000    2.516309   -0.016309 (VIOLATED)
fanout580/Z                             2.500000    2.516309   -0.016309 (VIOLATED)
_08115_/S                               2.500000    2.515233   -0.015233 (VIOLATED)
_08062_/S                               2.500000    2.515232   -0.015232 (VIOLATED)
_08061_/Z                               2.500000    2.515223   -0.015223 (VIOLATED)
_08089_/S                               2.500000    2.515223   -0.015223 (VIOLATED)
_08371_/S                               2.500000    2.515223   -0.015223 (VIOLATED)
_08393_/S                               2.500000    2.515223   -0.015223 (VIOLATED)
max_cap190/I                            2.500000    2.515223   -0.015223 (VIOLATED)
_12831_/A2                              2.500000    2.515110   -0.015110 (VIOLATED)
_12847_/A2                              2.500000    2.515110   -0.015110 (VIOLATED)
_12830_/ZN                              2.500000    2.515098   -0.015098 (VIOLATED)
_12835_/A1                              2.500000    2.515098   -0.015098 (VIOLATED)
_11340_/ZN                              2.500000    2.514935   -0.014934 (VIOLATED)
_11341_/A2                              2.500000    2.514935   -0.014934 (VIOLATED)
_11360_/A2                              2.500000    2.514935   -0.014934 (VIOLATED)
_11407_/A2                              2.500000    2.514935   -0.014934 (VIOLATED)
_14170_/RN                              2.500000    2.510997   -0.010997 (VIOLATED)
_14172_/RN                              2.500000    2.510997   -0.010997 (VIOLATED)
_14186_/RN                              2.500000    2.510997   -0.010997 (VIOLATED)
_14188_/RN                              2.500000    2.510997   -0.010997 (VIOLATED)
_14202_/RN                              2.500000    2.510997   -0.010997 (VIOLATED)
_14218_/RN                              2.500000    2.510997   -0.010997 (VIOLATED)
_14234_/RN                              2.500000    2.510997   -0.010997 (VIOLATED)
_14394_/RN                              2.500000    2.510997   -0.010997 (VIOLATED)
_14410_/RN                              2.500000    2.510997   -0.010997 (VIOLATED)
_14412_/RN                              2.500000    2.510997   -0.010997 (VIOLATED)
fanout485/Z                             2.500000    2.510997   -0.010997 (VIOLATED)
_12646_/B                               2.500000    2.510916   -0.010915 (VIOLATED)
_12567_/B                               2.500000    2.510914   -0.010914 (VIOLATED)
_12641_/A1                              2.500000    2.510913   -0.010913 (VIOLATED)
_12801_/A1                              2.500000    2.510911   -0.010911 (VIOLATED)
_12493_/A1                              2.500000    2.510902   -0.010902 (VIOLATED)
_12497_/B2                              2.500000    2.510902   -0.010902 (VIOLATED)
_12562_/A1                              2.500000    2.510902   -0.010902 (VIOLATED)
_12563_/A2                              2.500000    2.510902   -0.010902 (VIOLATED)
_12642_/A2                              2.500000    2.510902   -0.010902 (VIOLATED)
_12802_/A2                              2.500000    2.510902   -0.010902 (VIOLATED)
fanout391/Z                             2.500000    2.510902   -0.010902 (VIOLATED)
_06931_/ZN                              2.500000    2.509864   -0.009864 (VIOLATED)
_07008_/A1                              2.500000    2.509864   -0.009864 (VIOLATED)
_07019_/B                               2.500000    2.509864   -0.009864 (VIOLATED)
wire234/I                               2.500000    2.509864   -0.009864 (VIOLATED)
_07751_/A2                              2.500000    2.509038   -0.009038 (VIOLATED)
_07762_/A2                              2.500000    2.509037   -0.009037 (VIOLATED)
_07758_/A2                              2.500000    2.509037   -0.009037 (VIOLATED)
_07689_/A2                              2.500000    2.509031   -0.009031 (VIOLATED)
_07682_/A2                              2.500000    2.509029   -0.009029 (VIOLATED)
_07448_/Z                               2.500000    2.509021   -0.009021 (VIOLATED)
_07449_/A2                              2.500000    2.509021   -0.009021 (VIOLATED)
_07454_/A2                              2.500000    2.509021   -0.009021 (VIOLATED)
_07464_/I                               2.500000    2.509021   -0.009021 (VIOLATED)
_07671_/C                               2.500000    2.509021   -0.009021 (VIOLATED)
_07693_/A2                              2.500000    2.509021   -0.009021 (VIOLATED)
_14901_/RN                              2.500000    2.504456   -0.004456 (VIOLATED)
_14902_/RN                              2.500000    2.504455   -0.004455 (VIOLATED)
_14538_/RN                              2.500000    2.504455   -0.004455 (VIOLATED)
_14552_/RN                              2.500000    2.504454   -0.004454 (VIOLATED)
_14554_/RN                              2.500000    2.504454   -0.004454 (VIOLATED)
_14570_/RN                              2.500000    2.504454   -0.004454 (VIOLATED)
_14569_/RN                              2.500000    2.504453   -0.004453 (VIOLATED)
_14537_/RN                              2.500000    2.504452   -0.004452 (VIOLATED)
_14553_/RN                              2.500000    2.504442   -0.004442 (VIOLATED)
fanout541/I                             2.500000    2.504442   -0.004442 (VIOLATED)
fanout542/Z                             2.500000    2.504442   -0.004442 (VIOLATED)

max fanout

Pin                                   Limit Fanout  Slack
---------------------------------------------------------
clkbuf_leaf_30_clk/Z                     10     22    -12 (VIOLATED)
clkbuf_leaf_36_clk/Z                     10     21    -11 (VIOLATED)
clkbuf_leaf_39_clk/Z                     10     21    -11 (VIOLATED)
clkbuf_leaf_40_clk/Z                     10     21    -11 (VIOLATED)
clkbuf_leaf_68_clk/Z                     10     21    -11 (VIOLATED)
clkbuf_leaf_37_clk/Z                     10     20    -10 (VIOLATED)
clkbuf_leaf_38_clk/Z                     10     20    -10 (VIOLATED)
clkbuf_leaf_44_clk/Z                     10     20    -10 (VIOLATED)
clkbuf_leaf_45_clk/Z                     10     20    -10 (VIOLATED)
clkbuf_leaf_49_clk/Z                     10     20    -10 (VIOLATED)
clkbuf_leaf_52_clk/Z                     10     20    -10 (VIOLATED)
clkbuf_leaf_5_clk/Z                      10     20    -10 (VIOLATED)
clkbuf_leaf_69_clk/Z                     10     20    -10 (VIOLATED)
clkbuf_leaf_0_clk/Z                      10     19     -9 (VIOLATED)
clkbuf_leaf_10_clk/Z                     10     19     -9 (VIOLATED)
clkbuf_leaf_11_clk/Z                     10     19     -9 (VIOLATED)
clkbuf_leaf_15_clk/Z                     10     19     -9 (VIOLATED)
clkbuf_leaf_1_clk/Z                      10     19     -9 (VIOLATED)
clkbuf_leaf_2_clk/Z                      10     19     -9 (VIOLATED)
clkbuf_leaf_31_clk/Z                     10     19     -9 (VIOLATED)
clkbuf_leaf_35_clk/Z                     10     19     -9 (VIOLATED)
clkbuf_leaf_42_clk/Z                     10     19     -9 (VIOLATED)
clkbuf_leaf_43_clk/Z                     10     19     -9 (VIOLATED)
clkbuf_leaf_46_clk/Z                     10     19     -9 (VIOLATED)
clkbuf_leaf_47_clk/Z                     10     19     -9 (VIOLATED)
clkbuf_leaf_48_clk/Z                     10     19     -9 (VIOLATED)
clkbuf_leaf_4_clk/Z                      10     19     -9 (VIOLATED)
clkbuf_leaf_50_clk/Z                     10     19     -9 (VIOLATED)
clkbuf_leaf_60_clk/Z                     10     19     -9 (VIOLATED)
clkbuf_leaf_61_clk/Z                     10     19     -9 (VIOLATED)
clkbuf_leaf_62_clk/Z                     10     19     -9 (VIOLATED)
clkbuf_leaf_63_clk/Z                     10     19     -9 (VIOLATED)
clkbuf_leaf_64_clk/Z                     10     19     -9 (VIOLATED)
clkbuf_leaf_65_clk/Z                     10     19     -9 (VIOLATED)
clkbuf_leaf_67_clk/Z                     10     19     -9 (VIOLATED)
clkbuf_leaf_6_clk/Z                      10     19     -9 (VIOLATED)
clkbuf_leaf_70_clk/Z                     10     19     -9 (VIOLATED)
clkbuf_leaf_72_clk/Z                     10     19     -9 (VIOLATED)
clkbuf_leaf_73_clk/Z                     10     19     -9 (VIOLATED)
clkbuf_leaf_16_clk/Z                     10     18     -8 (VIOLATED)
clkbuf_leaf_20_clk/Z                     10     18     -8 (VIOLATED)
clkbuf_leaf_21_clk/Z                     10     18     -8 (VIOLATED)
clkbuf_leaf_22_clk/Z                     10     18     -8 (VIOLATED)
clkbuf_leaf_24_clk/Z                     10     18     -8 (VIOLATED)
clkbuf_leaf_25_clk/Z                     10     18     -8 (VIOLATED)
clkbuf_leaf_26_clk/Z                     10     18     -8 (VIOLATED)
clkbuf_leaf_27_clk/Z                     10     18     -8 (VIOLATED)
clkbuf_leaf_28_clk/Z                     10     18     -8 (VIOLATED)
clkbuf_leaf_29_clk/Z                     10     18     -8 (VIOLATED)
clkbuf_leaf_33_clk/Z                     10     18     -8 (VIOLATED)
clkbuf_leaf_34_clk/Z                     10     18     -8 (VIOLATED)
clkbuf_leaf_3_clk/Z                      10     18     -8 (VIOLATED)
clkbuf_leaf_51_clk/Z                     10     18     -8 (VIOLATED)
clkbuf_leaf_58_clk/Z                     10     18     -8 (VIOLATED)
clkbuf_leaf_66_clk/Z                     10     18     -8 (VIOLATED)
clkbuf_leaf_71_clk/Z                     10     18     -8 (VIOLATED)
clkbuf_leaf_7_clk/Z                      10     18     -8 (VIOLATED)
clkbuf_leaf_9_clk/Z                      10     18     -8 (VIOLATED)
clkbuf_leaf_41_clk/Z                     10     17     -7 (VIOLATED)
clkbuf_leaf_74_clk/Z                     10     17     -7 (VIOLATED)
clkbuf_leaf_8_clk/Z                      10     17     -7 (VIOLATED)
clkbuf_leaf_12_clk/Z                     10     16     -6 (VIOLATED)
clkbuf_leaf_18_clk/Z                     10     16     -6 (VIOLATED)
clkbuf_leaf_19_clk/Z                     10     16     -6 (VIOLATED)
clkbuf_leaf_23_clk/Z                     10     16     -6 (VIOLATED)
clkbuf_leaf_32_clk/Z                     10     16     -6 (VIOLATED)
clkbuf_leaf_55_clk/Z                     10     16     -6 (VIOLATED)
clkbuf_leaf_17_clk/Z                     10     15     -5 (VIOLATED)
clkbuf_leaf_53_clk/Z                     10     15     -5 (VIOLATED)
clkbuf_leaf_54_clk/Z                     10     15     -5 (VIOLATED)
clkbuf_leaf_57_clk/Z                     10     15     -5 (VIOLATED)
clkbuf_leaf_59_clk/Z                     10     15     -5 (VIOLATED)
clkbuf_leaf_56_clk/Z                     10     14     -4 (VIOLATED)
clkbuf_leaf_13_clk/Z                     10     13     -3 (VIOLATED)
clkbuf_leaf_14_clk/Z                     10     13     -3 (VIOLATED)



===========================================================================
report_parasitic_annotation -report_unannotated
============================================================================
Found 61 unannotated drivers.
 _14978_/Z
 _14979_/Z
 clkload0/Z
 clkload1/Z
 clkload10/Z
 clkload11/ZN
 clkload12/ZN
 clkload13/ZN
 clkload14/ZN
 clkload15/Z
 clkload16/Z
 clkload17/Z
 clkload18/ZN
 clkload19/ZN
 clkload2/Z
 clkload20/Z
 clkload21/ZN
 clkload22/ZN
 clkload23/Z
 clkload24/ZN
 clkload25/Z
 clkload26/ZN
 clkload27/Z
 clkload28/ZN
 clkload29/Z
 clkload3/Z
 clkload30/Z
 clkload31/ZN
 clkload32/Z
 clkload33/ZN
 clkload34/ZN
 clkload35/ZN
 clkload36/ZN
 clkload37/Z
 clkload38/Z
 clkload39/ZN
 clkload4/Z
 clkload40/ZN
 clkload41/Z
 clkload42/ZN
 clkload43/ZN
 clkload44/ZN
 clkload45/ZN
 clkload46/ZN
 clkload47/ZN
 clkload48/Z
 clkload49/Z
 clkload5/Z
 clkload50/ZN
 clkload51/Z
 clkload52/Z
 clkload53/Z
 clkload54/ZN
 clkload55/ZN
 clkload56/ZN
 clkload57/Z
 clkload58/ZN
 clkload6/Z
 clkload7/Z
 clkload8/ZN
 clkload9/Z
Found 0 partially unannotated drivers.

===========================================================================
max slew violation count 1296
max fanout violation count 75
max cap violation count 0
============================================================================

===========================================================================
check_setup -verbose -unconstrained_endpoints -multiple_clock -no_clock -no_input_delay -loops -generated_clocks
===========================================================================
